timestamp,price,market,volume,temperature,wind_speed,solar_irradiance,hour,day_of_week,month,is_weekend,price_lag_1,price_lag_3,price_lag_12,price_lag_24,price_rolling_mean_6,price_rolling_std_6,price_rolling_mean_12,price_rolling_std_12,price_rolling_mean_24,price_rolling_std_24,temp_squared,wind_solar_interaction
2025-03-16 11:00:00,36.95732203863747,DE,434.26075992056747,17.65295971532819,5.090430413984448,665.5733963013831,11,6,3,1,36.44782242404014,49.24848016404843,41.53057569656677,42.16280642631955,46.28467809544083,8.805434583823091,46.181988040498595,7.949614429779147,39.04491341261177,9.821363976343319,311.626986711,3388.055059271485
2025-03-16 12:00:00,36.36338047556545,DE,487.3533528954157,16.40768106775888,4.765246231855954,762.8574608431286,12,6,3,1,36.95732203863747,47.55813593202802,34.62483124969489,35.11744602116019,44.45506887585524,9.642715660521874,46.326867142654486,7.732724836573254,39.09682734821199,9.802977177776699,269.21199802129314,3635.2036407259197
2025-03-16 13:00:00,26.468957072352033,DE,169.5138909780751,14.48367370884289,6.800841611994717,661.3072848503626,13,6,3,1,36.36338047556545,36.44782242404014,39.15148587797129,35.46236764996701,38.84068301777859,8.399829616168097,45.269989742186205,9.473369302566642,38.72210190747803,10.114875112099766,209.77680410422676,4497.44610112559
2025-03-16 14:00:00,31.047499147080295,DE,77.69643940161049,18.887992105565523,2.427486368685783,671.0315722350347,14,6,3,1,26.468957072352033,36.95732203863747,48.019553298443206,36.784158337392064,35.80718618161723,7.070849213183349,43.8556518962393,10.259837433760737,38.483074441215045,10.229791849226716,356.7562457799055,1628.919994558336
2025-03-16 15:00:00,23.849013835465232,DE,-184.885609962918,21.30508755275592,6.5480804046171635,560.9395596295182,15,6,3,1,31.047499147080295,36.36338047556545,48.08363711326863,25.68144041144258,31.85566583219011,5.678213281831777,41.83609995642235,11.643779193149973,38.406723333882645,10.335781532865777,453.9067556305953,3673.0773385846287
2025-03-16 16:00:00,23.97293711156862,DE,-167.6593511144001,18.33276543738431,9.672354319026983,562.896092496181,16,6,3,1,23.849013835465232,26.468957072352033,56.13983080244136,24.260721075789103,29.776518280111517,5.938398993479764,39.15552548218295,11.753620909978173,38.39473233537346,10.35305897159902,336.09028858215277,5444.530451418849
2025-03-16 17:00:00,21.994896989728154,DE,-303.2998342678009,19.608622964616135,2.897387063267657,474.86205272539246,17,6,3,1,23.97293711156862,31.047499147080295,50.4564495715188,32.899494128412094,27.282780771959963,5.440592610367434,36.7837294337004,12.13145774230327,37.940374121261634,10.83287358947563,384.4980945684713,1375.8591684032763
2025-03-16 18:00:00,34.8588366227892,DE,-245.17465059546655,19.892076840274203,6.003147407674069,442.43044166482065,18,6,3,1,21.994896989728154,23.849013835465232,47.34103579307904,29.43461934600905,27.03202346316392,4.951005870935718,35.74354616950958,11.670318436789193,38.166383174460805,10.703511292164903,395.69472101937333,2655.9751589562616
2025-03-16 19:00:00,27.105485500106198,DE,177.7654461770337,17.941615214488344,4.29977071686006,250.63513693915715,19,6,3,1,34.8588366227892,23.97293711156862,60.1552722208119,24.825599694121106,27.138111534456282,4.943341390342898,32.98939727611744,8.97379693824528,38.26137841637685,10.589471631036453,321.90155650475964,1077.673622427199
2025-03-16 20:00:00,24.33408368873939,DE,-172.8924796586079,20.14329207341146,6.47550948483935,208.4327402378953,20,6,3,1,27.105485500106198,21.994896989728154,49.24848016404843,32.33543855144872,26.01920895806613,4.631430088179872,30.913197569841685,7.65535321121247,37.927988630430626,10.905391809493116,405.75221555476094,1349.7081863615474
2025-03-16 21:00:00,36.892229651927536,DE,622.9230223742043,17.67205913564673,5.662030627284782,107.41600356165566,21,6,3,1,24.33408368873939,34.8588366227892,47.55813593202802,30.46241662734928,28.193078260809845,6.203375032593104,30.024372046499977,5.983792370751768,38.19589750645472,10.79240785736772,312.30167409379504,608.1927020266255
2025-03-16 22:00:00,30.32421839503746,DE,298.6635801761776,17.615716537318203,4.340761254364659,0.0,22,6,3,1,36.892229651927536,27.105485500106198,36.44782242404014,34.09978787704129,29.25162514138799,5.872279743624335,29.514071710749757,5.637276892476519,38.03858211137123,10.881857282346033,310.31346912314604,0.0
2025-03-16 23:00:00,41.36508231376038,DE,357.55770218771397,13.737340873397589,6.599479642195426,0.0,23,6,3,1,30.32421839503746,24.33408368873939,36.95732203863747,41.53057569656677,32.479989362060024,6.386862686621943,29.881385067009997,6.273995725762668,38.0316865537543,10.879600486661268,188.71453427192003,0.0
2025-03-17 00:00:00,39.39288185358501,DE,278.3284439637573,13.332221326867426,9.232431292026764,0.0,0,0,3,0,41.36508231376038,36.892229651927536,36.36338047556545,34.62483124969489,33.23566356719267,6.966534033111515,30.133843515178295,6.61046504665584,38.23035532891639,10.858197027938767,177.74812550857862,0.0
2025-03-17 01:00:00,46.1351447960443,DE,719.4714984330586,14.394798818369448,5.24192748899868,0.0,1,0,3,0,39.39288185358501,30.32421839503746,26.468957072352033,39.15148587797129,36.407273449849015,7.888293345524513,31.772692492152647,7.926142406182429,38.52134111716943,10.976883321780146,207.21023302133048,0.0
2025-03-17 02:00:00,56.81529712399369,DE,584.8724347524452,11.081022862318388,7.063250956749641,0.0,2,0,3,0,46.1351447960443,41.36508231376038,31.047499147080295,48.019553298443206,41.820809022391394,9.011250461848531,33.920008990228766,10.712505824833322,38.88783044323403,11.444657947082806,122.78906767522281,0.0
2025-03-17 03:00:00,61.8401256149178,DE,827.9553535223461,14.367579058629355,3.0371891567109506,0.0,3,0,3,0,56.81529712399369,39.39288185358501,23.849013835465232,48.08363711326863,45.97879168288978,11.65128660553534,37.08593497184981,12.863501971199872,39.461017464136084,12.24195290218596,206.42732800596477,0.0
2025-03-17 04:00:00,60.42543554541484,DE,1395.0296095459782,9.473872318374884,3.7108623188172603,0.0,4,0,3,0,61.8401256149178,46.1351447960443,23.97293711156862,56.13983080244136,50.99566120795267,9.913509700388659,40.12364317467033,13.758356248369726,39.63958432842664,12.523826325078684,89.7542567048699,0.0
2025-03-17 05:00:00,59.41832853718366,DE,913.7509331996042,10.398188089168965,6.5685476282140325,0.0,5,0,3,0,60.42543554541484,56.81529712399369,21.994896989728154,50.4564495715188,54.004535578523225,9.113305636626865,43.24226247029162,13.514773204620692,40.01299595199601,12.985461557634205,108.12231553773533,0.0
2025-03-17 06:00:00,57.89703582180905,DE,1179.8546652571351,11.827957148557536,8.591967129525209,360.73565915852635,6,0,3,0,59.41832853718366,61.8401256149178,34.8588366227892,47.34103579307904,57.08856123989389,5.654123203811484,45.16211240354328,13.847844303339857,40.45282928652643,13.416094660082756,139.90057030811332,3099.428925937668
2025-03-17 07:00:00,50.434418424366996,DE,792.3276281193567,7.477332629108278,6.334961770024598,519.4925686639915,7,0,3,0,57.89703582180905,60.42543554541484,27.105485500106198,60.1552722208119,57.805106844614336,4.026542070177971,47.10619014723168,12.669910262687853,40.04779371167455,12.933467336439701,55.910503246327316,3290.9655622982646
2025-03-17 08:00:00,51.778140624507564,DE,876.0150037928271,7.457127105941872,4.997619011406969,574.2724842807609,8,0,3,0,50.434418424366996,59.41832853718366,24.33408368873939,49.24848016404843,56.96558076136665,4.736686172486401,49.39319489187903,10.471982042969055,40.15319623086035,13.021716065695475,55.608744674172996,2869.9950851694402
2025-03-17 09:00:00,49.91730105378947,DE,1157.7135177203759,8.86020787362468,5.622317883299986,640.9451030401364,9,0,3,0,51.778140624507564,57.89703582180905,36.892229651927536,47.55813593202802,54.97844333451193,4.7834244610078445,50.47861750870086,9.70543116574944,40.25149477760041,13.0887767427751,78.50328356384075,3603.5971150361106
2025-03-17 10:00:00,53.857174486202,DE,574.6065884424465,15.573992492977382,3.122919604513843,630.3319150233601,10,0,3,0,49.91730105378947,50.434418424366996,30.32421839503746,36.44782242404014,53.88373315797646,3.9699603356137527,52.43969718296456,7.355975783462583,40.97688444685716,13.348648840818745,242.54924217131585,1968.475894777205
2025-03-17 11:00:00,46.39732710910569,DE,941.8992341506464,13.122198963514396,7.429240581938134,643.6119977897577,11,0,3,0,53.857174486202,51.778140624507564,41.36508231376038,36.95732203863747,51.7135662532968,3.8976841453293307,52.85905091591001,6.788807821193048,41.37021799146,13.364129538142837,172.1921056380583,4781.548373001944
2025-03-17 12:00:00,31.993566750202447,DE,591.5503870910951,20.647501128123334,7.984876053874219,747.7650279118876,12,0,3,0,46.39732710910569,49.91730105378947,39.39288185358501,36.36338047556545,47.396321408029024,7.9343704811048035,52.24244132396146,8.29257751108944,41.18814241956988,13.464698726732628,426.3193028358544,5970.811065298219
2025-03-17 13:00:00,38.84434480643752,DE,208.09712226988606,15.659709184272394,5.31602926356124,731.8763788276635,13,0,3,0,31.993566750202447,53.857174486202,46.1351447960443,26.468957072352033,45.46464247170744,8.441435232144505,51.634874658160896,9.016225434404175,41.70378357515677,13.108766204291898,245.22649173598518,3890.676247157091
2025-03-17 14:00:00,32.243597653270356,DE,326.48154781110435,18.280653924193228,5.280125633708398,726.7424251121028,14,0,3,0,38.84434480643752,46.39732710910569,56.81529712399369,31.047499147080295,42.208885309834585,9.247974728292093,49.587233035600626,10.414528070774987,41.753621012914685,13.068703723934956,334.18230789612124,3837.2913079378195
2025-03-17 15:00:00,28.467597283529464,DE,290.9574993320724,21.90880903327428,6.751966388531497,567.2883421168303,15,0,3,0,32.243597653270356,31.993566750202447,61.8401256149178,23.849013835465232,38.63393468145791,9.801498602192284,46.806189007984926,11.266125862489476,41.94606198991737,12.825328295145036,479.9959132564807,3830.311818578595
2025-03-17 16:00:00,33.489787304739345,DE,141.34929055122004,23.477281571015233,5.346770457146209,513.5225672319827,16,0,3,0,28.467597283529464,38.84434480643752,60.42543554541484,23.97293711156862,35.23937015121414,6.41753357957101,44.56155165459529,10.985790108301142,42.34259741463281,12.385035940382219,551.1827499647314,2745.6872915538434
2025-03-17 17:00:00,35.15842766335489,DE,-347.00785712262547,23.912428999908677,6.087944699975756,358.6124576596105,17,0,3,0,33.489787304739345,32.243597653270356,59.41832853718366,21.994896989728154,33.366220243589005,3.47499902095444,42.5398932484429,10.207898529444334,42.891077859367265,11.718274642811448,571.8042606756735,2183.212810954106
2025-03-17 18:00:00,35.2538462958255,DE,-195.42743516497373,22.192197460676006,10.419653507560431,330.3764446969564,18,0,3,0,35.15842766335489,28.467597283529464,57.89703582180905,34.8588366227892,33.90960016785951,3.472332790092155,40.652960787944274,9.148927404162546,42.90753659574377,11.706774328702252,492.49362813363456,3442.4080808019867
2025-03-17 19:00:00,27.976884007682674,DE,-82.46664025483514,21.47230144094966,5.726158527735407,309.2418597430903,19,0,3,0,35.2538462958255,33.489787304739345,50.434418424366996,27.105485500106198,32.09835670140037,3.2077180065039776,38.781499586553906,9.262383375878445,42.94384486689279,11.6568787829998,461.0597291710089,1770.7679123006533
2025-03-17 20:00:00,33.07657645426282,DE,2.1006122877714457,19.94454965280002,5.503529625184956,151.67523103859008,20,0,3,0,27.976884007682674,35.15842766335489,51.778140624507564,24.33408368873939,32.23718650156578,3.2331857576253062,37.22303590570018,8.411015315215524,43.3081153987896,11.1767617431356,397.7850608530054,834.7491274276532
2025-03-17 21:00:00,39.43582224842941,DE,220.58102891686178,19.383442133869483,4.925126317957082,134.53661634474963,21,0,3,0,33.07657645426282,35.2538462958255,49.91730105378947,36.892229651927536,34.065223995715776,3.737049049175936,36.34957933858684,7.463815160271375,43.41409842364385,11.125219210606328,375.71782895706673,662.6098298884212
2025-03-17 22:00:00,46.30616228050437,DE,235.54020018665054,15.587044765520995,7.708593872227274,0.0,22,0,3,0,39.43582224842941,27.976884007682674,53.857174486202,30.32421839503746,36.20128649167661,6.196136582847612,35.72032832144537,6.035200366706732,44.08001275220497,10.780614699523268,242.95596452235543,0.0
2025-03-17 23:00:00,42.924893149510154,DE,53.52160570671896,13.788692010831086,5.857761582791195,0.0,23,0,3,0,46.30616228050437,33.07657645426282,46.39732710910569,41.36508231376038,37.49569740603582,6.723494285394967,35.430958824812414,5.539631698558185,44.14500487036121,10.768230455919198,190.12802736955703,0.0
2025-03-18 00:00:00,48.2629375896648,DE,526.0395702011926,14.113153561366255,4.921463852584548,0.0,0,1,3,0,42.924893149510154,39.43582224842941,31.993566750202447,39.39288185358501,39.66387928834237,7.857841507077156,36.78673972810094,6.525119472028812,44.514590526031206,10.750240757344768,199.181103446705,0.0
2025-03-18 01:00:00,47.24440017050631,DE,701.526671608025,12.522431406337962,8.862817993773424,0.0,1,1,3,0,48.2629375896648,46.30616228050437,38.84434480643752,46.1351447960443,42.875131982146314,5.791958921223562,37.48674434177334,7.183300527340836,44.56080949996712,10.759891206311021,156.81128832643932,0.0
2025-03-18 02:00:00,49.84995782424472,DE,811.958089586208,10.832997616521284,9.059415938254675,0.0,2,1,3,0,47.24440017050631,42.924893149510154,32.243597653270356,56.81529712399369,45.67069554380996,3.8335203679251317,38.95394102268787,7.787661209988812,44.270587029144245,10.505923953811111,117.35383735955583,0.0
2025-03-18 03:00:00,62.21042182691174,DE,1019.7095357041982,12.219190799749889,5.01936279774999,0.0,3,1,3,0,49.84995782424472,48.2629375896648,28.467597283529464,61.8401256149178,49.46646214022368,6.659147516615936,41.76584306796973,9.549599303214627,44.286016037977326,10.53308524516854,149.30862380069232,0.0
2025-03-18 04:00:00,66.34979428231911,DE,1049.797132802,12.096519655419023,2.487130026506168,0.0,4,1,3,0,62.21042182691174,47.24440017050631,33.489787304739345,60.42543554541484,52.80706747385947,9.271707213739397,44.50417698276804,11.477405480245741,44.532864318681675,10.987388779860815,146.32578777393874,0.0
2025-03-18 05:00:00,59.63651934122319,DE,1024.7989289902216,10.0383969589228,8.235237308901244,0.0,5,1,3,0,66.34979428231911,49.84995782424472,35.15842766335489,59.41832853718366,55.59233850581165,8.151814624851976,46.54401795592373,11.835050188858252,44.541955602183315,11.000323605913568,100.7694135049105,0.0
2025-03-18 06:00:00,64.42021878921561,DE,935.9668577082706,12.830600195595792,4.850950277707392,388.8703676382256,6,1,3,0,59.63651934122319,62.21042182691174,35.2538462958255,57.89703582180905,58.28521870573678,7.911537628948722,48.974548997039584,12.291731696612153,44.81375489249192,11.417336036960245,164.6243013792228,1886.3908178868262
2025-03-18 07:00:00,59.63520850144231,DE,600.7707264413359,7.943450415381244,7.801461127552938,463.9202148841863,7,1,3,0,64.42021878921561,66.34979428231911,27.976884007682674,50.434418424366996,60.35035342755945,5.784397086582359,51.61274270485288,10.665067372675136,45.19712114570339,11.763492320634318,63.098404501620465,3619.255522704985
2025-03-18 08:00:00,52.15176289345548,DE,968.9363457187366,10.5041903600179,2.2800022938037294,601.0503113579689,8,1,3,0,59.63520850144231,59.63651934122319,33.07657645426282,51.778140624507564,60.73398760576125,4.9673287811457145,53.2023415747856,8.93186059914123,45.212688740242896,11.772823706102898,110.33801511949297,1370.396088587615
2025-03-18 09:00:00,54.02747293613048,DE,845.090928025896,10.390640410233171,8.005404605826019,550.0415473740497,9,1,3,0,52.15176289345548,64.42021878921561,39.43582224842941,49.91730105378947,59.37016279063102,5.567928669557317,54.418312465427356,7.810134653159347,45.3839459020071,11.873699180693556,107.96540813477057,4403.305136743888
2025-03-18 10:00:00,56.26174618743727,DE,754.3157674390746,9.22851560065081,3.797866070665838,740.4770512203315,10,1,3,0,54.02747293613048,59.63520850144231,46.30616228050437,53.857174486202,57.68882144148406,4.4495998465374464,55.247944457671764,7.387409637406537,45.48413638955858,11.958149599788955,85.1655001914554,2812.232668936387
2025-03-18 11:00:00,44.500105465713624,DE,324.0598073871987,13.973371585911678,8.224883995010469,734.6836174141931,11,1,3,0,56.26174618743727,52.15176289345548,42.924893149510154,46.39732710910569,55.1660857955658,6.796443556998099,55.379212150688716,7.158997565848226,45.40508548775056,11.958121280860041,195.25511347796385,6042.687526266392
2025-03-18 12:00:00,48.63198580608615,DE,233.78869191834758,15.20042524231805,6.791901892550287,688.1722356390527,12,1,3,0,44.500105465713624,54.02747293613048,48.2629375896648,31.993566750202447,52.53471363171088,5.412374590462162,55.40996616872383,7.126366265355387,46.09835294841239,11.624435397877818,231.05292754729973,4673.998309637444
2025-03-18 13:00:00,24.12519943901482,DE,531.2210481153203,19.72792157036922,4.855476918084129,744.8550465603211,13,1,3,0,48.63198580608615,56.26174618743727,47.24440017050631,38.84434480643752,46.61637878797297,11.772785047487332,53.48336610776621,11.386414414277889,45.48505522476977,12.387062121463506,389.1908894866391,3616.626485892118
2025-03-18 14:00:00,38.278521577228055,DE,192.08896922866913,19.085992389206496,5.949283131023858,597.7942157039719,14,1,3,0,24.12519943901482,44.500105465713624,49.84995782424472,32.243597653270356,44.304171901935064,11.830417747824484,52.51907975384815,12.184126143639334,45.73651038826801,12.165854747283912,364.27510548084825,3556.4470433112774
2025-03-18 15:00:00,32.28744262625011,DE,232.74674888125134,16.68903318177791,8.13599267079082,556.2616653389082,15,1,3,0,38.278521577228055,48.63198580608615,62.21042182691174,28.467597283529464,40.680833516955005,11.583450553365365,50.02549815379302,13.051519828104103,45.895670610881375,11.953239685012965,278.52382854248407,4525.740832239253
2025-03-18 16:00:00,28.936369108205668,DE,22.650973333872994,23.08609862966315,6.975144663107888,494.5705138380151,16,1,3,0,32.28744262625011,24.12519943901482,66.34979428231911,33.489787304739345,36.12660400374974,9.397906144038561,46.9077127226169,13.26439374596763,45.705944852692475,12.192454299390759,532.9679499385348,3449.7008801277566
2025-03-18 17:00:00,30.46223393355265,DE,-27.011685245385145,22.144306939984375,7.932181717822388,414.1377803826815,17,1,3,0,28.936369108205668,38.278521577228055,59.63651934122319,35.15842766335489,33.78695874838957,8.61079696072142,44.47652227197768,13.392292785265619,45.51027011395072,12.404922479523323,490.37032985224016,3285.0161302110496
2025-03-18 18:00:00,20.659601127240045,DE,137.65676119519955,20.85247810872474,10.71623692590839,297.17211786198743,18,1,3,0,30.46223393355265,32.28744262625011,64.42021878921561,35.2538462958255,29.124894635248555,6.201173445299392,40.82980413347972,13.425892996784631,44.90217656525965,13.257934773993359,434.8258432748445,3184.56682278303
2025-03-18 19:00:00,31.074612184608306,DE,-136.17185878800896,18.884025893924857,3.6348725334553165,320.5674875688842,19,1,3,0,20.659601127240045,28.936369108205668,59.63520850144231,27.976884007682674,30.283130092847472,5.710133986327011,38.449754440410224,12.270976579611801,45.03124857263155,13.10013503314247,356.6064339624245,1165.2219556829157
2025-03-18 20:00:00,36.40820119107762,DE,36.21145349597738,16.753434983248482,9.997780906814667,162.0572799815084,20,1,3,0,31.074612184608306,30.46223393355265,52.15176289345548,33.07657645426282,29.97141002848907,5.2160395950905345,37.13779096521207,11.489574145485445,45.170066269998834,12.985094537841052,280.67758373793407,1620.2131796094434
2025-03-18 21:00:00,45.16897531511918,DE,3.9915516657176795,16.995124131691888,6.972067631923845,120.1378750025524,21,1,3,0,36.40820119107762,20.659601127240045,54.02747293613048,39.43582224842941,32.11833214330058,8.172902563139406,36.39958283012779,10.552089859642434,45.40894764777757,12.927625537367456,288.8342442516159,837.6093896734084
2025-03-18 22:00:00,38.83708555352433,DE,113.10075451353666,18.77973113988422,4.965787660231163,0.0,22,1,3,0,45.16897531511918,31.074612184608306,56.26174618743727,46.30616228050437,33.76845155085369,8.398345977731992,34.947527777301715,8.586177709459026,45.09773611748674,12.994815791192721,352.6783016863371,0.0
2025-03-18 23:00:00,41.27829632427066,DE,258.7560527550113,19.107080091842708,4.10272850539944,0.0,23,1,3,0,38.83708555352433,36.40820119107762,44.500105465713624,42.924893149510154,35.57112861597336,8.702067590976885,34.679043682181465,8.306124846557934,45.029127916435094,13.011122942223754,365.0805096360919,0.0
2025-03-19 00:00:00,46.6824472550612,DE,494.4267543267426,17.119207235030323,6.3851149753233525,0.0,0,2,3,0,41.27829632427066,45.16897531511918,48.63198580608615,48.2629375896648,39.90826963727688,5.777073622686484,34.51658213626272,8.02263382282356,44.96327415249328,12.99803701500915,293.0672563559146,0.0
2025-03-19 01:00:00,57.353085629046824,DE,483.6597982185649,11.797919510113056,8.606655980726337,0.0,1,2,3,0,46.6824472550612,38.83708555352433,24.12519943901482,47.24440017050631,44.28801521134997,7.457452265266576,37.28557265209872,9.674270203624182,45.38446937993246,13.236761041566524,139.1909047671063,0.0
2025-03-19 02:00:00,57.474746492946494,DE,951.1512251147042,9.413036550895598,6.508257516122351,0.0,2,2,3,0,57.353085629046824,41.27829632427066,38.278521577228055,49.84995782424472,47.799106094994784,7.948582630674745,38.88525806174192,11.303319768144503,45.702168907795034,13.438562630029773,88.60525710849649,0.0
2025-03-19 03:00:00,55.498991696105556,DE,624.631930149373,11.021006100956651,9.785665617372114,0.0,3,2,3,0,57.474746492946494,46.6824472550612,32.28744262625011,62.21042182691174,49.520775491825844,8.372402360880148,40.81955381756321,12.034051654636675,45.422525985678114,13.146768037742907,121.46257547732372,0.0
2025-03-19 04:00:00,62.13493130503177,DE,845.6383730599475,6.561848209450083,3.8610043767743014,0.0,4,2,3,0,55.498991696105556,57.353085629046824,28.936369108205668,66.34979428231911,53.403749783743756,7.8102031540063885,43.58610066729872,12.842727876564282,45.24690669495781,12.880515193975263,43.05785192386327,0.0
2025-03-19 05:00:00,60.48195769586506,DE,845.0167014896992,10.420736317006455,6.73917786118531,0.0,5,2,3,0,62.13493130503177,57.474746492946494,30.46223393355265,59.63651934122319,56.604360012342816,5.414930048876856,46.08774431415808,12.976999610781515,45.282133293067886,12.922667131498509,108.59174538857725,0.0
2025-03-19 06:00:00,64.24577925241994,DE,1239.3955768707465,9.493152563185719,4.2585688680511815,355.2876895635741,6,2,3,0,60.48195769586506,55.498991696105556,20.659601127240045,64.42021878921561,59.53158201190261,3.3209185657712075,49.719925824589744,11.189437245043896,45.27486497903473,12.911479181311675,90.11994558791959,1513.0170939772693
2025-03-19 07:00:00,54.316762906817374,DE,972.2738684468492,9.207573342209557,7.490619522127355,503.77199966861565,7,2,3,0,64.24577925241994,62.13493130503177,31.074612184608306,59.63520850144231,59.02552822486436,3.900114095736464,51.65677171810717,9.561786114590685,45.0532630792587,12.698172842449305,84.77940685216807,3773.5643754188677
2025-03-19 08:00:00,53.739050933492265,DE,1089.3816097859465,7.614920846341532,8.53713053707202,482.6842011267131,8,2,3,0,54.316762906817374,60.48195769586506,36.40820119107762,52.15176289345548,58.40291229828866,4.455793182336894,53.10100919664172,8.270937132751238,45.11940008092689,12.740814054787354,57.98701949604683,4120.738033201075
2025-03-19 09:00:00,50.25995414292762,DE,506.4413159858794,12.764302966876002,5.921832169515312,624.6613423487962,9,2,3,0,53.739050933492265,64.24577925241994,45.16897531511918,54.02747293613048,57.529739372759,5.523963999298134,53.52525743229243,7.951483595864563,44.96242013121011,12.649165624776037,162.92743023019952,3699.139632173719
2025-03-19 10:00:00,41.253988614446826,DE,753.4100531738518,11.809004857770894,1.5549280436231507,663.0994130104892,10,2,3,0,50.25995414292762,54.316762906817374,38.83708555352433,56.26174618743727,54.04958225766151,8.044802049357795,53.72666602070263,7.566924830856184,44.33709689900218,12.435441966211307,139.4525957308566,1031.0718730000597
2025-03-19 11:00:00,46.15983704658626,DE,757.335681675948,11.711796698670591,7.627330770025171,701.2750432678573,11,2,3,0,41.253988614446826,53.739050933492265,41.27829632427066,44.500105465713624,51.66256214944838,7.877558451733059,54.13346108089561,6.942301631215945,44.406252381538536,12.441001670317966,137.16618191099136,5348.856715767662
2025-03-19 12:00:00,42.114043887915564,DE,466.4567978550849,9.61229324501541,8.102911579899201,763.6176750053384,12,2,3,0,46.15983704658626,50.25995414292762,46.6824472550612,48.63198580608615,47.97393958869765,5.682972211063317,53.75276080030013,7.49157503471856,44.134671468281425,12.415861641786838,92.39618142816887,6187.526501416461
2025-03-19 13:00:00,37.24949224267585,DE,533.6865524618098,16.558889686277773,8.038023986355578,724.6986443401639,13,2,3,0,42.114043887915564,41.253988614446826,57.353085629046824,24.12519943901482,45.129394478007406,6.127227883321945,52.07746135143588,8.754617777862899,44.681517001767304,11.76838622209062,274.1968276423164,5825.1450860856075
2025-03-19 14:00:00,32.9960733884762,DE,96.5423099799257,21.281769625930522,9.70099886007649,667.5450744658048,14,2,3,0,37.24949224267585,46.15983704658626,57.474746492946494,38.278521577228055,41.67223155383805,6.149700011309063,50.03757192606336,10.126973657615657,44.46141499390264,11.94147247646634,452.91371841117893,6475.854006442448
2025-03-19 15:00:00,24.775353574807188,DE,378.3160974438424,21.972822672026147,5.087327117134084,514.743001603877,15,2,3,0,32.9960733884762,42.114043887915564,55.498991696105556,32.28744262625011,37.42479812581798,7.6499073584429595,47.47726874928849,12.276371583879595,44.14841128342585,12.365371866424553,482.8049361763063,2618.666030414397
2025-03-19 16:00:00,28.32817924670821,DE,476.76692283163084,18.37661839631632,8.589866687333082,476.99768523602694,16,2,3,0,24.775353574807188,37.24949224267585,62.13493130503177,28.936369108205668,35.27049656452821,8.15898396732726,44.66003941109486,12.484177168692725,44.12307003919679,12.398481313646338,337.7001036838314,4097.346526343938
2025-03-19 17:00:00,28.28985746824129,DE,-105.530625232466,18.4107128407042,9.614449501388131,434.45121910609606,17,2,3,0,28.32817924670821,32.9960733884762,60.48195769586506,30.46223393355265,32.29216663480405,6.477252317645088,41.97736439212621,12.23144342524923,44.03255435314215,12.509977474377465,338.95434730287053,4177.009306912071
2025-03-19 18:00:00,26.58605935413641,DE,-139.10050428015435,20.53872862643165,3.6722593084191484,354.66861871383264,18,2,3,0,28.28985746824129,24.775353574807188,64.24577925241994,20.659601127240045,29.704169212507523,4.5973468763757985,38.839054400602585,10.738682778811354,44.279490112596164,12.079647144652068,421.83937359020285,1302.4351364760337
2025-03-19 19:00:00,31.36654306546582,DE,257.713982279006,17.25312062574203,7.868738128270136,202.90314798042175,19,2,3,0,26.58605935413641,28.32817924670821,54.316762906817374,31.074612184608306,28.72367768297252,3.0246122683439327,36.92653608048996,9.727648670467513,44.29165389929857,12.065911337980028,297.6701713264051,1596.5917368595824
2025-03-19 20:00:00,36.642892617591585,DE,332.9017272539232,19.188794668828464,6.2210748144168395,295.583833778921,20,2,3,0,31.36654306546582,28.28985746824129,53.739050933492265,36.40820119107762,29.331480887825084,4.194888522246955,35.50185622083156,8.16846419701992,44.30143270873665,12.05933772265281,368.2098408424597,1838.849143870819
2025-03-19 21:00:00,47.21043459746424,DE,-8.125396023927493,19.184595653097468,7.06638913022889,178.3323293473871,21,2,3,0,36.642892617591585,26.58605935413641,50.25995414292762,45.16897531511918,33.07066105826792,7.784540168143401,35.24772959204295,7.701689719677342,44.38649351216768,12.072915102671,368.04871037284624,1260.1656336687745
2025-03-19 22:00:00,42.30132570905177,DE,115.96263658082832,18.968997760738556,7.924787443508855,0.0,22,2,3,0,47.21043459746424,31.36654306546582,41.253988614446826,38.83708555352433,35.39951880199185,8.162939347642228,35.33500768326003,7.781463586774173,44.53083685198134,12.02429311822107,359.82287604690436,0.0
2025-03-19 23:00:00,46.60851629235042,DE,264.23355567663776,15.050496739507674,6.2549773482050774,0.0,23,2,3,0,42.30132570905177,36.642892617591585,46.15983704658626,41.27829632427066,38.452628606010045,8.394442894824094,35.37239762040705,7.83907010139551,44.75292935065132,12.010823569738779,226.5174521059311,0.0
2025-03-20 00:00:00,48.81900289415305,DE,181.10989779314457,13.538270090626105,5.878018318108959,0.0,0,3,3,0,46.60851629235042,47.21043459746424,42.114043887915564,46.6824472550612,42.15811919601281,6.878890093162979,35.93114420426017,8.568315028228525,44.84195250228015,12.033643086994884,183.28475704674136,0.0
2025-03-20 01:00:00,43.18221896404125,DE,395.6791332544207,10.932550592666574,7.297739311408232,0.0,1,3,3,0,48.81900289415305,42.30132570905177,37.24949224267585,57.353085629046824,44.12739851244205,4.425334865654057,36.42553809770728,8.81879803401204,44.25149972457158,11.737076245916498,119.52066246121427,0.0
2025-03-20 02:00:00,55.69842156740199,DE,499.1718466495864,9.911408121887991,5.054942598706576,0.0,2,3,3,0,43.18221896404125,46.60851629235042,32.9960733884762,57.474746492946494,47.303320004077115,4.8014544773027446,38.3174004459511,10.323038126266102,44.17748618600723,11.655381934580356,98.23601095862723,0.0
2025-03-20 03:00:00,58.44894376464588,DE,649.9938775724481,10.199173235825281,5.057784218661811,0.0,3,3,3,0,55.69842156740199,48.81900289415305,24.775353574807188,55.498991696105556,49.17640486527406,6.609620948556357,41.12353296177099,10.86953927390211,44.300400855529745,11.794688869151072,104.02313469437473,0.0
2025-03-20 04:00:00,71.88480470189143,DE,876.0757244148631,10.746355366702234,8.58818104234519,0.0,4,3,3,0,58.44894376464588,43.18221896404125,28.32817924670821,62.13493130503177,54.106984697414,10.401696498809272,44.75325174970293,13.225499423181349,44.70664558039889,12.577595317850422,115.48415366744992,0.0
2025-03-20 05:00:00,59.03476512521925,DE,979.8058596518384,11.514467553597482,4.93184640611487,0.0,5,3,3,0,71.88480470189143,55.69842156740199,28.28985746824129,60.48195769586506,56.17802616955881,9.831552930372359,47.31532738778443,12.7143429353104,44.64634588995532,12.501918224325074,132.5829630428492,0.0
2025-03-20 06:00:00,60.91029101142355,DE,1260.1000985628154,8.094897246916455,8.562059478250607,342.23704755876264,6,3,3,0,59.03476512521925,58.44894376464588,26.58605935413641,64.24577925241994,58.19324085577055,9.243048530544574,50.17568002589169,11.422230140423446,44.507367213247136,12.291332443884277,65.5273614381356,2930.2539568590073
2025-03-20 07:00:00,57.65346952767791,DE,733.2921049967761,13.037920896359175,8.154617062140085,345.1962878920127,7,3,3,0,60.91029101142355,71.88480470189143,31.36654306546582,54.316762906817374,60.605115949710004,5.783207703862496,52.36625723107602,9.907255908140638,44.646396655782986,12.425253888381372,169.98738129971923,2814.943539031628
2025-03-20 08:00:00,49.53397147838345,DE,1079.8771815875361,10.174977191284077,3.7778210188509886,481.9807494610248,8,3,3,0,57.65346952767791,59.03476512521925,36.642892617591585,53.739050933492265,59.57770760154025,7.2026195150146695,53.44051380280868,8.668858777552634,44.471185011820126,12.320669683477268,103.5301608431512,1820.8370059954118
2025-03-20 09:00:00,57.93460898116351,DE,760.755621748172,11.607265577533786,5.874305171760872,576.8070967442094,9,3,3,0,49.53397147838345,60.91029101142355,47.21043459746424,50.25995414292762,59.49198513762652,7.221775607456072,54.33419500145029,8.519705762664927,44.79096229674662,12.574429695725842,134.72861418740072,3388.340911512883
2025-03-20 10:00:00,52.331228518541295,DE,690.1072580695134,11.29288059129316,9.617653282526927,747.4932741915632,10,3,3,0,57.93460898116351,57.65346952767791,42.30132570905177,41.253988614446826,56.23305577373483,4.352951863610958,55.17002023557441,7.682790299020576,45.25251395941723,12.642074684137292,127.52915204920576,7189.131142195288
2025-03-20 11:00:00,48.63439539647862,DE,714.3734209845813,9.11615350452762,5.635745149073953,715.9016954278618,11,3,3,0,52.331228518541295,49.53397147838345,46.60851629235042,46.15983704658626,54.499660818944726,5.031959170293578,55.33884349425176,7.497581193725033,45.35562055732941,12.65987489965159,83.1042547181112,4034.639507221391
2025-03-20 12:00:00,36.26183025304242,DE,225.45559568754032,17.037912119283146,6.669267686734541,633.2259215450055,12,3,3,0,48.63439539647862,57.93460898116351,48.81900289415305,42.114043887915564,50.391584025881194,7.960748458745642,54.29241244082588,9.178209662422212,45.111778322543024,12.780807848292678,290.29044938441547,4223.153176962806
2025-03-20 13:00:00,44.23789651414404,DE,397.0724266855497,18.00061094554625,8.52219799785711,712.3758536720557,13,3,3,0,36.26183025304242,52.331228518541295,43.18221896404125,37.24949224267585,48.155655190292215,7.3756925440408745,54.38038557000112,9.066415944432274,45.4029618338542,12.673048004711628,324.0219944129194,6071.008073885741
2025-03-20 14:00:00,27.15975374139053,DE,233.29044164261137,17.087614973336944,9.164857229918507,575.7436918776353,14,3,3,0,44.23789651414404,48.63439539647862,55.69842156740199,32.9960733884762,44.42661890079341,11.202660884742349,52.00216325116683,11.967961626156567,45.159781848558964,12.97389659590197,291.98658547700893,5276.608737084719
2025-03-20 15:00:00,34.78649275406061,DE,194.93686220835627,18.697289332362487,7.094998439264325,651.6219261096455,15,3,3,0,27.15975374139053,36.26183025304242,58.44894376464588,24.775353574807188,40.568599529609585,9.472680822192295,50.03029233361804,12.734035256411998,45.57691264769452,12.439960317934077,349.58862837807607,4623.256548738348
2025-03-20 16:00:00,41.383683989584895,DE,74.82102688934438,20.2356929998794,6.403055821970033,501.44376740910616,16,3,3,0,34.78649275406061,44.23789651414404,71.88480470189143,28.32817924670821,38.74400877478352,7.628742271248975,47.48853227425917,10.885059767802034,46.12089201198105,11.9278128208297,409.4832711853682,3210.7724342994643
2025-03-20 17:00:00,25.0507484252217,DE,458.09711483764465,16.403048902637014,10.442815934750332,435.9048563489237,17,3,3,0,41.383683989584895,27.15975374139053,59.03476512521925,28.28985746824129,34.8134009462407,7.589151563503912,44.65653088259271,11.974312111780158,45.98592913518856,12.154513436567612,269.06001330230134,4552.074179915595
2025-03-20 18:00:00,27.765957052230647,DE,-177.5479968502632,18.456078414571348,11.075875538948473,416.2898323771096,18,3,3,0,25.0507484252217,34.78649275406061,60.91029101142355,26.58605935413641,33.39742207943873,8.043813129905597,41.89450305265997,11.703872122456815,46.03509153927583,12.074757998849124,340.62683044480644,4610.774371538588
2025-03-20 19:00:00,32.67122844923407,DE,-139.16230414489772,20.751424518344606,9.555792312916907,195.05515578490542,19,3,3,0,27.765957052230647,41.383683989584895,57.65346952767791,31.36654306546582,31.469644068620408,6.0700601514201065,39.81264962945632,10.83555282471065,46.08945343026617,12.008602992282674,430.6216195405537,1863.906558244209
2025-03-20 20:00:00,32.105260062937894,DE,-107.64080717717216,15.98963567783337,7.7687124964833645,105.14409074435041,20,3,3,0,32.67122844923407,25.0507484252217,49.53397147838345,36.642892617591585,32.29389512221164,5.691760105146672,38.36025701150252,10.579086052754588,45.900385407155596,12.198026899844422,255.66844910984182,816.8342116970159
2025-03-20 21:00:00,30.02618793608093,DE,-14.648814425324758,18.152554615643684,5.981544768071464,73.33266026740819,21,3,3,0,32.105260062937894,27.765957052230647,57.93460898116351,47.21043459746424,31.50051098588169,5.605949840548809,36.03455525774564,8.803317904373259,45.18437512959796,12.615005910806238,329.5152390739268,438.64259035127753
2025-03-20 22:00:00,41.77125151892271,DE,72.52257453869623,13.71497135870547,5.9371873982401855,0.0,22,3,3,0,30.02618793608093,32.67122844923407,52.331228518541295,42.30132570905177,31.56510557410466,5.7431582911269965,35.154557174444086,7.449941015535534,45.16228870500925,12.620735760884124,188.10043937011133,0.0
2025-03-20 23:00:00,40.00924577010608,DE,558.3937836702496,16.09666851231697,8.64310442188483,0.0,23,3,3,0,41.77125151892271,32.105260062937894,48.63439539647862,46.60851629235042,34.05818846491872,5.594519042212811,34.43579470557971,6.368818653932013,44.887319099915736,12.659686126345633,259.10273719541664,0.0
2025-03-21 00:00:00,51.559194626159794,DE,734.100849597971,13.787338281367406,8.434872653130684,0.0,0,4,3,0,40.00924577010608,30.02618793608093,36.26183025304242,48.81900289415305,38.02372806057358,8.10966375832128,35.710575070006165,8.07102562369973,45.001493755416014,12.708947447159707,190.09069688485914,0.0
2025-03-21 01:00:00,48.17895386936744,DE,465.2602638013651,9.371255789351014,10.401273397246175,0.0,1,4,3,0,51.559194626159794,41.77125151892271,44.23789651414404,43.18221896404125,40.60834896392914,8.523274009662902,36.03899651627478,8.517398940985297,45.209691043137944,12.718772714397941,87.82043506944491,0.0
2025-03-21 02:00:00,63.58066296973577,DE,533.5288853791542,13.80765119386439,8.898976396425594,0.0,2,4,3,0,48.17895386936744,40.00924577010608,27.15975374139053,55.69842156740199,45.85424944839545,11.432749956022388,39.074072285303544,11.148457502812947,45.53811776823519,13.097519725503352,190.6512314914247,0.0
2025-03-21 03:00:00,54.23152625325957,DE,897.8365018705546,9.095951521014573,4.5919156078336805,0.0,3,4,3,0,63.58066296973577,51.559194626159794,34.78649275406061,58.44894376464588,49.888472501258555,8.66649132430002,40.69449174357012,11.859116606367035,45.36239203859409,12.94416158886238,82.73633407264732,0.0
2025-03-21 04:00:00,57.95828655843661,DE,772.5680930360251,8.304123134023452,9.701971446799153,0.0,4,4,3,0,54.23152625325957,48.17895386936744,41.383683989584895,71.88480470189143,52.586311674510874,8.13760363477828,42.075708624307765,12.868904093044465,44.78212044928347,11.979724474118838,68.95846102502348,0.0
2025-03-21 05:00:00,64.06415603597321,DE,1059.5492766956363,10.001440350575205,5.60195495672449,0.0,5,4,3,0,57.95828655843661,63.58066296973577,25.0507484252217,59.03476512521925,56.59546338548873,6.453239564066613,45.32682592520373,13.102744346338753,44.99167840389822,12.280104857538289,100.02880908611388,0.0
2025-03-21 06:00:00,53.248232717585715,DE,990.5846041702599,11.911533502116912,6.830133667448613,407.69503671278744,6,4,3,0,64.06415603597321,54.23152625325957,27.765957052230647,60.91029101142355,56.87696973405971,6.2223143530107246,47.45034889731665,12.017991723397573,44.67242597498831,11.943243975688343,141.88463037205358,2784.6115963037078
2025-03-21 07:00:00,58.96432804922478,DE,629.8140901450879,7.933903775465675,8.098476623856705,347.0995808011112,7,4,3,0,53.248232717585715,57.95828655843661,32.67122844923407,57.65346952767791,58.67453209736927,4.536522491775916,49.64144053064921,11.462556036717993,44.72704508005276,12.008012068955557,62.94682911834849,2810.9778412682604
2025-03-21 08:00:00,61.91307543789325,DE,1192.5137421582317,10.753587748047494,11.589411190921245,505.5739612408494,8,4,3,0,58.96432804922478,64.06415603597321,32.105260062937894,49.53397147838345,58.39660084206219,4.215560454495914,52.125425145228824,10.50681745326612,45.24284107836567,12.480057386094417,115.63964945495717,5859.304524243084
2025-03-21 09:00:00,44.18307873578227,DE,1162.728925212378,12.42063682187414,13.817913323364039,607.0085679115444,9,4,3,0,61.91307543789325,53.248232717585715,30.02618793608093,57.93460898116351,56.72185958914931,7.1652294377461345,53.30516604520394,8.379240913370948,44.66986065147478,12.18419309265384,154.27221906089574,8387.591777941056
2025-03-21 10:00:00,49.49473264776894,DE,577.4422619031227,14.086518819097432,8.811522329625681,675.5698273888054,10,4,3,0,44.18307873578227,58.96432804922478,41.77125151892271,52.331228518541295,55.3112672707047,7.687217344670757,53.948789472607785,7.680232395326777,44.55167332352594,12.12023551331138,198.4300124407861,5952.7986192578255
2025-03-21 11:00:00,45.9786496325055,DE,501.86921056406374,14.23065353302798,7.486776311444685,662.5837045416297,11,4,3,0,49.49473264776894,61.91307543789325,40.00924577010608,48.63439539647862,52.29701620346008,7.091360740878815,54.4462397944744,6.842968751490459,44.44101725002705,12.093433849246013,202.5114999770817,4960.615983511538
2025-03-21 12:00:00,44.71788188590267,DE,507.17307814498105,14.448902045794425,8.922180845846562,701.7220505852921,12,4,3,0,45.9786496325055,44.18307873578227,51.559194626159794,36.26183025304242,50.87529106484624,7.692173109266572,53.87613039945297,7.370050300793594,44.79335273472956,11.9673004822821,208.7707703289623,6260.8910388402655
2025-03-21 13:00:00,31.039171405073134,DE,387.4818354461446,14.784879107463968,9.628480400633133,563.6576715305243,13,4,3,0,44.71788188590267,49.49473264776894,48.17895386936744,44.23789651414404,46.22109829082097,9.938990866985225,52.447815194095114,9.826133612992802,44.24340585518494,12.292777720399853,218.59265022232455,5427.166842998162
2025-03-21 14:00:00,27.566725989930553,DE,331.7088545345662,17.735694251066146,7.211834297771078,620.1964707078612,14,4,3,0,31.039171405073134,45.9786496325055,63.58066296973577,27.15975374139053,40.49670671616051,8.93368012664218,49.44665377911135,11.477751529525666,44.260363032207444,12.268443816477019,314.5548505673008,4472.754178807529
2025-03-21 15:00:00,34.461915113143746,DE,498.4875171599964,16.332166271341553,11.443592260710105,620.1628090430152,15,4,3,0,27.566725989930553,44.71788188590267,54.23152625325957,34.78649275406061,38.87651277905409,9.012573480283871,47.7991861841017,12.128869303828994,44.246838963835906,12.279515265465607,266.73965511474665,7096.890321944887
2025-03-21 16:00:00,31.916329226700935,DE,-18.402147391029118,13.27424999488201,8.313311067268264,475.88529828726615,16,4,3,0,34.461915113143746,31.039171405073134,57.95828655843661,41.383683989584895,35.946778875542755,7.620103950962289,45.629023073123726,12.470863154706088,43.85236584871575,12.525102769006839,176.20571292662507,3956.182517001789
2025-03-21 17:00:00,31.25589430260452,DE,-192.62236205222493,20.314396622125457,8.84865572706825,443.5358768653621,17,4,3,0,31.916329226700935,27.566725989930553,64.06415603597321,25.0507484252217,33.49298632055926,5.92569491101638,42.895001262009664,11.629824145429184,44.1109135936067,12.179391961701471,412.6747101210222,3924.6962769849247
2025-03-21 18:00:00,32.32968674772938,DE,-325.8638456029054,21.235189848836352,9.185018052994383,372.34362504013495,18,4,3,0,31.25589430260452,34.461915113143746,53.248232717585715,27.765957052230647,31.42828713086371,2.2515057127145353,41.15178909785497,11.503959443329755,44.301068997585816,11.946504710940593,450.9332879161225,3419.982917911011
2025-03-21 19:00:00,28.772848015903413,DE,-179.148921132918,14.3501666854173,8.696342770114372,242.28587417122966,19,4,3,0,32.32968674772938,31.916329226700935,58.96432804922478,32.67122844923407,31.050566566002093,2.5056056659585666,38.635832428411526,10.512949134185517,44.13863647953036,12.13649840719745,205.92728389926052,2107.0010101498137
2025-03-21 20:00:00,35.78390681932391,DE,10.361903533021284,16.391889512152016,9.531050549824686,183.52318854982852,20,4,3,0,28.772848015903413,31.25589430260452,61.91307543789325,32.105260062937894,32.42009670423432,2.4659272804968873,36.458401710197414,7.538700621360588,44.29191342771312,12.00038253101399,268.6940417785992,1749.1687871334225
2025-03-21 21:00:00,39.244867457905,DE,455.3581821102837,18.716883670720843,6.618663175791615,54.37599832047781,21,4,3,0,35.78390681932391,32.32968674772938,44.18307873578227,30.02618793608093,33.21725542836119,3.7148267254336744,36.04688410370764,7.2061443036270605,44.67602507445579,11.666808936563037,350.32173434329655,359.8964177306532
2025-03-21 22:00:00,37.85667955476073,DE,96.47774019276548,20.4562623047757,6.7365660409934,0.0,22,4,3,0,39.244867457905,28.772848015903413,49.49473264776894,41.77125151892271,34.20731381637116,4.073088301827488,35.07704634595696,5.895740980233092,44.51291790928237,11.736341139169735,418.4586674817872,0.0
2025-03-21 23:00:00,54.649636894460386,DE,365.3480677765189,15.118532360200756,5.652861082942071,0.0,23,4,3,0,37.85667955476073,35.78390681932391,45.9786496325055,40.00924577010608,38.1062709150138,8.954515492340388,35.79962861778653,7.629686182354538,45.12293420613047,11.871775642021623,228.57002072643746,0.0
2025-03-22 00:00:00,46.560397077542824,DE,446.71542078544957,12.315751760904128,8.732172010125915,0.0,0,5,3,1,54.649636894460386,39.244867457905,44.71788188590267,51.559194626159794,40.47805596998271,9.002975918675034,35.953171550423214,7.841087673609846,44.9146509749381,11.79756421835015,151.67774143621313,0.0
2025-03-22 01:00:00,41.819557554523215,DE,817.0881772408771,12.148862936352376,9.411042555909688,0.0,1,5,3,1,46.560397077542824,37.85667955476073,31.039171405073134,48.17895386936744,42.65250755975268,6.952498427425596,36.851537062877384,7.844462871412108,44.649676128486256,11.792475205774721,147.5948706462765,0.0
2025-03-22 02:00:00,54.11375898781722,DE,1205.3864851747244,14.14106172064644,8.768715281189232,0.0,2,5,3,1,41.819557554523215,54.649636894460386,27.566725989930553,63.58066296973577,45.70748292116823,7.346720810396058,39.06378981270127,8.686140567420717,44.255221795906316,11.27885513829654,199.96962658713207,0.0
2025-03-22 03:00:00,48.274384363804145,DE,697.3796360092097,9.186342713761626,11.202154415580535,0.0,3,5,3,1,54.11375898781722,46.560397077542824,34.461915113143746,54.23152625325957,47.21240240548476,6.649908597779016,40.214828916922976,8.932568227497718,44.007007550512334,11.114106887680665,84.38889245468131,0.0
2025-03-22 04:00:00,58.50401715817725,DE,785.1248133885749,8.239380392151732,7.841977511227368,0.0,4,5,3,1,48.274384363804145,41.819557554523215,31.916329226700935,57.95828655843661,50.65362533938751,6.1648251195444175,42.43046957787933,9.928925024124487,44.02974632550153,11.144408319696273,67.88738924657443,0.0
2025-03-22 05:00:00,60.78954784416188,DE,1141.7950885583487,8.54795130914928,9.190652860070486,0.0,5,5,3,1,58.50401715817725,54.11375898781722,31.25589430260452,64.06415603597321,51.67694383100442,7.3554208042182605,44.891607373009116,10.548232530648093,43.8933043175094,10.905955346968094,73.06747158358688,0.0
2025-03-22 06:00:00,50.29914270799694,DE,1086.3782979252624,7.620737984142081,5.669767796606832,333.18726306594647,6,5,3,1,60.78954784416188,48.274384363804145,32.32968674772938,53.248232717585715,52.300068102746785,6.984277459288534,46.38906203636475,9.855540424758306,43.77042556710986,10.812180181368564,58.075647422945906,1889.0944143708723
2025-03-22 07:00:00,57.643909022425746,DE,1302.304378291741,10.124024442812084,7.078970143936659,461.8611624478938,7,5,3,1,50.29914270799694,58.50401715817725,28.772848015903413,58.96432804922478,54.937460014063866,4.9169335159579735,48.79498378690827,8.609336994495006,43.7154081076599,10.7345860185448,102.49587091865654,3269.501379612519
2025-03-22 08:00:00,52.4412663011636,DE,999.7983389574122,13.792721362690695,9.244245064017015,584.8623461822613,8,5,3,1,57.643909022425746,60.78954784416188,35.78390681932391,61.91307543789325,54.658711232954936,5.019312111746369,50.183097077061575,7.605096787229064,43.320749393629505,10.197118356155528,190.23916258882429,5406.610856824779
2025-03-22 09:00:00,51.330795708560856,DE,731.6949724358619,12.122298764845077,9.551373770371749,528.9036885537682,9,5,3,1,52.4412663011636,50.29914270799694,39.244867457905,44.18307873578227,55.16811312374771,4.352606594281218,51.190257764616234,6.780401849951107,43.61857093416194,10.326952093998663,146.95012734416449,5051.7568179053305
2025-03-22 10:00:00,53.05552826837716,DE,818.1309661384619,12.108736997718593,7.265235653557096,617.6368412031762,10,5,3,1,51.330795708560856,57.643909022425746,37.85667955476073,49.49473264776894,54.26003164211436,4.077082486372018,52.45682849075093,5.3270907209135405,43.766937418353955,10.44000498543584,146.62151167991908,4487.277199659698
2025-03-22 11:00:00,38.452295081249034,DE,801.1502386678421,13.20744348395497,7.840367182388686,673.6466044073886,11,5,3,1,53.05552826837716,52.4412663011636,54.649636894460386,45.9786496325055,50.53715618162889,6.437455260933716,51.107050006316655,6.616869452565579,43.45333931205159,10.48362842913689,174.4365633818646,5281.636729723264
2025-03-22 12:00:00,32.04008670522867,DE,614.0964362394728,11.969871705880285,4.947818192743201,660.8123239437786,12,5,3,1,38.452295081249034,51.330795708560856,46.560397077542824,44.71788188590267,47.49398018116751,9.937037375043513,49.89702414195714,8.56483115811149,42.92509784619018,10.733561801881669,143.2778286552334,3269.579238397941
2025-03-22 13:00:00,27.77635281133593,DE,422.0452836701991,18.119574702368254,7.269507284491601,774.8208679930143,13,5,3,1,32.04008670522867,53.05552826837716,41.819557554523215,31.039171405073134,42.51605414598587,11.23217562992629,48.726757080024875,10.5078498541366,42.78914707145113,10.90986922970372,328.3189873947036,5632.565944051323
2025-03-22 14:00:00,25.089957630524744,DE,413.3349379178309,17.321027690260323,9.764332013144392,610.270286633214,14,5,3,1,27.77635281133593,38.452295081249034,54.11375898781722,27.566725989930553,37.9575027008794,11.927158108135705,46.308106966917165,12.336361893176406,42.68594838980922,11.070651125867977,300.01800024676487,5958.8816964434955
2025-03-22 15:00:00,26.466698737988736,DE,330.305727495861,18.028780067444046,9.133975718317952,569.7100344409484,15,5,3,1,25.089957630524744,32.04008670522867,48.274384363804145,34.461915113143746,33.81348653911738,10.596621091960879,44.49079983143255,13.56542410744331,42.35281437417776,11.442920981343356,325.03691072026777,5203.717621065707
2025-03-22 16:00:00,27.137165734618225,DE,293.4190963152862,25.416461696873476,8.984897128867239,535.219451580149,16,5,3,1,26.466698737988736,27.77635281133593,58.50401715817725,31.916329226700935,29.493759450157555,4.975916592315548,41.87689554613596,13.641568999769126,42.153682562007646,11.671731348160138,645.9965251886365,4808.891713816379
2025-03-22 17:00:00,26.386884047525236,DE,96.77906437339433,19.952078429854026,8.08311306046674,380.4791894820778,17,5,3,1,27.137165734618225,25.089957630524744,60.78954784416188,31.25589430260452,27.48285761120359,2.4055638235932144,39.01000689641624,12.900457657323807,41.950807134712676,11.909288547320589,398.0854336710463,3075.4563057383825
2025-03-22 18:00:00,29.733361945424626,DE,-83.42361606337087,17.837033665786123,7.9976920033611725,330.21596441218685,18,5,3,1,26.386884047525236,26.466698737988736,50.29914270799694,32.32968674772938,27.098403484569584,1.571196323627681,37.29619183286855,12.627551028540648,41.842626934616646,12.01183415327433,318.15976999438755,2640.965577961544
2025-03-22 19:00:00,27.237981083185403,DE,-3.6201758578696186,18.13661196340242,6.662923407157925,275.2859972766267,19,5,3,1,29.733361945424626,27.137165734618225,57.643909022425746,28.772848015903413,27.008674863211166,1.5397953565544251,34.762364504598516,11.13593745193446,41.77867414575339,12.088287673420414,328.93669351103176,1834.2095149172487
2025-03-22 20:00:00,36.89030871930548,DE,258.28909140945206,20.621537939277932,9.38122252650989,158.3569797808744,20,5,3,1,27.237981083185403,26.386884047525236,52.4412663011636,35.78390681932391,28.975400044674615,4.0647758341837035,33.46645137277701,9.704413335145956,41.82477422491929,12.066522048830064,425.24782698107913,1485.5820659504102
2025-03-22 21:00:00,31.456220925221814,DE,-66.94052479072104,17.618411569098505,8.825511574883599,97.84328363971102,21,5,3,1,36.89030871930548,29.733361945424626,51.330795708560856,39.244867457905,29.80698707588013,3.9578701586382334,31.810236807498754,7.908118312232246,41.500247286057494,12.242380599603843,310.40842621814403,863.5170322868887
2025-03-22 22:00:00,50.02928247784067,DE,273.73466177458,13.378011008030098,8.967603382090418,0.0,22,5,3,1,31.456220925221814,27.237981083185403,53.05552826837716,37.85667955476073,33.62233986641721,8.863356754588368,31.558049658287384,7.184134813629874,42.007439074519155,12.336655022632385,178.9711785309745,0.0
2025-03-22 23:00:00,43.449101077561636,DE,241.92271498326704,16.82869841331288,6.931496000769659,0.0,23,5,3,1,50.02928247784067,36.89030871930548,38.452295081249034,54.649636894460386,36.4660427047566,8.814635611215849,31.974450157980097,7.7431232517784965,41.54075008214837,12.046046385918725,283.2050902862394,0.0
2025-03-23 00:00:00,39.90544469090247,DE,455.7489645869635,12.34876507159694,3.676879846362331,0.0,0,6,3,1,43.449101077561636,31.456220925221814,32.04008670522867,46.560397077542824,38.161389829002914,8.218811220336624,32.62989665678625,8.074970190690285,41.263460399371695,12.001989670842638,152.49199879349257,0.0
2025-03-23 01:00:00,42.42161255023089,DE,835.0998950727201,16.174546970309677,10.17787110961221,0.0,1,6,3,1,39.90544469090247,50.02928247784067,27.77635281133593,41.819557554523215,40.69199507351049,6.2952228072204734,33.850334968360826,8.375851411787794,41.28854602419285,12.003831560019087,261.61596969475397,0.0
2025-03-23 02:00:00,53.243353020864,DE,738.2198136039807,13.464700613091898,7.025890774088011,0.0,2,6,3,1,42.42161255023089,43.449101077561636,25.089957630524744,54.11375898781722,43.41750245710358,7.70276022165387,36.196451250889105,9.558421105570325,41.25227910890313,11.96464922470613,181.29816260019732,0.0
2025-03-23 03:00:00,52.0304787883115,DE,812.8407002245035,9.496922880005723,6.258014158018579,0.0,3,6,3,1,53.243353020864,39.90544469090247,26.466698737988736,48.274384363804145,46.84654543428519,5.607560362980061,38.32676625508267,10.029896193761694,41.4087830432576,12.08446163140205,90.19154418877619,0.0
2025-03-23 04:00:00,58.13859660992545,DE,611.0414736962355,12.313092728234995,9.370523509932807,0.0,4,6,3,1,52.0304787883115,42.42161255023089,27.137165734618225,58.50401715817725,48.19809778963266,7.261461397979218,40.91021882802493,10.845182131316848,41.39355718708044,12.062195643143644,151.6122525341135,0.0
2025-03-23 05:00:00,57.36275807199259,DE,1082.2136263499783,9.56244497388068,7.199540406266561,0.0,5,6,3,1,58.13859660992545,53.243353020864,26.386884047525236,60.78954784416188,50.51704062203782,7.652674843892627,43.49154166339721,10.760186689570993,41.25077427990673,11.840869904509688,91.44035387849588,0.0
2025-03-23 06:00:00,54.03840973647113,DE,1079.0968362282151,11.146238150216474,10.103438454198063,435.1257329064803,6,6,3,1,57.36275807199259,52.0304787883115,29.733361945424626,50.29914270799694,52.872534796299256,5.644840418227134,45.51696231265108,10.20836895911805,41.40657707275981,11.988782190230816,124.23862490134117,4396.266062258449
2025-03-23 07:00:00,48.59305978586211,DE,1365.6138578056261,10.761445044723972,9.217577585258216,450.70310560702234,7,6,3,1,54.03840973647113,58.13859660992545,27.237981083185403,57.643909022425746,53.901109335571135,3.5232216453357665,47.29655220454081,8.4404690926193,41.02945835456966,11.5915861607156,115.80869945061414,4154.3908438495555
2025-03-23 08:00:00,42.803125543051785,DE,821.4570549016192,8.763946735082358,9.350704332505774,606.5928449544554,8,6,3,1,48.59305978586211,57.36275807199259,36.89030871930548,52.4412663011636,52.16107142260242,5.772896379961919,47.78928693985301,7.935216288474939,40.62786915631501,11.343333543186592,76.80676237536073,5672.070343382629
2025-03-23 09:00:00,44.9879201482533,DE,847.3834561260616,10.102336153290624,5.251654263703751,560.8357236390921,9,6,3,1,42.803125543051785,54.03840973647113,31.456220925221814,51.330795708560856,50.98731164925939,6.477691499359063,48.9169285417723,6.167833983055566,40.36358267463552,11.155460812611905,102.0571957540828,2945.315319286616
2025-03-23 10:00:00,47.85355732672478,DE,749.876736742151,14.58666123644602,10.407453656877621,744.0119874524448,10,6,3,1,44.9879201482533,48.59305978586211,50.02928247784067,53.05552826837716,49.27313843539262,5.492752252320683,48.73561811251264,6.16414029889217,40.14683388540001,10.946720281298386,212.77068602683693,7743.270279572734
2025-03-23 11:00:00,40.749704381914405,DE,894.9001785039554,13.034996569798386,8.506066748572533,726.831813902913,11,6,3,1,47.85355732672478,42.803125543051785,43.449101077561636,38.452295081249034,46.504296153712914,4.734124908387942,48.51066838787537,6.418603707385194,40.24255927292773,10.941301535668961,169.91113557465567,6182.479924044228
2025-03-23 12:00:00,29.580073633456173,DE,430.94089352260966,14.202437609015016,7.245011407612413,727.6520042926179,12,6,3,1,40.749704381914405,44.9879201482533,39.90544469090247,32.04008670522867,42.427906803210426,6.9573620411334165,47.65022079975484,8.13866367931671,40.140058728270546,11.03262693870814,201.70923403796417,5271.847071872054
2025-03-23 13:00:00,33.089829588719454,DE,376.3947826028074,14.356591201600642,8.270342620789322,699.7752619188312,13,6,3,1,29.580073633456173,47.85355732672478,42.42161255023089,27.77635281133593,39.84403510368665,7.087406434849341,46.87257221962889,9.075572166068364,40.36145359399486,10.825095331084134,206.11171092987695,5787.381173621321
2025-03-23 14:00:00,31.09559595399612,DE,321.579301943308,18.237381427698256,4.43109522030818,640.6824604208311,14,6,3,1,33.089829588719454,40.749704381914405,53.243353020864,25.089957630524744,37.892780172177375,7.695339451184469,45.0269257973899,9.878697535765506,40.611688524139495,10.521895501407611,332.6020813393533,2838.9249881060296
2025-03-23 15:00:00,22.432920104053593,DE,133.76843403799808,22.428270945336997,8.800871309066162,657.5139563389854,15,6,3,1,31.09559595399612,29.580073633456173,52.0304787883115,26.466698737988736,34.133613498144086,8.943930946643821,42.56046257370174,11.528278921467722,40.4436144143922,10.786556579022529,503.02733759744774,5786.695713654358
2025-03-23 16:00:00,26.200031390262644,DE,-72.29942480232489,16.80866194490062,5.924822669740676,532.0179934924024,16,6,3,1,22.432920104053593,33.089829588719454,58.13859660992545,27.137165734618225,30.524692508733732,6.269425907496069,39.89891547206317,11.289145295650291,40.40456715004405,10.838391813788984,282.5311163779503,3152.1122685537334
2025-03-23 17:00:00,25.29447364310514,DE,5.855085435127336,19.31649273869358,5.278225114417751,342.2331806065246,17,6,3,1,26.200031390262644,31.09559595399612,57.36275807199259,26.386884047525236,27.948820718932186,3.988035475234266,37.226558436322556,10.55073816388725,40.35905004985988,10.901927863782628,373.1268917240018,1806.3837688644242
2025-03-23 18:00:00,19.88259421109139,DE,164.72634997195442,22.078538089032758,4.938847313669037,294.14067691464993,18,6,3,1,25.29447364310514,22.432920104053593,54.03840973647113,29.733361945424626,26.332574148538054,5.024970465692743,34.38024047587424,10.204523388968779,39.94860139426266,11.488999422954462,487.4618441488703,1452.715892020711
2025-03-23 19:00:00,28.961908425537285,DE,-238.26597302674622,18.743525585547484,10.20894243608467,250.12104660448057,19,6,3,1,19.88259421109139,26.200031390262644,48.59305978586211,27.237981083185403,25.644587288007695,4.114962528145051,32.74431119584717,9.247575543275532,40.020431700193996,11.411201974381918,351.31975137607316,2553.471366838393
2025-03-23 20:00:00,32.42656096536007,DE,43.5812329371559,19.1428713256093,6.725038898719243,190.49994915827773,20,6,3,1,28.961908425537285,25.29447364310514,42.803125543051785,36.89030871930548,25.866414789901686,4.486669363352504,31.87959748103953,8.689819797006953,39.83444221044627,11.500465386042523,366.4495225888347,1281.1195682934558
2025-03-23 21:00:00,38.194761307287976,DE,-43.577553581108475,15.180564903954629,11.051021105937817,99.68320213971364,21,6,3,1,32.42656096536007,19.88259421109139,44.9879201482533,31.456220925221814,28.493388323774084,6.3157630146995825,31.31350091095909,7.9478426817577805,40.11521472636569,11.368526650785428,230.44955080317902,1101.6011707534412
2025-03-23 22:00:00,41.69744690506708,DE,439.00932578496827,17.02466237130554,6.911962760000224,0.0,22,6,3,1,38.194761307287976,28.961908425537285,47.85355732672478,50.02928247784067,31.076290909574823,8.105598986830644,30.800491709154276,6.914707402682807,39.76805491083346,11.178240507901403,289.83912885694673,0.0
2025-03-23 23:00:00,33.432417498951146,DE,15.95309649198424,14.529433226378782,4.568849770918926,0.0,23,6,3,1,41.69744690506708,32.42656096536007,40.749704381914405,43.449101077561636,32.43261488554916,7.61036014800944,30.190717802240673,6.2480780539912315,39.35069309505803,11.22173748248589,211.10442987979974,0.0
2025-03-24 00:00:00,44.50210727340827,DE,338.2156305456823,15.569994446260063,5.750516806207502,0.0,0,0,3,0,33.432417498951146,38.194761307287976,29.580073633456173,39.90544469090247,36.53586706260197,5.94537576461554,31.434220605570015,7.479126496689767,39.542220702662426,11.270737312038536,242.4247270565692,0.0
2025-03-24 01:00:00,55.351251376579754,DE,654.8518975641646,14.7162047332295,10.455188926118698,0.0,1,0,3,0,44.50210727340827,41.69744690506708,33.089829588719454,42.42161255023089,40.93409088777572,8.453698190273247,33.289339087891705,10.194902511831717,40.0809556537603,11.714628266860412,216.56668175032632,0.0
2025-03-24 02:00:00,58.39992069920912,DE,1013.1048058468681,16.39721297792524,7.671769330231484,0.0,2,0,3,0,55.351251376579754,33.432417498951146,31.09559595399612,53.243353020864,45.26298417675056,9.773088646260339,35.56469948332612,12.45682737317193,40.295812640358015,12.010096669416829,268.86859344343986,0.0
2025-03-24 03:00:00,60.72303114647099,DE,790.4033383786763,11.464314229975786,6.886991093123617,0.0,3,0,3,0,58.39992069920912,44.50210727340827,22.432920104053593,52.0304787883115,49.0176958166144,10.789183743181932,38.75554207019424,13.635576247755573,40.65800232194799,12.500428200879165,131.4305007636253,0.0
2025-03-24 04:00:00,78.8322515927386,DE,771.9727965535797,10.316133850154511,8.303602137810396,0.0,4,0,3,0,60.72303114647099,55.351251376579754,26.200031390262644,58.13859660992545,55.20682993122631,15.411176688944924,43.141560420400566,17.2228026696963,41.52023794623187,14.337326692675273,106.42261761430373,0.0
2025-03-24 05:00:00,62.851022502590695,DE,1309.1943270326524,9.728983768205955,8.98713115843991,0.0,5,0,3,0,78.8322515927386,58.39992069920912,25.29447364310514,57.36275807199259,60.10993076516623,11.203464564678054,46.2712728253577,17.09672334920654,41.74891563084012,14.641539219066491,94.65312516201494,0.0
2025-03-24 06:00:00,65.08038250065849,DE,660.3972199167513,8.647839426576068,10.218363317909741,413.9732465828876,6,0,3,0,62.851022502590695,60.72303114647099,19.88259421109139,54.03840973647113,63.53964330304128,8.223281084946878,50.03775518282163,15.674127546123891,42.208997829347936,15.207067710370888,74.78512674784349,4230.129037478583
2025-03-24 07:00:00,62.59703719367015,DE,493.20172182051783,10.382428309283814,10.880564145890672,492.67289898882484,7,0,3,0,65.08038250065849,78.8322515927386,28.961908425537285,48.59305978586211,64.74727427255634,7.25534654713498,52.840682580166025,14.528118322154837,42.7924968880066,15.722605556858902,107.79481759741795,5360.559080389824
2025-03-24 08:00:00,58.634317923010094,DE,971.015591902886,9.779338437011456,7.264028394526648,554.1772151505943,8,0,3,0,62.59703719367015,62.851022502590695,32.42656096536007,42.803125543051785,64.78634047652316,7.214852022484413,55.024662326636864,13.077812857847405,43.4521299038382,16.051720603945682,95.63546026560965,4025.5590264536204
2025-03-24 09:00:00,50.64414868538668,DE,703.1425457227515,11.639838982690186,5.331470313940743,591.0115110721196,9,0,3,0,58.634317923010094,65.08038250065849,38.194761307287976,44.9879201482533,63.106526733009126,9.239382113539246,56.06211127481175,12.076832848636403,43.68780609288542,16.11664186361061,135.48585154295412,3150.9603264782663
2025-03-24 10:00:00,52.36640945757376,DE,495.75343657385736,15.075415884725027,7.156635363858268,682.1017555893102,10,0,3,0,50.64414868538668,62.59703719367015,41.69744690506708,47.85355732672478,58.69555304381498,5.9689609247432625,56.951191487520646,11.290292991463122,43.875841598337466,16.193500347583463,227.26816409741966,4881.553545800266
2025-03-24 11:00:00,40.815109588575524,DE,721.0808120111312,11.605155283051358,8.373730562051232,652.7294108018064,11,0,3,0,52.36640945757376,58.634317923010094,33.432417498951146,40.749704381914405,55.02290089147912,8.940408954252767,57.56641582832268,10.022140360284876,43.87856681528168,16.19295686799554,134.67962914373484,5465.78021598078
2025-03-24 12:00:00,39.62467449331607,DE,498.76014275423984,17.20318483735627,5.925651696464239,742.7777829510356,12,0,3,0,40.815109588575524,50.64414868538668,44.50210727340827,29.580073633456173,50.78028289025537,9.247790614094532,57.15996309664832,10.677605067067878,44.29709185110917,15.935082126421008,295.9495685482447,4401.442429639751
2025-03-24 13:00:00,34.797107220318026,DE,207.7747513013939,18.81475967457825,5.938867719095375,770.5480839173699,13,0,3,0,39.62467449331607,52.36640945757376,55.351251376579754,33.089829588719454,46.14696122803002,9.106353394038711,55.44711775029318,12.489062721742688,44.368228419092446,15.886613048260871,353.9951816121359,4576.183141587662
2025-03-24 14:00:00,34.578379752283546,DE,-56.06087973417871,17.067739422128348,8.540745311985232,706.6394193235129,14,0,3,0,34.797107220318026,40.815109588575524,58.39992069920912,31.09559595399612,42.137638199575605,7.6951716542251924,53.461989338049385,13.801317219615884,44.51334441068775,15.775622170711559,291.30772898167413,6035.227307851259
2025-03-24 15:00:00,43.4255001184268,DE,270.9380750627554,13.973204488432692,7.755864845744559,561.0072499249213,15,0,3,0,34.578379752283546,39.62467449331607,60.72303114647099,22.432920104053593,40.93453010508229,6.583181405590399,52.02052841904571,13.87710540848716,45.38803524461997,15.064054700430749,195.25044367555554,4351.096407900529
2025-03-24 16:00:00,21.095079897576262,DE,147.02753369951296,17.641776978819475,7.918763539708634,543.0708658636553,16,0,3,0,43.4255001184268,34.797107220318026,78.8322515927386,26.200031390262644,35.7226418450827,7.9576960320487045,47.209097444448844,13.744523041866843,45.17532893242471,15.379509864662513,311.23229497040484,4300.449772079111
2025-03-24 17:00:00,33.434731002747704,DE,-52.79808590041077,21.77573609806945,6.336178879485322,375.9295885979499,17,0,3,0,21.095079897576262,34.578379752283546,62.851022502590695,25.29447364310514,34.49257874744473,7.574267062249043,44.757739819461925,13.317741246552055,45.51450632240981,15.007254312560926,474.18268261276495,2381.9571194479363
2025-03-24 18:00:00,22.53386634429625,DE,319.32739920953316,19.12205403320331,7.392368120473926,378.61951555878386,18,0,3,0,33.434731002747704,43.4255001184268,65.08038250065849,19.88259421109139,31.644110722608094,8.424219640022226,41.21219680643174,13.076783016326258,45.62497599462668,14.818948939142532,365.65295044874694,2798.8948366060354
2025-03-24 19:00:00,29.8133122948487,DE,-246.9798664097647,16.817897083048265,6.004703260348852,281.9435048572449,19,0,3,0,22.53386634429625,21.095079897576262,62.59703719367015,28.961908425537285,30.813478235029876,8.29587990159783,38.48021973152995,11.53683263403918,45.66045115584799,14.778288099738871,282.84166229600334,1692.9870828504806
2025-03-24 20:00:00,40.067391318355725,DE,-288.1177360771671,17.142271070252573,9.633566371135034,81.50918302339177,20,0,3,0,29.8133122948487,33.434731002747704,58.634317923010094,32.42656096536007,31.728313496041903,9.06142372145855,36.932975847808756,9.68451179409585,45.9788190872228,14.561508602674751,293.85745744601826,785.2241245128375
2025-03-24 21:00:00,38.10090518688891,DE,-41.935004569522704,18.900285192856664,9.923668218332967,44.42343438909024,21,0,3,0,40.067391318355725,22.53386634429625,50.64414868538668,38.194761307287976,30.840881007452257,7.869021930933786,35.88770555626727,8.696625124727182,45.97490841553952,14.563702436166977,357.2207803713169,440.8434239962146
2025-03-24 22:00:00,36.03971275524604,DE,190.88279672890022,17.17520849289217,4.160793824409273,0.0,22,0,3,0,38.10090518688891,29.8133122948487,52.36640945757376,41.69744690506708,33.33165315039722,6.394232836044807,34.52714749773997,6.994843420916465,45.73916949263031,14.681266600097409,294.98778677431534,0.0
2025-03-24 23:00:00,41.74424579243676,DE,369.2583673132776,14.339550737647665,5.99414782850064,0.0,23,0,3,0,36.03971275524604,40.067391318355725,40.815109588575524,33.432417498951146,34.716572282012066,7.262012830040213,34.6045755147284,7.0754523060063415,46.085495671525535,14.474918658051916,205.62271535757168,0.0
2025-03-25 00:00:00,52.58922121765726,DE,401.75278842873405,12.778578810870135,4.860111038705303,0.0,0,1,3,0,41.74424579243676,38.10090518688891,39.62467449331607,44.50210727340827,39.725798094238904,7.53847926710722,35.6849544084235,8.712174049403163,46.42245875253591,14.530479931546932,163.2920764256192,0.0
2025-03-25 01:00:00,49.12424188195077,DE,649.8206018541197,11.471609511611526,6.553121680071665,0.0,1,1,3,0,52.58922121765726,36.03971275524604,34.797107220318026,55.351251376579754,42.94428635875591,6.512522076088357,36.87888229689289,9.523379618173816,46.16300002359304,14.419283773341812,131.597824786896,0.0
2025-03-25 02:00:00,56.91328389255795,DE,449.69211516191115,9.28695850449018,7.686293609304739,0.0,2,1,3,0,49.12424188195077,41.74424579243676,34.578379752283546,58.39992069920912,45.751935121122955,8.385985172257952,38.74012430858243,11.087079401865727,46.10105682331591,14.367530441834885,86.24759826412247,0.0
2025-03-25 03:00:00,58.375651914459816,DE,1092.3063114079257,13.449492442086692,4.953879109488401,0.0,3,1,3,0,56.91328389255795,52.58922121765726,43.4255001184268,60.72303114647099,49.1310595757181,8.76279419697418,39.985970291585176,12.42114120660035,46.00324935531544,14.271330904782813,180.88884694974703,0.0
2025-03-25 04:00:00,56.310592401435905,DE,866.5824662137055,8.933593458166673,6.009449922634834,0.0,4,1,3,0,58.375651914459816,49.12424188195077,21.095079897576262,78.8322515927386,52.50953951674975,6.254764271218813,42.920596333573485,11.690771125871171,45.064846889011164,12.669363810754524,79.80909207579838,0.0
2025-03-25 05:00:00,70.71629039575149,DE,1156.4220794621597,11.68822538630145,5.8452548047224635,0.0,5,1,3,0,56.310592401435905,56.91328389255795,33.434731002747704,62.851022502590695,57.338213617302195,7.366247995089454,46.027392949657134,13.718627579952152,45.39256638455953,13.238390869787036,136.61461268098168,0.0
2025-03-25 06:00:00,62.57214941134555,DE,1018.5450692755409,12.310497295641522,8.267704207683348,432.7703556544148,6,1,3,0,70.71629039575149,58.375651914459816,22.53386634429625,65.08038250065849,59.00203498291691,7.204712256433606,49.363916538577904,12.278594336036205,45.288056672504815,13.085223444660567,151.5483436659972,3578.0172904046244
2025-03-25 07:00:00,47.7013154429161,DE,1024.313556975291,11.615775598255526,7.991858222957962,416.4085915935554,7,1,3,0,62.57214941134555,56.310592401435905,29.8133122948487,62.59703719367015,58.76488057641114,7.607067842357324,50.85458346758352,10.669735146018235,44.66740159955674,12.57172219474953,134.92624274902852,3327.8784268372992
2025-03-25 08:00:00,56.309633240328246,DE,996.9661579386602,9.42059381145259,6.409694442210954,494.39165414225886,8,1,3,0,47.7013154429161,70.71629039575149,40.067391318355725,58.634317923010094,58.66427213437285,7.640373062111095,52.208103627747896,10.19663750556591,44.570539737778326,12.467959298118926,88.74758776037885,3168.8994378311168
2025-03-25 09:00:00,48.91156258474647,DE,893.0951025967368,12.024070390423352,8.206811293164257,622.0477566858914,9,1,3,0,56.309633240328246,62.57214941134555,38.10090518688891,50.64414868538668,57.08692391275397,8.625315995321332,53.10899174423603,9.2726407086866,44.49834865025165,12.43623891977594,144.57826875385558,5105.028554457265
2025-03-25 10:00:00,52.83373002908854,DE,828.5445519735088,12.30552278032645,6.75980937971093,635.2074223372043,10,1,3,0,48.91156258474647,47.7013154429161,36.03971275524604,52.36640945757376,56.507446850696056,8.802869824092667,54.50849318372291,7.573955105219292,44.517820340731426,12.449452558499642,151.4258908971332,4293.8810915770355
2025-03-25 11:00:00,40.71663196909988,DE,845.2400285777469,11.724768129016887,7.05476599070121,681.1041791680121,11,1,3,0,52.83373002908854,56.309633240328246,41.74424579243676,40.815109588575524,51.507503779587466,7.548703215130708,54.42285869844483,7.7354801250254,44.51371710658662,12.450742162603298,137.47018767921014,4805.030599318955
2025-03-25 12:00:00,40.23508531968162,DE,489.30423394029407,15.48607771540789,10.94498039195039,736.9826575862336,12,1,3,0,40.71663196909988,48.91156258474647,52.58922121765726,39.62467449331607,47.78465976431014,6.424923824559331,53.39334737361352,8.756432153420475,44.539150891018515,12.44094043772869,239.81860300765283,8066.2607364888145
2025-03-25 13:00:00,39.74886135436583,DE,462.39122896644204,13.73638139444542,10.278998314934011,592.6062348258092,13,1,3,0,40.23508531968162,52.83373002908854,49.12424188195077,34.797107220318026,46.459250749551764,7.216995028789881,52.61206566298145,9.553904810105363,44.74547397993717,12.312751916084935,188.6881738136663,6091.398489193882
2025-03-25 14:00:00,38.49778502620254,DE,182.0528611425548,19.593166689900137,4.998913737498121,719.024007567187,14,1,3,0,39.74886135436583,40.71663196909988,56.91328389255795,34.578379752283546,43.490609380530806,5.897507914537865,51.07744075745183,10.253600807669065,44.908782533017124,12.197491748585454,383.8921809382123,3594.3389890185645
2025-03-25 15:00:00,25.850725249780375,DE,384.470052496621,17.2016111287196,9.257541047111665,601.1213996317589,15,1,3,0,38.49778502620254,40.23508531968162,58.375651914459816,43.4255001184268,39.6471364913698,8.56794109942285,48.367030202061876,12.252892086883126,44.17650024682353,12.802941642919727,295.8954254236899,5564.906031388223
2025-03-25 16:00:00,28.758899681330263,DE,-118.29116230407317,19.17367170162052,9.2208693203365,504.4253427718911,16,1,3,0,25.850725249780375,39.74886135436583,56.310592401435905,21.095079897576262,35.63466476674342,6.559206492752534,46.07105580871974,13.175692600546192,44.49582607114662,12.287419201671149,367.6296865215235,4651.240167565554
2025-03-25 17:00:00,27.628703495070358,DE,327.22517343762894,19.662254184906022,5.301549633848079,436.1249580748098,17,1,3,0,28.758899681330263,38.49778502620254,70.71629039575149,33.434731002747704,33.45334335440516,6.705758654872484,42.480423566996315,11.629151156438576,44.253908258326724,12.568599318510639,386.6042396318544,2312.138111793517
2025-03-25 18:00:00,27.330799537375945,DE,-58.031590128868686,18.563911647259424,9.235631498863038,348.121467751026,18,1,3,0,27.628703495070358,25.850725249780375,62.57214941134555,22.53386634429625,31.30262905735422,6.141271569790771,39.54364441083218,10.487855842491278,44.45378047470504,12.242078996211104,344.6188156472541,3215.121592991809
2025-03-25 19:00:00,41.000242825201354,DE,-319.1179335681438,19.903820587455137,10.673940048178421,172.85326904187167,19,1,3,0,27.330799537375945,28.758899681330263,47.7013154429161,29.8133122948487,31.511192635826802,6.496459999834777,38.98522169268929,10.188132012694734,44.9199025801364,11.867648013561018,396.1620739776029,1845.0254308845933
2025-03-25 20:00:00,36.64754688832367,DE,42.608181089938554,17.115945036330455,5.352986598864488,249.74691137266177,20,1,3,0,41.000242825201354,27.628703495070358,56.309633240328246,40.067391318355725,31.202819612846994,6.132194727784543,37.346714496688904,8.607034073846531,44.777409062218396,11.948698843260505,292.9555744866851,1336.8918696856556
2025-03-25 21:00:00,31.475085319736365,DE,-39.763722088250006,18.875571171628554,5.763070569324789,104.57890819823935,21,1,3,0,36.64754688832367,27.330799537375945,48.91156258474647,38.10090518688891,32.14021295783966,5.552945844178593,35.89367472460473,7.921695261475964,44.50133323442038,12.183897386960043,356.28718705521493,602.6956280093921
2025-03-25 22:00:00,46.01774638016645,DE,368.1287097977446,13.303713432862418,9.633399145040322,0.0,22,1,3,0,31.475085319736365,41.000242825201354,52.83373002908854,36.03971275524604,35.01668740764569,7.55888960884437,35.32567608719456,6.7551037789981,44.91708463545873,12.052135447735953,176.98879110372394,0.0
2025-03-25 23:00:00,55.93154532379977,DE,190.06568158826101,14.984105531946378,8.141066833004611,0.0,23,1,3,0,46.01774638016645,36.64754688832367,40.71663196909988,41.74424579243676,39.73382771243393,10.34431786077332,36.59358553341954,8.93508918928311,45.50822211593219,12.236271947520759,224.52341859250606,0.0
2025-03-26 00:00:00,54.35355877573962,DE,360.76331335704407,17.304017069482583,8.701028761832362,0.0,0,2,3,0,55.93154532379977,31.475085319736365,40.23508531968162,52.58922121765726,44.23762091882787,9.728525777320106,37.77012498809105,10.28564398849491,45.58173618085229,12.285862864913575,299.4290067409446,0.0
2025-03-26 01:00:00,45.17922521076639,DE,201.50137636215413,10.168394597354522,8.27925464415431,0.0,1,2,3,0,54.35355877573962,46.01774638016645,39.74886135436583,49.12424188195077,44.93411798308872,9.599129353834845,38.22265530945776,10.497883592073691,45.4173604862196,12.262775076556048,103.39624868750865,0.0
2025-03-26 02:00:00,53.40982058031682,DE,609.5387361501846,9.690220369303985,8.379468053209605,0.0,2,2,3,0,45.17922521076639,55.93154532379977,38.49778502620254,56.91328389255795,47.72783026508757,9.132992126119277,39.465324938967285,11.37902663174714,45.271382848209555,12.140216575302714,93.90037080567386,0.0
2025-03-26 03:00:00,64.48234846087387,DE,318.7775252674824,11.160488199332141,4.94513195473115,0.0,3,2,3,0,53.40982058031682,54.35355877573962,25.850725249780375,58.375651914459816,53.22904078861048,7.099858931674068,42.68462687322508,12.578596539063502,45.52582853764347,12.48588290619908,124.55649684743197,0.0
2025-03-26 04:00:00,56.030246811371086,DE,566.2321371950746,9.85132939733505,9.692711624596212,0.0,4,2,3,0,64.48234846087387,45.17922521076639,28.758899681330263,56.310592401435905,54.897790860477926,6.183455531835058,44.95723913406181,12.294250303111165,45.51414747139078,12.4754814348585,97.04869089479776,0.0
2025-03-26 05:00:00,62.215667089856005,DE,1085.0458443733937,9.869099980064076,9.937256196208864,0.0,5,2,3,0,56.030246811371086,53.40982058031682,27.628703495070358,70.71629039575149,55.94514448815397,6.885877984113998,47.839486100293946,11.910734321657946,45.15995483364514,11.832981804959127,97.39913441650076,0.0
2025-03-26 06:00:00,63.27572456690218,DE,1107.1600317301663,10.160170888958449,7.139294723217261,319.858967210802,6,2,3,0,62.215667089856005,64.48234846087387,27.330799537375945,62.57214941134555,57.43217212001439,7.416378229351692,50.834896519421136,10.747189668196642,45.18927046512665,11.878778136525051,103.22907249283872,2283.5674367818015
2025-03-26 07:00:00,53.192376018313716,DE,1018.0544255015272,10.802528175949647,7.511122311725591,462.19981331759004,7,2,3,0,63.27572456690218,56.030246811371086,41.000242825201354,47.7013154429161,58.767697254605615,5.141064654648972,51.85090761884715,10.299924523371756,45.41806465576823,11.981700750566642,116.694614992186,3471.639330285154
2025-03-26 08:00:00,55.079734886172105,DE,689.6174732663768,12.417165557667635,4.535861206241872,548.50220936841,8,2,3,0,53.192376018313716,62.215667089856005,36.64754688832367,56.309633240328246,59.046016305581496,4.828709639762608,53.386923285334525,9.135066878125915,45.36681889101172,11.935633704744466,154.1860004865274,2487.929893012128
2025-03-26 09:00:00,36.014158208243046,DE,794.0111193648778,11.95017896047366,8.626585723388986,562.1060786741903,9,2,3,0,55.079734886172105,63.27572456690218,31.475085319736365,48.91156258474647,54.30131793014303,9.822647178796782,53.76517935937676,8.190411839177603,44.82942704199073,12.05880733248419,142.80677718734734,4849.056273320936
2025-03-26 10:00:00,43.44962514843597,DE,699.2794921818863,11.785330120737699,8.742191094781605,617.5001981157515,10,2,3,0,36.014158208243046,53.192376018313716,46.01774638016645,52.83373002908854,52.20454765298717,10.684693309373424,53.55116925673255,8.440969591397362,44.438422671963544,11.939534164360596,138.89400605476726,5398.304732993399
2025-03-26 11:00:00,43.41639490429758,DE,347.736584712752,14.791515164334534,7.1050524424335615,682.5407707733074,11,2,3,0,43.44962514843597,55.079734886172105,55.93154532379977,40.71663196909988,49.071335622060765,9.888582973787935,52.508240055107365,8.881772392688305,44.55091279426346,11.91563836798858,218.78892085673849,4849.487970443373
2025-03-26 12:00:00,34.569851617191866,DE,750.6796603534301,18.551318933207043,9.478141196173189,655.1678886342396,12,2,3,0,43.41639490429758,36.014158208243046,54.35355877573962,40.23508531968162,44.28702346377572,8.48658803320977,50.859597791895055,10.240334742464361,44.31486138999305,12.060092285577351,344.1514341615661,6209.773755673994
2025-03-26 13:00:00,45.385981479121725,DE,496.0629355638739,15.743389395451803,6.5612800144723025,730.1732239737802,13,2,3,0,34.569851617191866,43.44962514843597,45.17922521076639,39.74886135436583,42.98595770724372,7.373691805453394,50.87682748092467,10.23007727931248,44.54974139519121,12.022133377303561,247.8543096568243,4790.870981561972
2025-03-26 14:00:00,27.01830216554877,DE,155.80716523406736,15.182945215087656,8.358646328219384,634.6485313021813,14,2,3,0,45.385981479121725,43.41639490429758,53.40982058031682,38.49778502620254,38.30905225380649,7.061480914530074,48.677534279693994,12.26958464774831,44.071429609330636,12.492542654269743,230.52182540435317,5304.8026158788025
2025-03-26 15:00:00,29.65198485157434,DE,101.82377720563261,20.259202973342255,5.190105799047952,452.13796244920974,15,2,3,0,27.01830216554877,34.569851617191866,64.48234846087387,25.850725249780375,37.24869002769504,7.902589860981105,45.775003978919024,12.310575555882727,44.229815426072044,12.27366845596242,410.43530511507964,2346.6438608773688
2025-03-26 16:00:00,31.08510874696546,DE,58.66385969729126,18.444785973419574,7.182330174683708,506.2588971689098,16,2,3,0,29.65198485157434,45.385981479121725,56.030246811371086,28.758899681330263,35.18793729411663,7.567199738519188,43.6962424735519,12.52568633324385,44.32674080380685,12.154791809504012,340.2101296052555,3636.1185533383573
2025-03-26 17:00:00,37.20979649620572,DE,-441.3098868293923,14.664535261237592,6.8807259606265125,388.65947474368363,17,2,3,0,31.08510874696546,27.01830216554877,62.215667089856005,27.628703495070358,34.15350422610131,6.576817600793425,41.61241992408104,11.171465662744977,44.725953012187496,11.732522111936342,215.0485944280807,2674.2593377123285
2025-03-26 18:00:00,23.418134944347308,DE,-99.43547650411938,20.690760860420347,7.680050320514067,268.43620922695277,18,2,3,0,37.20979649620572,29.65198485157434,63.27572456690218,27.330799537375945,32.29488478062722,7.881886319625843,38.29095412220146,10.009839307547773,44.5629253208113,12.008677299619144,428.1075849831026,2061.60359471104
2025-03-26 19:00:00,37.98879038457066,DE,-169.3597627440939,17.573972524048674,6.4903806187654665,197.54200230298932,19,2,3,0,23.418134944347308,31.08510874696546,53.192376018313716,41.000242825201354,31.062019598202042,5.701660612253119,37.02398865272288,8.846890686359842,44.43744813578502,12.06313153554216,308.84451027601773,1282.1227831394451
2025-03-26 20:00:00,34.673803638616825,DE,-183.3367038712024,17.798881696419112,6.966489285088848,180.47042359164848,20,2,3,0,37.98879038457066,37.20979649620572,55.079734886172105,36.64754688832367,32.337936510380054,5.467544570743836,35.32349438209327,6.7806908427928905,44.3552088337139,12.125116134561297,316.8001896431233,1257.2452722266648
2025-03-26 21:00:00,32.871961836171835,DE,40.22655082953519,17.71113314930402,8.881528819315196,168.94466799712,21,2,3,0,34.673803638616825,23.418134944347308,36.014158208243046,31.475085319736365,32.8745993411463,5.306845069095974,35.06164468442067,6.812192701951903,44.413412021898715,12.063798209602608,313.68423743237565,1500.486937686059
2025-03-26 22:00:00,43.73895401620892,DE,559.5373053699043,16.290868064365977,6.3559060019557485,0.0,22,2,3,0,32.871961836171835,37.98879038457066,43.44962514843597,46.01774638016645,34.98357355268688,6.766953753442892,35.08575542340175,6.84501257410241,44.31846234006715,12.059589114106336,265.3923822905793,0.0
2025-03-26 23:00:00,46.31606281660395,DE,448.75904970214117,16.064445918583562,4.016280274954825,0.0,23,2,3,0,43.73895401620892,34.673803638616825,43.41639490429758,55.93154532379977,36.501284606086585,8.229299833874684,35.32739441609395,7.207418814776272,43.91781723560066,11.814230873616978,258.06642267109606,0.0
2025-03-27 00:00:00,46.19014808718991,DE,335.7642020434406,12.469382241678254,10.728602284843024,0.0,0,3,3,0,46.31606281660395,32.871961836171835,34.569851617191866,54.35355877573962,40.29662012989368,5.914130854714051,36.295752455260455,7.848501214244785,43.577675123577755,11.616575942351131,155.485493489081,0.0
2025-03-27 01:00:00,53.12508546548655,DE,693.9260788224921,13.109464754369766,9.992342633813157,0.0,1,3,3,0,46.19014808718991,43.73895401620892,45.385981479121725,45.17922521076639,42.819335976713,7.6934204630158165,36.940677787457524,8.909605266552306,43.908752634191096,11.776337048216748,171.85806614606315,0.0
2025-03-27 02:00:00,53.90442296033927,DE,979.8710873172004,10.44081286663778,4.644909086220947,0.0,2,3,3,0,53.12508546548655,46.31606281660395,27.01830216554877,53.40982058031682,46.02443919700007,7.626754598794603,39.18118785369006,9.545433054079696,43.92936106669203,11.79410606018777,109.010573316149,0.0
2025-03-27 03:00:00,58.71537944119699,DE,988.4801271758275,11.524489373241245,8.608850086922573,0.0,3,3,3,0,53.90442296033927,46.19014808718991,29.65198485157434,64.48234846087387,50.331675464504265,5.789568663056473,41.60313740282528,10.542800515424167,43.689070690872164,11.409639078711804,132.81385531395037,0.0
2025-03-27 04:00:00,62.87924751207022,DE,894.9387758762541,10.63709671293389,6.223484935329497,0.0,4,3,3,0,58.71537944119699,53.12508546548655,31.08510874696546,56.030246811371086,53.521724380481146,6.64100357170991,44.25264896658402,11.601183583997093,43.974445720067955,11.81035027729547,113.14782648030895,0.0
2025-03-27 05:00:00,67.92665402985162,DE,803.5755576034195,7.211158288879696,7.756408907094303,0.0,5,3,3,0,62.87924751207022,53.90442296033927,37.20979649620572,62.215667089856005,57.123489582689096,7.723455268161728,46.81238709438784,13.18639691454298,44.21240350923444,12.243450328011159,52.00080386727835,0.0
2025-03-27 06:00:00,53.21347680562125,DE,1089.644662722718,11.267956772465112,7.817882734459172,357.9026744960066,6,3,3,0,67.92665402985162,58.71537944119699,23.418134944347308,63.27572456690218,58.29404436909431,6.0957010918884045,49.295332249494,11.005760539491682,43.79314318584773,11.723514378824813,126.9668498261424,2798.0411395590913
2025-03-27 07:00:00,68.49219524948546,DE,1011.6599902288841,8.375354260049939,6.76061887579954,435.75548228513776,7,3,3,0,53.21347680562125,62.87924751207022,37.98879038457066,53.192376018313716,60.855229333094144,6.689005811349993,51.83728265490357,11.660102655533564,44.430635653813226,12.637215969309016,70.14655898133665,2945.9767387700344
2025-03-27 08:00:00,45.6169226688686,DE,1062.051345897766,11.728077381769408,5.661903145259391,504.20165360263195,8,3,3,0,68.49219524948546,67.92665402985162,34.673803638616825,55.079734886172105,59.4739792845157,8.901226480689433,52.749209240757885,10.57297790059376,44.03635181142558,12.436543557150408,137.54779907277117,2854.740928377728
2025-03-27 09:00:00,51.46156943341049,DE,930.5877509296677,11.779312184871243,5.848352371799665,550.2000703804525,9,3,3,0,45.6169226688686,53.21347680562125,32.871961836171835,36.014158208243046,58.265010949884605,9.497502572756645,54.29834320719443,8.567495326627462,44.67999394580755,12.402998974161072,138.75219554865612,3217.7638865738622
2025-03-27 10:00:00,51.513149387530305,DE,909.9105430638671,15.858408695016955,5.397050645469699,683.521200908802,10,3,3,0,51.46156943341049,68.49219524948546,43.73895401620892,43.44962514843597,56.37066126246129,9.526571961346209,54.94619282147122,7.96949771967747,45.01597412243649,12.477213741605015,251.48912633818935,3688.998538557074
2025-03-27 11:00:00,46.084194999938546,DE,472.362480239147,12.913922319979294,5.099711340416531,622.2174432038446,11,3,3,0,51.513149387530305,45.6169226688686,46.31606281660395,43.41639490429758,52.73025142414244,8.325055954863132,54.92687050341576,7.992571631934399,45.127132459754854,12.474226886003155,166.7693896864594,3173.1293513116248
2025-03-27 12:00:00,37.695269927913145,DE,713.4788131268651,13.967407993974145,6.628999176778709,738.8013956921737,12,3,3,0,46.084194999938546,51.46156943341049,46.19014808718991,34.569851617191866,50.14388361119109,10.317113494553016,54.218963990142704,9.13174968022256,45.257358222701576,12.375141859879978,195.08848607013286,4897.513843846381
2025-03-27 13:00:00,36.18331370767717,DE,360.1103983872195,15.884304199235412,5.3318357786559165,637.9631882548376,13,3,3,0,37.695269927913145,51.513149387530305,53.12508546548655,45.385981479121725,44.75907002088971,6.579875712178866,52.80714967699192,10.52031303315629,44.873913732224715,12.512790250924361,252.31111989384775,3401.5149526025434
2025-03-27 14:00:00,31.70400438205777,DE,615.0521745250533,16.440130781554313,8.12745988830266,615.4871294569018,14,3,3,0,36.18331370767717,46.084194999938546,53.90442296033927,27.01830216554877,42.44025030642124,8.413216987549152,50.95711479546846,12.13752271188996,45.06915132457926,12.255995834365777,270.2779001146096,5002.346956427516
2025-03-27 15:00:00,28.9053835003382,DE,-41.39095421118711,19.55941196144634,9.737848067549274,524.148113884508,15,3,3,0,31.70400438205777,37.695269927913145,58.71537944119699,29.65198485157434,38.68088598424252,8.613043601702428,48.47294846706357,13.391140992976013,45.03804293494443,12.297705905131933,382.5705962775702,5104.074697899853
2025-03-27 16:00:00,34.67941634564013,DE,364.18005874083065,15.367413607247522,5.603249274137334,499.9298926557183,16,3,3,0,28.9053835003382,36.18331370767717,62.87924751207022,31.08510874696546,35.875263810594156,5.916726813937436,46.12296253652772,13.104475632939554,45.187805751555864,12.141288880980202,236.1574009762163,2801.231808142709
2025-03-27 17:00:00,31.788507480700375,DE,6.619243547995374,16.816996037766888,7.242164757948174,489.3522887097812,17,3,3,0,34.67941634564013,31.70400438205777,67.92665402985162,37.20979649620572,33.49264922405447,3.269754382733989,43.111450324098456,11.717295945821185,44.96191870924315,12.344896083937886,282.8113557342672,3543.9698995152576
2025-03-27 18:00:00,27.132897723941234,DE,-180.28360072288967,16.774798185755046,7.762725977483288,375.78140442219785,18,3,3,0,31.788507480700375,28.9053835003382,53.21347680562125,23.418134944347308,31.732253856725816,3.3954951298406995,40.93806873395845,12.086150679892866,45.11670049172622,12.083555043430959,281.3938541728108,2917.0880699633485
2025-03-27 19:00:00,36.67097100096212,DE,-129.7400799553985,20.459730602697597,7.707360298715969,308.33443981551966,19,3,3,0,27.132897723941234,34.67941634564013,68.49219524948546,37.98879038457066,31.813530072273306,3.5266498033856335,38.28630004658151,8.428421235756495,45.06179135074254,12.120291718796173,418.6005763349606,2376.4446201609644
2025-03-27 20:00:00,36.15913593790194,DE,-47.082163531083324,21.31566152898521,6.915266292709595,201.10712729669677,20,3,3,0,36.67097100096212,31.788507480700375,45.6169226688686,34.673803638616825,32.556051998247334,3.9433629246584667,37.49815115233428,8.117062751119294,45.12368019654608,12.068624251071016,454.3574264182601,1390.709338618505
2025-03-27 21:00:00,41.843815685606394,DE,181.27979868710946,16.752760573884977,8.248720593596865,47.32913515818997,21,3,3,0,36.15913593790194,27.132897723941234,51.46156943341049,32.871961836171835,34.7124573624587,4.95550653394092,36.69667167335061,7.01267101650067,45.49750744027253,11.808780604212803,280.6549868459149,390.404811856491
2025-03-27 22:00:00,44.57658085451063,DE,304.5670976070997,15.48671178122175,7.727853662238735,0.0,22,3,3,0,41.843815685606394,36.67097100096212,51.513149387530305,43.73895401620892,36.361984780603784,6.383720253551823,36.11862429559897,5.873735022343834,45.5324085585351,11.804594254415415,239.83824179463255,0.0
2025-03-27 23:00:00,41.17578928412624,DE,205.85047666102338,14.700133133325773,4.288030912222824,0.0,23,3,3,0,44.57658085451063,36.15913593790194,46.084194999938546,46.31606281660395,37.92653174784142,6.185929150698124,35.70959048594795,5.254980396196779,45.31823049468185,11.836346620611078,216.0939141375022,0.0
2025-03-28 00:00:00,46.390327271999034,DE,445.1290815478034,15.57859811082825,8.501667885655966,0.0,0,4,3,0,41.17578928412624,41.843815685606394,37.695269927913145,46.19014808718991,41.136103339184395,4.114700419724417,36.4341785979551,6.087228723621087,45.326571294048904,11.837058264091027,242.6927190987015,0.0
2025-03-28 01:00:00,56.512543066152766,DE,1007.8635942736331,10.143033412430379,8.537937431410905,0.0,1,4,3,0,46.390327271999034,44.57658085451063,36.18331370767717,53.12508546548655,44.44303201671617,6.863477630617874,38.128281044494734,8.400410586299845,45.46771536074332,11.953711145870408,102.88112680567906,0.0
2025-03-28 02:00:00,58.8828422718154,DE,1045.5086340201424,11.351130710069114,5.236783548520257,0.0,2,4,3,0,56.512543066152766,41.17578928412624,31.70400438205777,53.90442296033927,48.23031640570175,7.607373707532828,40.39318420197454,10.018886363230243,45.6751494987215,12.1480947413944,128.84816839707415,0.0
2025-03-28 03:00:00,58.04328474512001,DE,890.8181245280801,11.911750193825025,6.839231427772624,0.0,3,4,3,0,58.8828422718154,46.390327271999034,28.9053835003382,58.71537944119699,50.930227915620684,7.760547620427276,42.82134263903969,10.500926223344088,45.64714555305162,12.117463297587575,141.88979268009052,0.0
2025-03-28 04:00:00,60.1552310560089,DE,890.6133975258593,10.3230366075814,8.130013742499559,0.0,4,4,3,0,58.04328474512001,56.512543066152766,34.67941634564013,62.87924751207022,53.52666961587039,7.815539543637941,44.94432719823709,11.253492103064042,45.53364486738241,11.960782137746012,106.5650848014657,0.0
2025-03-28 05:00:00,66.38489442806699,DE,956.9691784881865,9.3756854489603,6.344728117718697,0.0,5,4,3,0,60.1552310560089,58.8828422718154,31.788507480700375,67.92665402985162,57.728187139860516,6.515926566749899,47.82735944385097,11.984580097307267,45.46940488397471,11.8388010212048,87.90347763784591,0.0
2025-03-28 06:00:00,56.444697355576345,DE,1072.7035945460834,11.01257124804326,8.909311852409443,385.6161079790082,6,4,3,0,66.38489442806699,58.04328474512001,27.132897723941234,53.21347680562125,59.403915487123406,3.7023879266376127,50.2700094131539,10.243982985743084,45.60403907355617,11.94856219002047,121.27672549322908,3435.574161297377
2025-03-28 07:00:00,60.56251528205432,DE,728.4044001048532,3.9553030870734887,11.491100746116143,554.6692576128244,7,4,3,0,56.444697355576345,60.1552310560089,36.67097100096212,68.49219524948546,60.07891085644033,3.428906190406145,52.260971436578245,9.666087558218441,45.27363574157988,11.384458338236207,15.644422510613069,6373.760320002413
2025-03-28 08:00:00,54.36639840431164,DE,831.5373944075504,11.38219894706286,5.191383691607456,494.11791615331504,8,4,3,0,60.56251528205432,66.38489442806699,36.15913593790194,45.6169226688686,59.32617021185636,4.161478004305083,53.778243308779054,8.231337484353563,45.63819723055667,11.53502468494045,129.5544528705189,2565.15569164938
2025-03-28 09:00:00,51.1320888924523,DE,469.8365758177559,9.651072714607643,4.00126655056987,520.7353610386735,9,4,3,0,54.36639840431164,56.444697355576345,41.843815685606394,51.46156943341049,58.17430423641175,5.368908605992419,54.55226607601622,7.402004152233157,45.62446887468341,11.527986610369648,93.14320454264414,2083.600981822969
2025-03-28 10:00:00,54.065447615043375,DE,779.8446245210558,8.435262070507726,7.370992948087172,559.1083896291655,10,4,3,0,51.1320888924523,60.56251528205432,44.57658085451063,51.513149387530305,57.159340329584154,5.493698560621708,55.34300497272728,6.714338799834298,45.730814634163124,11.596242025203543,71.15364619814628,4121.183997172953
2025-03-28 11:00:00,48.80631740620353,DE,708.8487104918088,14.298062666142432,7.663334939479687,723.7096406442404,11,4,3,0,54.065447615043375,54.36639840431164,41.17578928412624,46.084194999938546,54.22957749260692,4.1003585507557405,55.978882316233715,5.502660552626489,45.84423640109083,11.613148771876656,204.43459600493603,5546.029375187296
2025-03-28 12:00:00,44.87631570701931,DE,353.36270754012526,17.328161858905926,5.758477181537861,605.8424895970708,12,4,3,0,48.80631740620353,51.1320888924523,46.390327271999034,37.695269927913145,52.30151388451409,5.372836784885243,55.85271468581874,5.754109858937177,46.143446641886925,11.485875512427029,300.2651934084421,3488.730151950821
2025-03-28 13:00:00,43.75131899523519,DE,635.3878301067462,15.563049564124967,9.126731255869469,669.4580865542777,13,4,3,0,44.87631570701931,54.065447615043375,56.512543066152766,36.18331370767717,49.49964783671089,4.518757440725882,54.789279346575604,6.719342841754854,46.45878019553518,11.302970589166065,242.20851173541033,6109.964043049495
2025-03-28 14:00:00,34.27402826351573,DE,-45.1531326004681,18.867042623998213,3.542998329780902,674.9745506765016,14,4,3,0,43.75131899523519,48.80631740620353,58.8828422718154,31.70400438205777,46.15091947991157,6.97059803309889,52.73854484588397,8.792028290888554,46.56586452392926,11.168480252122764,355.9652973757654,2391.43370569146
2025-03-28 15:00:00,35.26197214153408,DE,-196.42836663523758,21.098887855909002,7.606047175290621,606.7461502567875,15,4,3,0,34.27402826351573,44.87631570701931,58.04328474512001,28.9053835003382,43.5059000214252,7.677584809067374,50.84010212891848,9.92855700969463,46.83072238397909,10.800776294183107,445.16306875622433,4614.939842279097
2025-03-28 16:00:00,28.880072077567725,DE,61.87766181977517,21.144666913658263,5.008488287709612,546.2722432092087,16,4,3,0,35.26197214153408,43.75131899523519,60.1552310560089,34.67941634564013,39.30833743184593,7.634397815190617,48.23383888071505,11.274664609980443,46.589083039476066,11.143873214440239,447.09693888955445,2735.9981320141787
2025-03-28 17:00:00,31.62426181331735,DE,176.45674737789673,22.11909311717185,9.658965741641993,451.701158575925,17,4,3,0,28.880072077567725,34.27402826351573,66.38489442806699,31.788507480700375,36.444661499698235,6.4969178146985085,45.337119496152575,10.63452404073624,46.582239470001774,11.153403942260145,489.2542803261191,4362.966016144856
2025-03-28 18:00:00,29.946730428406084,DE,286.78553829157374,20.309462193426686,10.205240635563637,413.94329066566974,18,4,3,0,31.62426181331735,35.26197214153408,56.444697355576345,27.132897723941234,33.95639728659603,5.385745412195686,43.128955585555055,10.86695597079694,46.69948249935448,10.953055981997524,412.4742545862279,4224.390890720223
2025-03-28 19:00:00,32.657951448759455,DE,-124.73976571832219,18.624785878923102,4.686896753660704,211.79751517717807,19,4,3,0,29.946730428406084,28.880072077567725,60.56251528205432,36.67097100096212,32.107502695516736,2.460336208197039,40.80357526611382,9.722617741237475,46.53227335134603,11.141812261303233,346.8826490357334,992.6730863173195
2025-03-28 20:00:00,37.59842346070346,DE,232.7234647940398,14.6053063423965,5.1210956574102395,141.1502430770734,20,4,3,0,32.657951448759455,31.62426181331735,54.36639840431164,36.15913593790194,32.661568561714695,3.2827036172971096,39.40624402081313,8.752738088335821,46.592243664796094,11.087291844558239,213.31497335524742,722.8438968644003
2025-03-28 21:00:00,33.68840167524423,DE,88.74491550658473,16.38433721706949,7.939385703187003,63.87965432116723,21,4,3,0,37.59842346070346,29.946730428406084,51.1320888924523,41.843815685606394,32.39930681733305,3.090641206118385,37.95260341937912,8.048467361895314,46.25243474769767,11.360754754630552,268.4465060426484,507.165214242003
2025-03-28 22:00:00,51.890373023319874,DE,165.47454001183584,14.05266521933886,5.44594862964837,0.0,22,4,3,0,33.68840167524423,32.657951448759455,54.065447615043375,44.57658085451063,36.23435697495841,8.087413749133376,37.771347203402165,7.668112979316923,46.55717608806472,11.411825035198325,197.47739976681606,0.0
2025-03-28 23:00:00,40.290677431238095,DE,497.32246494607364,18.81671742446451,6.129387493362923,0.0,23,4,3,0,51.890373023319874,37.59842346070346,48.80631740620353,41.17578928412624,37.67875957794519,7.870378271924584,37.061710538821714,6.910683234021381,46.52029642752771,11.431385673242001,354.0688546321463,0.0
2025-03-29 00:00:00,38.12028940904523,DE,580.464575682684,12.817873063116666,6.27098677031222,0.0,0,5,3,1,40.290677431238095,33.68840167524423,44.87631570701931,46.390327271999034,39.04101940805172,6.913616036055361,36.49870834732388,6.477807205086054,46.175711516571305,11.55940196871156,164.29786986217184,0.0
2025-03-29 01:00:00,53.566629408036796,DE,264.13109115441046,12.15895247674997,2.380863616832087,0.0,1,5,3,1,38.12028940904523,51.890373023319874,43.75131899523519,56.512543066152766,42.52579906793128,8.202171506391059,37.31665088172401,7.93305544884231,46.052965114149806,11.460079633228132,147.84012533186424,0.0
2025-03-29 02:00:00,54.78930441446275,DE,995.3080699451791,11.89216667904995,6.192534437038925,0.0,2,5,3,1,53.566629408036796,40.290677431238095,34.27402826351573,58.8828422718154,45.39094589355782,9.091074987223227,39.02625722763626,9.308989199502362,45.882401036760115,11.290027237576224,141.42362832230592,0.0
2025-03-29 03:00:00,56.26839180020153,DE,1079.571661422764,9.963363009374545,4.840754381099051,0.0,3,5,3,1,54.78930441446275,38.12028940904523,35.26197214153408,58.04328474512001,49.15427758105071,7.869326757053892,40.77679219919188,10.442826895444012,45.808447164055174,11.212452116989558,99.26860245657299,0.0
2025-03-29 04:00:00,57.71032168578639,DE,757.9001615903135,12.625753530932688,5.233964284427856,0.0,4,5,3,1,56.26839180020153,53.566629408036796,28.880072077567725,60.1552310560089,50.12426902479513,8.598905629134121,43.17931299987677,10.768329684347203,45.70657594029591,11.086839515393544,159.40965222385924,0.0
2025-03-29 05:00:00,54.93533608489029,DE,1012.1236198320161,7.666026674663382,9.107473936165029,0.0,5,5,3,1,57.71032168578639,54.78930441446275,31.62426181331735,66.38489442806699,52.56504546707049,7.216763746647503,45.121902522507845,10.5955702077839,45.2295110093302,10.382320289562266,58.767964976650504,0.0
2025-03-29 06:00:00,49.916282442326334,DE,1048.8060372565478,9.314497155752935,3.707196140668887,439.08994543855306,6,5,3,1,54.93533608489029,56.26839180020153,29.946730428406084,56.444697355576345,54.53104430595068,2.667675177121504,46.786031857001205,9.507869954247733,44.95749372127813,10.158823099523403,86.75985726452951,1627.792551136316
2025-03-29 07:00:00,53.20605116717277,DE,985.0976663093156,7.791629684045338,7.846620302723354,357.75550540199356,7,5,3,1,49.916282442326334,57.71032168578639,32.657951448759455,60.56251528205432,54.47094793247334,2.6976395434160887,48.49837350020231,8.532420134247847,44.650974383158065,9.771088451595958,60.709493133296455,2807.171612098337
2025-03-29 08:00:00,46.99155310892055,DE,772.9516711231354,7.301206467929106,5.662284068563783,498.7775931868673,8,5,3,1,53.20605116717277,54.93533608489029,37.59842346070346,54.36639840431164,53.17132271488298,4.051965877714048,49.28113430422041,7.844703771757129,44.34368916251677,9.566082663474587,53.30761588732981,2824.2204196585863
2025-03-29 09:00:00,52.09609357567716,DE,669.2287170056635,9.65048908142139,5.66068959223573,560.7222003811939,9,5,3,1,46.99155310892055,49.916282442326334,33.68840167524423,51.1320888924523,52.47593967746226,3.7617834265401844,50.815108629256486,6.131045499123962,44.3838560243178,9.597796951272727,93.13193951063349,3174.074323833342
2025-03-29 10:00:00,42.83627644759673,DE,694.8891858017109,11.937257452493288,7.800953721330822,689.1828575124208,10,5,3,1,52.09609357567716,53.20605116717277,51.890373023319874,54.065447615043375,49.99693213776397,4.458846367073728,50.06060058127955,6.530773925793141,43.915973892340865,9.376462444962687,142.49811548710653,5376.283576988929
2025-03-29 11:00:00,35.551749677300826,DE,813.9553264031335,12.332198811778937,6.303837661591059,635.5670022210666,11,5,3,1,42.83627644759673,46.99155310892055,40.290677431238095,48.80631740620353,46.76633440316573,6.649232242299372,49.66568993511811,7.276019091026253,43.36370023696991,9.465818924693988,152.08312753324182,4006.5112050656876
2025-03-29 12:00:00,34.20183831875115,DE,558.7200309188866,13.111148602553286,6.76496106689234,737.8747574668743,12,5,3,1,35.551749677300826,52.09609357567716,38.12028940904523,44.87631570701931,44.14726038256987,8.09751250587323,49.33915234426028,7.90224308701716,42.91893034579207,9.640818484442113,171.90221767823496,4991.694006506033
2025-03-29 13:00:00,34.28858223084167,DE,246.4676110315184,12.940457459757669,7.560104393519,756.6008464010094,13,5,3,1,34.20183831875115,42.83627644759673,53.566629408036796,43.75131899523519,40.994348893181346,7.52775242917191,47.73264841282734,8.865549994234957,42.52464964727567,9.79752148651196,167.45543926779789,5719.981383016466
2025-03-29 14:00:00,26.35038629133206,DE,354.33974212966905,16.710228178055935,4.961118306086632,687.8690363287536,14,5,3,1,34.28858223084167,35.551749677300826,54.78930441446275,34.27402826351573,37.55415442358326,8.840869160005514,45.36273856923312,10.464593165044299,42.19449789843469,10.21235582633418,279.23172576269457,3412.5996683207504
2025-03-29 15:00:00,22.7411053072271,DE,-473.2619147192886,14.78003638559069,4.399261603437777,611.6749245983668,15,5,3,1,26.35038629133206,34.20183831875115,56.26839180020153,35.26197214153408,32.66165637884159,7.143445172117733,42.56879802815192,11.69194200095328,41.6727951136719,10.879904219300826,218.44947555938472,2690.9180095712927
2025-03-29 16:00:00,26.649841917994568,DE,246.74043818220144,19.95009572759036,3.453434019337682,475.6063329549627,16,5,3,1,22.7411053072271,34.28858223084167,57.71032168578639,28.880072077567725,29.963917290574567,5.368357049847102,39.98042471416927,11.471180859013476,41.579868857023015,11.002749413289004,398.0063195400191,1642.4750900391125
2025-03-29 17:00:00,26.228262906418752,DE,-380.9056689001541,18.919189358019057,3.9729140124953677,398.24411747961403,17,5,3,1,26.649841917994568,26.35038629133206,54.93533608489029,31.62426181331735,28.41000282876088,4.740034367831748,37.588168615963305,11.054681454683495,41.355035569235575,11.266988854452748,357.93572596458154,1582.18963472861
2025-03-29 18:00:00,23.062729823388857,DE,-122.48818828062643,15.825250006074029,11.521923923070728,412.4809452648334,18,5,3,1,26.228262906418752,22.7411053072271,49.916282442326334,29.946730428406084,26.5534847462005,4.164316101036524,35.35037256438518,11.050211887270486,41.068202210693194,11.651124843561433,250.43853775474605,4752.574071057712
2025-03-29 19:00:00,24.817780095704254,DE,-256.89689206976294,17.77064624074118,8.113094233926851,298.38078440938455,19,5,3,1,23.062729823388857,26.649841917994568,53.20605116717277,32.657951448759455,24.9750177236776,1.728538783855326,32.984683308429474,9.854078196663963,40.74152840431589,12.00181699139581,315.7958678135686,2420.791421506349
2025-03-29 20:00:00,30.782888020307073,DE,-241.94899703640044,16.220070948730655,2.9215863400372353,173.04902403112277,20,5,3,1,24.817780095704254,26.228262906418752,46.99155310892055,37.59842346070346,25.713768011840102,2.9497267125100715,31.633961217711686,8.815758241262687,40.457547760966044,12.159024175405738,263.09070158185614,505.57766476610357
2025-03-29 21:00:00,25.53908338392497,DE,328.61196688243,17.42995700788874,2.9788191589661377,81.6171492964139,21,5,3,1,30.782888020307073,23.062729823388857,52.09609357567716,33.68840167524423,26.180097691289745,2.584316131462865,29.42087703506567,6.139064949770082,40.11799283216107,12.466189202073068,303.80340129684976,243.12272802435734
2025-03-29 22:00:00,29.391117773009796,DE,106.4597597376215,18.33520509573852,6.587467195890261,0.0,22,5,3,1,25.53908338392497,24.817780095704254,42.83627644759673,51.890373023319874,26.636977000458945,2.9062349335351665,28.300447145516756,4.467385747632548,39.18052386339816,12.38814237338573,336.1797459027958,0.0
2025-03-29 23:00:00,36.72854323247442,DE,389.89125379488235,10.63963284389838,6.718264667209212,0.0,23,5,3,1,29.391117773009796,30.782888020307073,35.551749677300826,40.290677431238095,28.38702372146823,5.010542647152994,28.398513275114556,4.650209196212147,39.03210160511633,12.395600046375993,113.20178705296112,0.0
2025-03-30 00:00:00,43.12399671442465,DE,440.6158842241632,13.31484263999716,6.721502743088006,0.0,0,6,3,1,36.72854323247442,25.53908338392497,34.20183831875115,38.12028940904523,31.73056820330753,7.032527530901879,29.142026474754015,6.1377849104523,39.240589409507145,12.421649585682607,177.28503452788652,0.0
2025-03-30 01:00:00,49.33061286852648,DE,674.8176879958846,11.507423065768705,5.113823485345883,0.0,1,6,3,1,43.12399671442465,29.391117773009796,34.28858223084167,53.566629408036796,35.81604033211123,9.045558634712943,30.395529027894415,8.402560217502314,39.06408872036088,12.237975811958508,132.42078561458564,0.0
2025-03-30 02:00:00,58.207772029395834,DE,715.3643782120511,12.04702187359093,5.372826552447478,0.0,2,6,3,1,49.33061286852648,36.72854323247442,26.35038629133206,54.78930441446275,40.386854333626026,12.327316313462896,33.05031117273307,11.478107471787846,39.206524870983095,12.447064406913073,145.13073602277834,0.0
2025-03-30 03:00:00,57.436090830950846,DE,546.9549457555598,10.217697166826003,6.279494120771993,0.0,3,6,3,1,58.207772029395834,43.12399671442465,22.7411053072271,56.26839180020153,45.703022241463664,11.493162776901967,35.94155996637671,12.923872032348964,39.255178997264316,12.518732820038535,104.40133539296413,0.0
2025-03-30 04:00:00,53.76890148964786,DE,1082.2660657816473,7.64685858031453,5.795521085039939,0.0,4,6,3,1,57.436090830950846,49.33061286852648,26.649841917994568,57.71032168578639,49.76598619423668,8.489971463449631,38.201481597347815,13.50919647550914,39.09095315575854,12.289865051320701,58.47444614732994,0.0
2025-03-30 05:00:00,54.901488909611416,DE,834.2115965122717,8.188363320520036,1.1851343269582078,0.0,5,6,3,1,53.76890148964786,58.207772029395834,26.228262906418752,54.93533608489029,52.79481047375952,5.687774385680161,40.59091709761387,13.732846284605587,39.08954285678859,12.28796960483808,67.0492938688379,0.0
2025-03-30 06:00:00,49.38990747656645,DE,638.6836202680497,7.2483763253924565,5.164135811302891,396.8957768755328,6,6,3,1,54.901488909611416,57.436090830950846,23.062729823388857,49.916282442326334,53.83912893411648,3.828289609856993,42.784848568712,12.7455040087681,39.06761056654859,12.268259165433447,52.53895935450985,2049.623694717821
2025-03-30 07:00:00,52.73446269624218,DE,847.3398809513517,11.343730926359617,3.920922203932651,441.2116318812448,7,6,3,1,49.38990747656645,53.76890148964786,24.817780095704254,53.20605116717277,54.406437238735755,3.2323844076214234,45.111238785423495,11.670322778510494,39.04796104692648,12.244985283933458,128.68023132964763,1729.9564840765318
2025-03-30 08:00:00,48.934068471880416,DE,1183.1646600190816,9.899020581435387,5.974157910270302,668.4201527833383,8,6,3,1,52.73446269624218,54.901488909611416,30.782888020307073,46.99155310892055,52.86081997914986,3.2681683629875837,46.62383715638794,10.787272451964961,39.12889918704981,12.30604221948095,97.99060847168138,3993.247543134664
2025-03-30 09:00:00,48.83408771027885,DE,973.5977390159724,14.591554428458963,11.594253077660099,514.0574104713818,9,6,3,1,48.934068471880416,49.38990747656645,25.53908338392497,52.09609357567716,51.4271527923712,2.696430307918924,48.56508751691743,8.501949759269971,38.99298227599155,12.173900664007451,212.91346063868036,5960.111713451799
2025-03-30 10:00:00,39.43540863734581,DE,630.2695731184282,11.805155212681855,6.3586984034018865,706.0453178187475,10,6,3,1,48.83408771027885,52.73446269624218,29.391117773009796,42.83627644759673,49.03823731698753,5.299628667266122,49.402111755612104,6.7582760886225515,38.85127945056443,12.14698323272776,139.36168959550957,4489.529235143447
2025-03-30 11:00:00,42.275968232469246,DE,509.55798168757485,11.689503979478268,4.372940627655206,679.4339523313506,11,6,3,1,39.43540863734581,48.934068471880416,36.72854323247442,35.551749677300826,46.93398387079716,5.004269948608845,49.86439717227833,5.954489072919832,39.13145522369645,12.145117593874186,136.64450328623826,2971.1243339581138
2025-03-30 12:00:00,43.472462092029005,DE,385.6729897565235,11.38407602956108,6.843603003954506,738.5960077418338,12,6,3,1,42.275968232469246,48.83408771027885,43.12399671442465,34.20183831875115,45.947742973374254,5.006558383036459,49.89343595374536,5.9193754127109575,39.517731214249686,12.128929609584825,129.59718704682714,5054.657857290819
2025-03-30 13:00:00,31.68012421717926,DE,735.9400741609078,12.062327287075181,5.965375774418427,710.1393967861361,13,6,3,1,43.472462092029005,39.43540863734581,49.33061286852648,34.28858223084167,42.4386865601971,6.464559584750871,48.42256189946644,7.925077383207778,39.40904546368042,12.189361098998457,145.4997395805185,4236.248354048132
2025-03-30 14:00:00,31.17756766584664,DE,276.3870904463108,13.62368168978808,5.840188980903684,616.4510814690537,14,6,3,1,31.68012421717926,42.275968232469246,58.207772029395834,26.35038629133206,39.47926975919147,6.9430048089512795,46.17004486917066,8.694976919816623,39.61017802095187,12.002915942935937,185.604702784667,3600.190813261727
2025-03-30 15:00:00,30.30292724361482,DE,182.4549388449404,18.2392446881614,6.213701186431344,608.9371930382588,15,6,3,1,31.17756766584664,43.472462092029005,57.436090830950846,22.7411053072271,36.390743014747464,6.008081844381352,43.90894790355933,9.020782954696134,39.92525393496802,11.63444389828967,332.67004679462383,3783.753758844001
2025-03-30 16:00:00,23.425303501105823,DE,223.0439889141492,19.362948099156757,9.113087129659085,432.10492743008575,16,6,3,1,30.30292724361482,31.68012421717926,53.76890148964786,26.649841917994568,33.72239215870747,7.701912652410683,41.38031473784749,10.183556046697797,39.79089816759765,11.811683817089264,374.92375909063827,3937.8098528253877
2025-03-30 17:00:00,26.123892459927223,DE,14.794918660768516,15.50744270057152,2.7382231293481705,470.7490408144519,17,6,3,1,23.425303501105823,31.17756766584664,54.901488909611416,26.228262906418752,31.030379529950466,6.89476953333804,38.98218170037381,10.098049839955863,39.78654939899384,11.816912404032427,240.48077911150892,1289.015911676598
2025-03-30 18:00:00,25.66040770415348,DE,-101.80842916414062,20.445943885641856,5.9472641536229105,364.9079232995263,18,6,3,1,26.123892459927223,30.30292724361482,49.38990747656645,23.062729823388857,28.061703798637875,3.430515994173594,37.00472338600606,10.197600101921301,39.894785977359035,11.668029910465762,418.03662137481564,2170.2038116122512
2025-03-30 19:00:00,27.661352116540026,DE,-72.23288296152984,17.33845654395976,3.1472377400369247,291.34634264627306,19,6,3,1,25.66040770415348,23.425303501105823,52.73446269624218,24.817780095704254,27.391908448531336,2.9399918438424395,34.91529750436422,9.201714306477477,40.01326814489386,11.521796151680169,300.6220753267811,916.9362049980799
2025-03-30 20:00:00,25.75758941424156,DE,2.667046224967912,17.933484036368654,6.111025292684499,227.90591625435746,20,6,3,1,27.661352116540026,26.123892459927223,48.934068471880416,30.782888020307073,26.48857873993049,2.3091780282539323,32.98392424956098,8.388099005518283,39.80388070297446,11.740423137525392,321.60984968268934,1392.7388185828136
2025-03-30 21:00:00,32.90205596270631,DE,89.00216210475784,19.931563496046962,3.162626977027813,120.89361859519397,21,6,3,1,25.75758941424156,25.66040770415348,48.83408771027885,25.53908338392497,26.92176685977907,3.2285922544443637,31.656254937263267,6.752701851456171,40.11067122709035,11.443918391124637,397.2672233969518,382.34141951967166
2025-03-30 22:00:00,38.91842810111982,DE,345.52590872739574,17.36349708790903,4.165266372789833,0.0,22,6,3,1,32.90205596270631,27.661352116540026,39.43540863734581,29.391117773009796,29.503954293114734,5.362975163152831,31.6131732259111,6.700003118095269,40.507642490761604,11.21893918157802,301.4910311218253,0.0
2025-03-30 23:00:00,47.57648237771181,DE,330.9796546101991,13.76843073986394,4.409820171524189,0.0,23,6,3,1,38.91842810111982,25.75758941424156,42.275968232469246,36.72854323247442,33.07938594607884,8.744103125481082,32.05488273801465,7.58336225391086,40.95963995514649,11.278431477121106,189.56968503843026,0.0
2025-03-31 00:00:00,53.987586603409916,DE,596.5280154431158,11.217920283357486,6.95163343868942,0.0,0,0,3,0,47.57648237771181,32.90205596270631,43.472462092029005,43.12399671442465,37.80058242928824,11.230940624185312,32.93114311396306,9.410099059467312,41.412289533854214,11.582961504120824,125.8417354837633,0.0
2025-03-31 01:00:00,63.54198732809424,DE,563.2662065295439,7.439572106729111,6.83690888788483,0.0,1,0,3,0,53.987586603409916,38.91842810111982,31.68012421717926,49.33061286852648,43.78068829788061,13.970798646833021,35.58629837320597,12.880253206193862,42.004430136336204,12.343636776359753,55.34723313122182,0.0
2025-03-31 02:00:00,51.994253130207824,DE,715.7270380632182,9.181549334690894,2.508565247107233,0.0,2,0,3,0,63.54198732809424,47.57648237771181,31.17756766584664,58.207772029395834,48.15346558387498,10.989263313614003,37.32102216190274,13.613439290886923,41.7455335155367,12.050695631794284,84.3008481853628,0.0
2025-03-31 03:00:00,62.50939589854414,DE,403.9132536868523,9.284557685180971,5.109868221999699,0.0,3,0,3,0,51.994253130207824,53.987586603409916,30.30292724361482,57.436090830950846,53.08802223984796,9.286632159191239,40.004894549813514,15.187750703872732,41.956921226686426,12.37795209879125,86.20301140945303,0.0
2025-03-31 04:00:00,60.48530416815675,DE,1066.2782368327155,7.091952441975535,3.5808402905016568,0.0,4,0,3,0,62.50939589854414,63.54198732809424,23.425303501105823,53.76890148964786,56.68250158435411,6.444041831377835,43.09322793873443,15.27760151098246,42.23677133829096,12.72760363443813,50.29578943924276,0.0
2025-03-31 05:00:00,70.94558461521322,DE,1002.2606083241328,8.479471510154399,2.4829901786493327,0.0,5,0,3,0,60.48530416815675,51.994253130207824,26.123892459927223,54.901488909611416,60.57735195727102,6.886583635035724,46.828368951674925,16.20279513601111,42.905275326024366,13.798060536338216,71.90143709152012,0.0
2025-03-31 06:00:00,55.36106287297974,DE,1149.6020219719305,8.909646057402705,4.565965899151261,408.6378422633723,6,0,3,0,70.94558461521322,62.50939589854414,25.66040770415348,49.38990747656645,60.806264668865985,6.642219945567575,49.30342354907711,14.890661538121016,43.15407346754159,13.972798872940906,79.38179286819157,1865.82645287731
2025-03-31 07:00:00,53.62841916530025,DE,353.71183750579644,8.657518938032,4.383034423088362,473.85750697047115,7,0,3,0,55.36106287297974,60.48530416815675,27.661352116540026,52.73446269624218,59.15400330840032,7.046316924629456,51.46734580314047,13.256852184989905,43.19132165375234,14.000612181755045,74.95263416238274,2076.9337646904087
2025-03-31 08:00:00,52.38039843926099,DE,1300.687642848365,8.47190637493032,9.853432972691046,622.0608718231873,8,0,3,0,53.62841916530025,70.94558461521322,25.75758941424156,48.934068471880416,59.21836085990918,6.969185891538274,53.685913221892086,10.505249870433325,43.33491873572654,14.079524698462095,71.773197625585,6129.435105443532
2025-03-31 09:00:00,41.60101628703937,DE,775.635464962239,11.041996653372138,5.865919650721394,553.5712195563046,9,0,3,0,52.38039843926099,55.36106287297974,32.90205596270631,48.83408771027885,55.73363092465839,9.6904862808632,54.41082658225318,9.153901513155605,43.03354075975822,14.034034766085796,121.9256900930815,3247.2042948691346
2025-03-31 10:00:00,45.942788246703614,DE,921.6365633475033,12.72587239193565,2.244764998491527,634.2084963736428,10,0,3,0,41.60101628703937,53.62841916530025,38.91842810111982,39.43540863734581,53.30987827108287,10.075339815362938,54.99618992771849,8.253453831510448,43.304681576814794,14.024354254229682,161.94782813582995,1423.649034405494
2025-03-31 11:00:00,40.88357235349489,DE,371.4283371261544,10.841427804841107,3.2467169192048386,699.6463353274524,11,0,3,0,45.942788246703614,52.38039843926099,47.57648237771181,42.275968232469246,48.29954289412981,6.329874231594065,54.43844742570041,8.993409182302686,43.246665081857536,14.031673051730088,117.53655684758186,2271.5535943673017
2025-03-31 12:00:00,41.560736459397155,DE,572.554781012514,17.14927802070688,6.41903151840552,732.3244768862885,12,0,3,0,40.88357235349489,41.60101628703937,53.987586603409916,43.472462092029005,45.99948849186604,5.7295983309802025,53.40287658036601,9.734936038757429,43.167009847164536,14.035761175098424,294.0977366315001,4700.81389883292
2025-03-31 13:00:00,38.932704838349345,DE,109.90736481400836,15.387338821446155,8.553150473286573,677.2906573237922,13,0,3,0,41.560736459397155,45.942788246703614,63.54198732809424,31.68012421717926,43.550202770707564,4.896658654514916,51.352103039553946,9.993520694412227,43.46920070637996,13.854600153399184,236.77019600598396,5792.968906241567
2025-03-31 14:00:00,43.54986325143137,DE,75.24620786083912,16.74556126811636,1.2042983030708063,609.4608368018686,14,0,3,0,38.932704838349345,40.88357235349489,51.994253130207824,31.17756766584664,42.07844690606929,2.4048942809999643,50.64840388298924,10.23849817424028,43.98471302244599,13.60529458533115,280.4138221842388,733.972651548604
2025-03-31 15:00:00,36.60432647598951,DE,479.2528801800837,19.037328679079152,0.6164161572686329,641.5577498614704,15,0,3,0,43.54986325143137,41.560736459397155,62.50939589854414,30.30292724361482,41.245665270894314,3.3013477699162213,48.489648097776346,10.241295876994535,44.24727132379493,13.38886184748265,362.4198832352896,395.46656283551835
2025-03-31 16:00:00,27.54688758222299,DE,-21.149182044888555,18.7278387616515,8.118195278290287,561.0567681272792,16,0,3,0,36.60432647598951,38.932704838349345,60.48530416815675,23.425303501105823,38.17968182681421,5.721651938508351,45.744780048948535,11.111081282088097,44.41900399384148,13.134186985315058,350.73194468241644,4554.768405863686
2025-03-31 17:00:00,25.511356694133347,DE,10.523661491410394,20.492005818889883,5.15549328228853,394.772960757696,17,0,3,0,27.54688758222299,43.54986325143137,70.94558461521322,26.123892459927223,35.61764588358729,7.449533853442175,41.95859438885855,9.343475348483521,44.39348167026674,13.171824913404516,419.9223024814168,2035.2493472154554
2025-03-31 18:00:00,33.05704155777703,DE,124.01354613775084,19.14602403432088,2.63967946379399,417.77214005527486,18,0,3,0,25.511356694133347,36.60432647598951,55.36106287297974,25.66040770415348,34.20036339998393,6.879854711532965,40.09992594592499,8.625867799465953,44.701674747501045,12.795613325245322,366.5702363227928,1102.7845386491756
2025-03-31 19:00:00,25.571805588692655,DE,66.17346444998675,16.995612344473372,5.445523099791593,317.9232696739481,19,0,3,0,33.05704155777703,27.54688758222299,53.62841916530025,27.661352116540026,31.973546858374487,7.196758815086512,37.761874814541024,8.425663736705927,44.614610308840746,12.923074983989727,288.8508389636157,1731.2585089707563
2025-03-31 20:00:00,43.77993216279066,DE,47.07107913649598,18.278813509237366,-0.8952305504870326,181.7148248623896,20,0,3,0,25.571805588692655,25.511356694133347,52.38039843926099,25.75758941424156,32.01189167693437,7.2710040295153355,37.04516929150183,7.368617010018788,45.36554125669696,12.28769419348032,334.1150233054785,-162.67666269321177
2025-03-31 21:00:00,43.67670569501803,DE,169.43880989997126,14.335578271322396,4.3830159407410445,106.49251970351025,21,0,3,0,43.77993216279066,33.05704155777703,41.60101628703937,32.90205596270631,33.190621546772455,8.613692611682367,37.218143408833384,7.508323718773919,45.814484995543275,12.006134928104471,205.5088043732108,466.7584114301652
2025-03-31 22:00:00,39.082558384369044,DE,680.6831170476548,15.702846314158618,5.0319072732328936,0.0,22,0,3,0,43.67670569501803,25.571805588692655,45.942788246703614,38.91842810111982,35.11323334713013,8.386454219384085,36.64645758697217,7.029540882666994,45.82132375734533,12.002082172131548,246.5793823660849,0.0
2025-03-31 23:00:00,36.75509169328221,DE,309.0667180420221,14.15494050081429,6.224805206622382,0.0,23,0,3,0,39.082558384369044,43.77993216279066,40.88357235349489,47.57648237771181,36.9871891803216,6.943953811051359,36.30241753195444,6.903208689659158,45.37043247882743,12.135800738718963,200.3623405815927,0.0
2025-04-01 00:00:00,55.960594343810946,DE,490.21980934299347,12.49997946607059,2.3484730229616475,0.0,0,1,4,0,36.75509169328221,43.67670569501803,41.560736459397155,53.987586603409916,40.804447977993924,9.982061184370286,37.50240568898893,8.871361128741885,45.45264113467747,12.20320726714539,156.2494866521864,0.0
2025-04-01 01:00:00,52.203375814273365,DE,789.5404017527827,11.402036332937467,4.547639250353441,0.0,1,1,4,0,55.960594343810946,39.082558384369044,38.932704838349345,63.54198732809424,45.24304301559071,7.455241560838245,38.608294936982595,9.84012382435019,44.98019898826826,11.680737190034488,130.00643253762607,0.0
2025-04-01 02:00:00,62.02007250451538,DE,921.1051865915967,6.772066328608064,2.5254156754275483,0.0,2,1,4,0,52.203375814273365,36.75509169328221,43.54986325143137,51.994253130207824,48.28306640587817,10.01779122836909,40.147479041406264,11.910162141639338,45.39794146219774,12.113742489449752,45.860882359067105,0.0
2025-04-01 03:00:00,50.17565442096891,DE,1040.9594517053497,8.525276793782044,4.887032438895357,0.0,3,1,4,0,62.02007250451538,55.960594343810946,36.60432647598951,62.50939589854414,49.36622452686998,9.768363699021737,41.278423036821216,12.184317581270362,44.88403556729878,11.607287251988227,72.68034441059865,0.0
2025-04-01 04:00:00,56.57171902469613,DE,1010.7587462980562,9.16790974498774,2.5855722828206744,0.0,4,1,4,0,50.17565442096891,52.203375814273365,27.54688758222299,60.48530416815675,52.281084633591156,8.6289228963884,43.69715899036064,12.091168741953497,44.720969519654595,11.40429722371393,84.05056909224118,0.0
2025-04-01 05:00:00,60.022788447715776,DE,704.3619305984375,8.977606674761416,3.560063249226282,0.0,5,1,4,0,56.57171902469613,62.02007250451538,25.511356694133347,70.94558461521322,56.159034092663425,4.493064007544746,46.57311163649251,11.460245537422788,44.26585301267553,10.49384492389496,80.59742160672073,0.0
2025-04-01 06:00:00,59.637457268579205,DE,1276.6863064602192,6.6165004560608605,2.3846341379662648,339.4166509034412,6,1,4,0,60.022788447715776,50.17565442096891,33.05704155777703,55.36106287297974,56.77184458012479,4.7062713516123775,48.78814627905936,11.175565636963317,44.44403611249218,10.724207731843565,43.778078285053574,809.3845327385242
2025-04-01 07:00:00,55.57670101880792,DE,703.6938345407966,11.554555029805165,5.678537411194037,409.199970481657,7,1,4,0,59.637457268579205,56.57171902469613,25.571805588692655,53.62841916530025,57.33406544754721,4.228613428064618,51.28855423156897,8.559351407153443,44.52521452305499,10.803831247521641,133.50774193679584,2323.657341039585
2025-04-01 08:00:00,58.4916113282186,DE,943.539794940026,7.955470286575845,6.0931671608600535,510.59805630389604,8,1,4,0,55.57670101880792,60.022788447715776,43.77993216279066,52.38039843926099,56.74598858483108,3.652727790820837,52.51452749535463,8.438849353200723,44.77984839342823,11.065857999199997,63.289507480591155,3111.159309069872
2025-04-01 09:00:00,46.88239276167543,DE,652.6982205894021,12.559510156919764,3.9070237876318954,668.4139406726935,9,1,4,0,58.4916113282186,59.637457268579205,43.67670569501803,41.60101628703937,56.197111641615514,4.879051910241831,52.781668084242746,8.180428088482744,44.99990574653807,11.052399736426713,157.7412953817707,2611.509166192988
2025-04-01 10:00:00,47.85966593000096,DE,687.1723306814015,12.612288262967809,4.452740917466779,528.7184584977997,10,1,4,0,46.88239276167543,55.57670101880792,39.082558384369044,45.942788246703614,54.745102792499644,5.928717059016581,53.5130937130454,7.1747926042294825,45.07977565000879,11.066426937086062,159.06981522819555,2354.246313973114
2025-04-01 11:00:00,45.28071381982288,DE,645.1620046119567,11.646099595510506,0.8826072415055113,751.9223085055833,11,1,4,0,47.85966593000096,58.4916113282186,36.75509169328221,40.88357235349489,52.28809035451749,6.34425191583424,54.223562223590456,5.617653983073857,45.26298987777245,11.030274847186964,135.63163578854997,663.6520745365689
2025-04-01 12:00:00,43.38096169730986,DE,514.2714430900546,17.794363301904678,3.180436774759025,716.9011740550854,12,1,4,0,45.28071381982288,46.88239276167543,55.960594343810946,41.560736459397155,49.578674425972615,6.041950027818237,53.17525950304869,6.385322953803585,45.33883259601881,11.009950938901637,316.639365320172,2280.0588578327147
2025-04-01 13:00:00,40.78199934990799,DE,404.97462829579655,13.11356967797303,3.67938083668911,627.722956808313,13,1,4,0,43.38096169730986,47.85966593000096,52.203375814273365,38.932704838349345,47.11289081448928,6.122914945788581,52.223478131018254,7.325382567889094,45.41588653400043,10.969565037415741,171.9657096990537,2309.631818030333
2025-04-01 14:00:00,28.54579859616259,DE,522.7422538117296,18.46249862491798,9.02137625283255,599.3432716720918,14,1,4,0,40.78199934990799,45.28071381982288,62.02007250451538,43.54986325143137,42.121922025813284,7.116929863134361,49.43395530532219,9.34955284842689,44.79071717336422,11.495479179762219,340.8638554750983,5406.901158357576
2025-04-01 15:00:00,24.181636431381147,DE,187.15346970952243,19.53839272412331,1.5558560192242723,681.307024775702,15,1,4,0,28.54579859616259,43.38096169730986,50.17565442096891,36.60432647598951,38.3384626374309,9.659791191381215,47.2677871395232,11.841289855200424,44.27310508817221,12.141638808600481,381.7487902420747,1060.0156354370563
2025-04-01 16:00:00,36.81978997002755,DE,-31.844028950348978,16.83649433644252,6.708144548277474,477.7246560028635,16,1,4,0,24.181636431381147,40.78199934990799,56.57171902469613,27.54688758222299,36.49848331076867,8.46046973048705,45.621793051634164,11.803171906757099,44.6594760209974,11.726686051563115,283.46754154106105,3204.646046743341
2025-04-01 17:00:00,31.665000110773097,DE,159.85452051313726,21.286991406663365,5.773507617704215,382.9191402560843,17,1,4,0,36.81978997002755,28.54579859616259,60.022788447715776,25.511356694133347,34.22919769259371,7.3923580017716155,43.258644023555604,11.492500552788409,44.91587783002405,11.351071463342159,453.13600314735993,2210.7865732332516
2025-04-01 18:00:00,26.855013017461737,DE,187.8940977849281,17.98801093019064,4.341062879752872,406.8657271182365,18,1,4,0,31.665000110773097,24.181636431381147,59.637457268579205,33.05704155777703,31.47487291261902,6.29826594222927,40.526773669295814,11.13597551669682,44.657459974177584,11.698080597937052,323.5685372246579,1766.229705036638
2025-04-01 19:00:00,39.92873150140848,DE,-278.48447617193267,18.71420260778527,7.297031039162866,276.34097802841364,19,1,4,0,26.855013017461737,36.81978997002755,55.57670101880792,25.571805588692655,31.33266160453577,6.050860229387413,39.222776209512524,10.079510659572104,45.25566522054074,11.027529471811587,350.2213792452371,2016.468694065958
2025-04-01 20:00:00,35.201011504983185,DE,136.4673120777523,17.992778391838915,4.524001015986325,128.10372117318002,20,1,4,0,39.92873150140848,31.665000110773097,58.4916113282186,43.77993216279066,32.441863756005866,6.047811118509029,37.28189289090958,8.074900136338567,44.898210193132094,11.214895061928653,323.74007425782537,579.5413647390953
2025-04-01 21:00:00,43.67599101173072,DE,236.68115786890584,16.270741458493937,4.558108462108457,113.34387535493937,21,1,4,0,35.201011504983185,26.855013017461737,46.88239276167543,43.67670569501803,35.69092285273079,5.95845695268631,37.01469274508085,7.775850005130623,44.898180414661795,11.214898447307839,264.7370276091534,516.6336773835153
2025-04-01 22:00:00,41.766029051943114,DE,140.48729932800137,17.02367170439645,3.6735487647375087,0.0,22,1,4,0,43.67599101173072,39.92873150140848,47.85966593000096,39.082558384369044,36.515296033050056,6.466391169820979,36.50688967190936,7.179324240870074,45.00999169247738,11.167673954016976,289.8053982990683,0.0
2025-04-01 23:00:00,55.62450396314654,DE,595.7318401110631,15.72470617867895,6.226927835609855,0.0,23,1,4,0,41.766029051943114,35.201011504983185,45.28071381982288,36.75509169328221,40.50854667511229,9.539719354841733,37.368872183853,8.772667687509662,45.79621720372173,11.225317927003394,247.26638440578395,0.0
2025-04-02 00:00:00,57.9679366851999,DE,419.9888825934947,9.33547748961062,5.972728538394367,0.0,0,2,4,0,55.62450396314654,43.67599101173072,43.38096169730986,55.960594343810946,45.69403395306866,9.078621868657907,38.58445343284384,10.518387651451548,45.87985646794627,11.31149249904395,87.1511399590266,0.0
2025-04-02 01:00:00,51.531254298141086,DE,604.5248132455688,14.184120097042946,2.5284354957801747,0.0,1,2,4,0,57.9679366851999,41.766029051943114,40.78199934990799,52.203375814273365,47.62778775252409,8.837475676082207,39.48022467852993,11.16065670005445,45.851851404774095,11.29597738422375,201.1892629273376,0.0
2025-04-02 02:00:00,60.68884569941985,DE,665.3856351432261,7.1271086990033075,1.1412956815750648,0.0,2,2,4,0,51.531254298141086,55.62450396314654,28.54579859616259,62.02007250451538,51.87576011826354,7.72527971133631,42.1588119371347,12.114262117530703,45.79638362122844,11.216119228227097,50.795678407408616,0.0
2025-04-02 03:00:00,61.374672462866485,DE,806.6692001095673,11.604147273418594,3.3738287959812854,0.0,3,2,4,0,60.68884569941985,57.9679366851999,24.181636431381147,50.17565442096891,54.8255403601195,7.337378749532487,45.25823160642514,11.851744951378308,46.26300937297418,11.631497572175299,134.65623394318817,0.0
2025-04-02 04:00:00,66.41175192712673,DE,663.7576845131789,11.151958471831989,2.1797129419773067,0.0,4,2,4,0,61.374672462866485,51.531254298141086,36.81978997002755,56.57171902469613,58.93316083931677,5.131078277141913,47.72422843618341,12.962859121535883,46.67301074390878,12.171559557811186,124.36617775746527,0.0
2025-04-02 05:00:00,55.17195264622434,DE,644.9527366256754,6.39228928580753,3.6527409215418896,0.0,5,2,4,0,66.41175192712673,60.68884569941985,31.665000110773097,60.022788447715776,58.85773561982973,5.192401455895668,49.68314114747101,12.060131900486624,46.470892585513305,11.978990365951635,40.861362313449746,0.0
2025-04-02 06:00:00,62.83281159974769,DE,1268.9010126449944,7.766550417474921,6.2546663401408775,372.4736956416154,6,2,4,0,55.17195264622434,61.374672462866485,26.855013017461737,59.637457268579205,59.668548105587696,5.401298917401667,52.68129102932818,10.197317662204043,46.604032349311986,12.148253361425772,60.31930538717987,2329.6986867174896
2025-04-02 07:00:00,63.11915081045207,DE,763.5706434808687,6.7280582665752044,2.8651867605990198,544.889018262738,7,2,4,0,62.83281159974769,66.41175192712673,39.92873150140848,55.57670101880792,61.59986419097286,3.7197141708395343,54.613825971748476,9.748393849972727,46.9183010906305,12.483400060111977,45.266768038430946,1561.2088011221942
2025-04-02 08:00:00,46.583664234365536,DE,684.734232000958,9.174306177898687,3.69414330814945,474.2620253407073,8,2,4,0,63.11915081045207,55.17195264622434,35.201011504983185,58.4916113282186,59.24900061346381,7.220502983147874,55.562380365863675,8.102592603831877,46.422136628386625,12.23763536444625,84.16789384583002,1751.9918872217786
2025-04-02 09:00:00,46.30420234525953,DE,372.87536787253083,9.920855442966122,3.89583554038939,579.4142350805923,9,2,4,0,46.583664234365536,62.83281159974769,43.67599101173072,46.88239276167543,56.73725559386265,8.784924129216543,55.781397976991066,7.781236521014841,46.39804536103596,12.23725901330308,98.42337272023053,2257.3025696345044
2025-04-02 10:00:00,38.37540246630692,DE,572.2076504620995,13.233548859234432,5.476651835183169,673.9311932296263,10,2,4,0,46.30420234525953,63.11915081045207,41.766029051943114,47.85966593000096,52.06453068372601,9.984288479818508,55.49884576152139,8.375310818193725,46.00286771671537,12.34070708826894,175.12681540974492,3690.8865061882157
2025-04-02 11:00:00,43.33220148904059,DE,314.7915638697609,15.475945259176275,-1.2571344248466296,685.3787967508869,11,2,4,0,38.37540246630692,46.583664234365536,55.62450396314654,45.28071381982288,50.091238824195386,10.408307255026495,54.474487222012556,9.080567974700699,45.921679702932785,12.35206889744678,239.5048816650206,-861.6132794555012
2025-04-02 12:00:00,44.396478805995926,DE,778.4030320272739,16.95188269000451,2.0232436535919875,650.8848209811342,12,2,4,0,43.33220148904059,46.30420234525953,57.9679366851999,43.38096169730986,47.018516691903436,8.42730308736689,53.34353239874556,9.443791712062225,45.963992915794705,12.344724201556877,287.36632673567453,1316.8985832694368
2025-04-02 13:00:00,44.735710219943684,DE,522.5538953172664,14.293280840068334,3.6592116276815263,744.1669320126973,13,2,4,0,44.396478805995926,38.37540246630692,51.531254298141086,40.78199934990799,43.954609926818705,2.991749488509357,52.77723705889577,9.760771144618007,46.12873086871286,12.298860417192547,204.29787717306453,2723.06429055695
2025-04-02 14:00:00,34.53948295745081,DE,62.36993096445539,16.12252008194787,5.636802155976303,769.1109274254165,14,2,4,0,44.735710219943684,43.33220148904059,60.68884569941985,28.54579859616259,41.94724638066625,4.523460265521099,50.59812349706502,10.707002292949072,46.37846771709986,11.983103267085221,259.93565379281233,4335.326133896522
2025-04-02 15:00:00,39.995285012915716,DE,546.9337704755882,14.087125255334398,2.2528393481101707,607.2939463664871,15,2,4,0,34.53948295745081,44.396478805995926,61.374672462866485,24.181636431381147,40.895760158608944,4.0125256914185705,48.8165078762358,10.52803704736432,47.03736974133047,11.11267515080619,198.4470979594802,1368.13569824353
2025-04-02 16:00:00,23.530898569460547,DE,213.3403955060996,16.48276817334238,-0.5164611689611673,479.7965855132001,16,2,4,0,39.995285012915716,44.735710219943684,66.41175192712673,36.81978997002755,38.42167617580122,8.233607689350949,45.243103429763615,11.264481578375179,46.48366593297351,11.943895599231073,271.6816466561485,-247.79630541772403
2025-04-02 17:00:00,21.486517854099365,DE,-97.92918984625868,20.34853762446857,4.476067135054853,363.1386395332085,17,2,4,0,23.530898569460547,34.53948295745081,55.17195264622434,31.665000110773097,34.78072890331101,10.218696826831893,42.4359838637532,12.674269804612361,46.059562505612114,12.652634360650717,414.062983454413,1625.4329298831256
2025-04-02 18:00:00,30.31970720576141,DE,-549.8811429747146,21.636043158223956,1.9659194654713221,362.8987990610591,18,2,4,0,21.486517854099365,39.995285012915716,62.83281159974769,26.855013017461737,32.43460030327192,9.127113192472416,39.72655849758768,11.320496353013466,46.203924763457934,12.442002402138726,468.11836354452964,713.429813070302
2025-04-02 19:00:00,34.093298868492404,DE,425.22560137361415,15.584891157204662,0.8573109249418582,314.6072013799308,19,2,4,0,30.31970720576141,23.530898569460547,63.11915081045207,39.92873150140848,30.660865078030042,7.058018588721115,37.307737502424374,8.655013855971797,45.96078173708643,12.625628027706496,242.88883238191607,269.7161908083979
2025-04-02 20:00:00,34.45916459304843,DE,-260.9271952449385,16.203979747729633,1.9879534636961327,198.75838732476905,20,2,4,0,34.093298868492404,21.486517854099365,46.583664234365536,35.201011504983185,30.647478683962976,7.0492617964098025,36.297362532314615,8.167692303653126,45.92987144908915,12.653991846433378,262.5689596648321,395.12242452093216
2025-04-02 21:00:00,27.44229459121221,DE,-232.6331399846522,16.403320979256126,2.8675935278108815,102.39243453876574,21,2,4,0,34.45916459304843,30.31970720576141,46.30420234525953,43.67599101173072,28.55531361367906,5.38682194226864,34.725536886144,7.876610531387353,45.25346743156754,13.20173029751715,269.06893914850417,293.619882580164
2025-04-02 22:00:00,40.98283644732863,DE,404.5140864019278,15.879151027455045,2.0271549140461556,0.0,22,2,4,0,27.44229459121221,34.093298868492404,38.37540246630692,41.766029051943114,31.463969926657075,6.686196843507981,34.94282305122914,8.021089519110788,45.22083440637527,13.211689833859847,252.1474373527266,0.0
2025-04-02 23:00:00,38.79841683621234,DE,808.5409587165938,12.435295249470178,-1.1744878710755575,0.0,23,2,4,0,40.98283644732863,34.45916459304843,43.33220148904059,55.62450396314654,34.3492864236759,5.056093255306118,34.56500766349345,7.689944124781905,44.519747442753015,13.0814102533631,154.63656794149557,-0.0
2025-04-03 00:00:00,52.53959521713408,DE,726.8545637021036,13.597437076754106,5.030776636896845,0.0,0,3,4,0,38.79841683621234,27.44229459121221,44.396478805995926,57.9679366851999,38.052601092238014,8.48743757742398,35.24360069775497,8.900407334339459,44.29356654825026,12.884220454023042,184.89029505628727,0.0
2025-04-03 01:00:00,54.609066271020694,DE,692.1913465617323,10.544534468883755,5.786394325680025,0.0,1,3,4,0,52.53959521713408,40.98283644732863,44.735710219943684,51.531254298141086,41.471895659326066,10.473528500476966,36.06638036867805,10.216685438911384,44.42180871378691,12.974394263441177,111.18720716547762,0.0
2025-04-03 02:00:00,51.13159201301129,DE,818.9508683330572,10.339961685057043,4.5396882258015925,0.0,2,3,4,0,54.609066271020694,38.79841683621234,34.53948295745081,60.68884569941985,44.250633562653206,10.45253105115363,37.44905612330809,11.077721107163873,44.023589810186564,12.594515145266733,106.91480764844768,0.0
2025-04-03 03:00:00,55.57845812825728,DE,974.2365023493353,10.548396912481625,0.9612729022729476,0.0,3,3,4,0,51.13159201301129,52.53959521713408,39.995285012915716,61.374672462866485,48.93999415216072,7.212984969571601,38.74765388291989,12.254240883772376,43.78208087957784,12.29944633823253,111.26867742325187,0.0
2025-04-03 04:00:00,54.27252653002024,DE,1034.7984198495724,8.828166289537645,2.8336611752275447,0.0,4,3,4,0,55.57845812825728,54.609066271020694,23.530898569460547,66.41175192712673,51.15494249927599,6.258103971577087,41.30945621296653,11.994501279233615,43.27627982136507,11.555469531963775,77.93652003572888,0.0
2025-04-03 05:00:00,59.683174462759006,DE,989.2011979384095,7.618223916923737,3.2236016126636646,0.0,5,3,4,0,54.27252653002024,51.13159201301129,21.486517854099365,55.17195264622434,54.63573543703376,2.9383949259108997,44.49251093035483,11.304107296383112,43.46424739705402,11.791661288688838,58.037335648388854,0.0
2025-04-03 06:00:00,64.17826590226169,DE,970.8402207903753,8.285732937271375,4.434233022246401,282.8936125757443,6,3,4,0,59.683174462759006,55.57845812825728,30.31970720576141,62.83281159974769,56.57551388455503,4.631640422325654,47.31405748839652,11.664781270977825,43.520307992992095,11.890531862121588,68.65337030778372,1254.4161986659453
2025-04-03 07:00:00,52.89839814452641,DE,920.4442875646298,8.679515236875352,4.5733252205587425,372.2954580151103,7,3,4,0,64.17826590226169,54.27252653002024,34.093298868492404,63.11915081045207,56.29040253013932,4.825494752891068,48.881149094732685,10.969649998325757,43.09444329857853,11.327785156268003,75.33398474715139,1702.6282076399723
2025-04-03 08:00:00,57.897594244070326,DE,732.2197841188841,8.78089973045085,1.7682966455655893,517.551534511635,8,3,4,0,52.89839814452641,59.683174462759006,34.45916459304843,46.583664234365536,57.41806956864915,4.117449200807279,50.83435156565118,10.230027456636128,43.5658570489829,11.708331395559473,77.1042000762318,915.1846423842476
2025-04-03 09:00:00,49.5692068167262,DE,747.418375219919,9.936105437742345,3.4006353559497016,622.6265947600513,9,3,4,0,57.897594244070326,64.17826590226169,27.44229459121221,46.30420234525953,56.41652768339397,5.2339067428742805,52.67826091777735,7.165576299559225,43.701898901960675,11.760384957067311,98.726191269933,2117.3260116955976
2025-04-03 10:00:00,44.6071991937957,DE,361.4086371609229,14.788295687444132,4.151205052353063,742.9269324709018,10,3,4,0,49.5692068167262,52.89839814452641,40.98283644732863,38.37540246630692,54.80563979402322,7.159087073675927,52.9802911466496,6.688285127753214,43.96155709893937,11.706339636989554,218.6936893392787,3084.0420356023706
2025-04-03 11:00:00,44.14408386149059,DE,559.7415971923106,13.89441086240849,5.682210167861351,723.3779848919304,11,3,4,0,44.6071991937957,57.897594244070326,38.79841683621234,43.33220148904059,52.215791360478484,7.8217284489781544,53.425763398756125,5.773264330687447,43.99538553112479,11.70561492886932,193.05465321341504,4110.385740959981
2025-04-03 12:00:00,35.632555914919244,DE,252.28177856981657,13.486798631955232,4.179578603217264,687.8659361593983,12,3,4,0,44.14408386149059,49.5692068167262,52.53959521713408,44.396478805995926,47.458173029254745,7.77162128791984,52.01684345690489,7.737915299696588,43.63022207732993,11.828610229055563,181.89373733890952,2874.9897486538334
2025-04-03 13:00:00,34.45567843272764,DE,99.8726140055854,16.728769901835363,4.348678898318855,636.7555788178793,13,3,4,0,35.632555914919244,44.6071991937957,54.609066271020694,44.735710219943684,44.38438641062161,8.77234653420401,50.33739447038047,9.177328667311205,43.201887419529264,11.972096747140663,279.85174242855277,2769.04554899212
2025-04-03 14:00:00,28.179619592407693,DE,235.97883023069585,15.79056904951386,2.9382187794265398,714.6089199605111,14,3,4,0,34.45567843272764,44.14408386149059,51.13159201301129,34.53948295745081,39.431390635344506,7.969504342982001,48.424730101996836,11.171773661247432,42.93689311265246,12.239567454788824,249.34207090746503,2099.677348573691
2025-04-03 15:00:00,41.675832949641205,DE,374.8470666756463,19.717495114538533,5.5914838139748255,549.2521021277561,15,3,4,0,28.179619592407693,35.632555914919244,55.57845812825728,39.995285012915716,38.11582832416368,6.472139933146866,47.26617800377883,11.082987235346984,43.006915943349355,12.226807329453232,388.77961359185093,3071.1342388389958
2025-04-03 16:00:00,30.60772362039365,DE,200.65061930824336,18.7510368903199,3.5900911154868127,606.4234277386162,16,3,4,0,41.675832949641205,34.45567843272764,54.27252653002024,23.530898569460547,35.78258239526334,6.180817060202674,45.29411109464328,11.8048729333209,43.301783653804904,11.815094973140704,351.60138446213773,2177.1153601474653
2025-04-03 17:00:00,26.50480251091221,DE,-347.0630338691696,18.121474269854147,1.048389703220677,426.3674333055568,17,3,4,0,30.60772362039365,28.179619592407693,59.683174462759006,21.486517854099365,32.842702170166945,5.57346599601613,42.52924676532272,12.011980950923371,43.51087884783877,11.451034216741329,328.3878297129859,446.9992268661745
2025-04-03 18:00:00,31.667345253915617,DE,-247.9256273140675,19.217555562337,5.577305463818199,429.52910363089256,18,3,4,0,26.50480251091221,41.675832949641205,64.17826590226169,30.31970720576141,32.18183372666633,5.409164693546009,39.82000337796054,10.217566994184685,43.56703043317853,11.386660489257727,369.3144417915098,2395.6150165495105
2025-04-03 19:00:00,31.611331375341717,DE,155.191324453109,14.829080796416461,4.166372068645873,293.3598987170818,19,3,4,0,31.667345253915617,30.60772362039365,52.89839814452641,34.093298868492404,31.70777588376868,5.293430486265624,38.04608114719515,9.567756997018549,43.463615120963915,11.487269570010303,219.90163726664747,1222.246488075632
2025-04-03 20:00:00,33.51779033585278,DE,-179.5101805998812,15.052617527804765,1.8844774813108534,168.15022552787707,20,3,4,0,31.611331375341717,26.50480251091221,57.897594244070326,34.45916459304843,32.5974710076762,5.023563527697928,36.01443082151035,7.285435797661915,43.42439119358077,11.520910491938402,226.58129443837524,316.87531348462574
2025-04-03 21:00:00,40.85033859162872,DE,51.519979407321244,13.98552667996482,1.8115795887693311,76.54280799340209,21,3,4,0,33.51779033585278,31.667345253915617,49.5692068167262,27.44229459121221,32.459888614674114,4.727801749308766,35.2878584694189,6.1583091353147905,43.983059693598115,11.026705507667936,195.5949565160078,138.66338862793722
2025-04-03 22:00:00,45.2159751951291,DE,310.01041980491016,15.521959098932198,3.3637166138493413,0.0,22,3,4,0,40.85033859162872,31.611331375341717,44.6071991937957,40.98283644732863,34.89459721046335,6.86266625893167,35.338589802863346,6.243971577239337,44.15944047475647,11.010472261921654,240.93121426892407,0.0
2025-04-03 23:00:00,42.66825860068396,DE,126.92158647601212,17.436776487872606,3.6969351141029874,0.0,23,3,4,0,45.2159751951291,33.51779033585278,44.14408386149059,38.79841683621234,37.588506558758645,6.032896679963686,35.2156043644628,6.06678592219833,44.32068388160946,10.956754020597065,304.0411742880269,0.0
2025-04-04 00:00:00,46.31214126976048,DE,471.075101229192,17.129159479800144,3.1651500548302307,0.0,0,4,4,0,42.66825860068396,40.85033859162872,35.632555914919244,52.53959521713408,40.02930589473279,6.120062985585267,36.10556981069956,6.864398447012892,44.06120663380222,10.826617894433397,293.40810448442716,0.0
2025-04-04 01:00:00,51.40081655477823,DE,312.60442356761945,12.685559565496055,3.393182870453588,0.0,1,4,4,0,46.31214126976048,45.2159751951291,34.45567843272764,54.609066271020694,43.32755342463887,6.007565127551558,37.51766465420378,8.121877949383002,43.927529562292115,10.70989734692085,160.92342148974845,0.0
2025-04-04 02:00:00,44.32138512097015,DE,579.7264712097573,11.287799376291469,6.170480272720579,0.0,2,4,4,0,51.40081655477823,42.66825860068396,28.179619592407693,51.13159201301129,45.12815255549177,3.6264996900928472,38.862811781583986,7.763506662898617,43.6437709417904,10.600385306103398,127.41441475940607,0.0
2025-04-04 03:00:00,50.57183740394799,DE,867.5097774217811,5.770957147757702,4.913651828037589,0.0,3,4,4,0,44.32138512097015,46.31214126976048,41.675832949641205,55.57845812825728,46.74840235754498,3.5025777908501508,39.60414548610955,8.450850832631295,43.43516174494419,10.402727063460562,33.303946401255715,0.0
2025-04-04 04:00:00,66.40296547668761,DE,564.4139551858855,7.647218350036679,3.1518367060978667,0.0,4,4,4,0,50.57183740394799,51.40081655477823,30.60772362039365,54.27252653002024,50.2795674044714,8.607891899521267,42.58708230746738,10.93805649717022,43.940596701055334,11.215139579480173,58.47994849313771,0.0
2025-04-04 05:00:00,68.22140851663129,DE,1021.057860736614,6.83267239374935,4.653186685102785,0.0,5,4,4,0,66.40296547668761,44.32138512097015,26.50480251091221,59.683174462759006,54.53842572379596,10.253091343122906,46.0634661412773,11.944979551379458,44.29635645330001,11.853483602638828,46.68541204030447,0.0
2025-04-04 06:00:00,58.1573741019736,DE,946.0724402146637,7.180501548209757,0.7055177165127389,301.0139387641597,6,4,4,0,68.22140851663129,50.57183740394799,31.667345253915617,64.17826590226169,56.51263119583148,9.462235659952931,48.27096854528213,11.481389732581178,44.045485961621345,11.471976657222026,51.55960248384272,212.37066671539537
2025-04-04 07:00:00,60.709813191482965,DE,1043.4609040279638,8.437197717705397,3.566419623461436,382.920045625595,7,4,4,0,58.1573741019736,66.40296547668761,31.611331375341717,52.89839814452641,58.06413063528226,9.21642341842929,50.69584202996057,10.688424582456765,44.37096158857786,11.839005239579766,71.18630532765316,1365.6535649358705
2025-04-04 08:00:00,56.93361243919879,DE,927.7955287051517,8.493984834409805,6.389178223034039,440.6327826444644,8,4,4,0,60.709813191482965,68.22140851663129,33.51779033585278,57.897594244070326,60.16616852165371,6.490237909428893,52.64716053857274,9.31664792045951,44.33079568004155,11.79266301495258,72.14777836718376,2815.2813792269026
2025-04-04 09:00:00,67.6148989508646,DE,1076.3814765880427,6.412342141913927,2.3344737327830702,507.79274852189707,9,4,4,0,56.93361243919879,58.1573741019736,40.85033859162872,49.5692068167262,63.00667877947314,5.012730690295367,54.87754056850906,9.438664473167902,45.08269951896398,12.682885783494843,41.11813174496528,1185.428833122088
2025-04-04 10:00:00,54.16943791228031,DE,725.0449005295815,13.004066058258719,1.0752976663296483,585.3365161689392,10,4,4,0,67.6148989508646,60.709813191482965,45.2159751951291,44.6071991937957,60.9677575187386,5.78370483751383,55.623662461604994,8.94654553324578,45.48112613223418,12.816788370381696,169.10573404755644,629.4109898539867
2025-04-04 11:00:00,44.03964770385955,DE,493.52841432621,10.544825970703839,1.097746011460563,652.6229913196493,11,4,4,0,54.16943791228031,56.93361243919879,42.66825860068396,44.14408386149059,56.93746404994331,7.794126823129105,55.737944886869634,8.773087099441444,45.4767746256662,12.817279774123499,111.19335475243015,716.4142857086066
2025-04-04 12:00:00,36.03106532401399,DE,474.4595006064568,14.473993051893292,0.2226577139619077,797.6629568763284,12,4,4,0,44.03964770385955,67.6148989508646,46.31214126976048,35.632555914919244,53.24974592028337,11.469401046302888,54.881188558057424,10.168331324582383,45.49337918437849,12.80422376592463,209.49647486625528,177.60581049017904
2025-04-04 13:00:00,29.191693358175684,DE,429.2500832560172,19.40076648797128,0.8323999723912776,661.7800554064137,13,4,4,0,36.03106532401399,54.16943791228031,51.40081655477823,34.45567843272764,47.99672594806548,14.249966864690403,53.03042829167387,12.591764959583573,45.274046472938835,13.04435063871953,376.38974032078943,550.865699849397
2025-04-04 14:00:00,35.18632723468805,DE,209.772014065141,14.537178901510472,1.6609075914666265,661.9963966379552,14,4,4,0,29.191693358175684,44.03964770385955,44.32138512097015,28.179619592407693,44.37217841398036,14.287911563997904,52.26917346781703,13.415352112994753,45.565992624700506,12.71948862486926,211.3295704145212,1099.5148406995318
2025-04-04 15:00:00,28.07045355863774,DE,104.56494764750293,12.228410849530032,-0.4092102497105996,617.5114427406082,15,4,4,0,35.18632723468805,36.03106532401399,50.57183740394799,41.675832949641205,37.78143751527589,9.855121166617867,50.394058147374515,15.13632836895653,44.999101816742034,13.194715296856426,149.5340319049038,-252.69201168303692
2025-04-04 16:00:00,23.320137312546635,DE,-123.41103945357031,17.357484117820928,2.4331604565458904,531.5532593107926,16,4,4,0,28.07045355863774,29.191693358175684,66.40296547668761,30.60772362039365,32.639887415320274,7.3152783679464415,46.80382246702943,16.074336887294425,44.695452387248416,13.617387597825228,301.28225490040575,1293.354371103104
2025-04-04 17:00:00,26.770565629662507,DE,-165.54309665472383,20.455737883517187,4.206478136219979,436.7144927495826,17,4,4,0,23.320137312546635,35.18632723468805,68.22140851663129,26.50480251091221,29.761707069620766,4.946864845049749,43.349585559782035,15.496817051521793,44.70652585052968,13.60205149838258,418.43721235916024,1837.0299655215176
2025-04-04 18:00:00,25.18970568217253,DE,-330.5210543599387,22.15655667481507,0.5864114283528437,290.23531182003785,18,4,4,0,26.770565629662507,28.07045355863774,58.1573741019736,31.667345253915617,27.954813795980524,4.107712816809151,40.60227985813194,15.55518942420187,44.43662420170704,13.93229159252296,490.9130036842923,170.19730376282138
2025-04-04 19:00:00,40.60867979915869,DE,316.9524354928537,15.429473967306066,5.440491635930222,331.95971162807854,19,4,4,0,25.18970568217253,23.320137312546635,60.709813191482965,31.611331375341717,29.857644869477692,6.651802464539985,38.927185408771585,14.217847124738892,44.811513719366076,13.691147946432148,238.0686669077756,1806.0240345783698
2025-04-04 20:00:00,39.03083711826615,DE,-231.78534897047632,18.21729096775486,3.423507965701874,265.35983218189426,20,4,4,0,40.60867979915869,26.770565629662507,56.93361243919879,33.51779033585278,30.498396516740712,7.409744993984706,37.43528746536054,13.047776407840663,45.04122400196663,13.53882479753811,331.86969020384277,908.4614992520275
2025-04-04 21:00:00,37.73964188482851,DE,-42.13443015245531,15.360495834860265,4.463084959894799,18.379691878574135,21,4,4,0,39.03083711826615,25.18970568217253,67.6148989508646,40.85033859162872,32.10992790443917,7.816394710750363,34.94568270985753,8.982787890851128,44.9116116391833,13.595461622564912,235.94483229275954,82.0301263907648
2025-04-04 22:00:00,48.8281573393427,DE,56.31854688616028,14.941916256453952,1.0862546809424103,0.0,22,4,4,0,37.73964188482851,40.60867979915869,54.16943791228031,45.2159751951291,36.36126457557185,8.936170625184715,34.50057599544606,8.024893990357812,45.062119228525525,13.618951464818796,223.2608614148829,0.0
2025-04-04 23:00:00,45.7076058769747,DE,499.5753528376274,19.178173238593935,4.110974242779916,0.0,23,4,4,0,48.8281573393427,39.03083711826615,44.03964770385955,42.66825860068396,39.51743795012388,8.183883362339913,34.63957250987232,8.217276414837215,45.188758698370975,13.609851738650525,367.80232876952056,0.0
2025-04-05 00:00:00,39.88481146634257,DE,391.01006434159444,9.578358586282015,0.2180559878560584,0.0,0,5,4,1,45.7076058769747,37.73964188482851,36.03106532401399,46.31214126976048,41.96662224748555,4.329890609832591,34.96071802173304,8.35082257590911,44.92095328989523,13.649962691715455,91.74495320740239,0.0
2025-04-05 01:00:00,55.39169542688474,DE,828.9579370860072,11.834676741261127,4.182418790319701,0.0,1,5,4,1,39.88481146634257,48.8281573393427,29.191693358175684,51.40081655477823,44.430458185439896,6.865936505239486,37.14405152745879,9.972865296446958,45.087239909566335,13.756229035494739,140.05957357014708,0.0
2025-04-05 02:00:00,53.52554116307137,DE,565.3018751512263,11.139236825590862,2.7456024682337468,0.0,2,5,4,1,55.39169542688474,45.7076058769747,35.18632723468805,44.32138512097015,46.846242192907425,7.13097430855583,38.67231935482407,10.99806492103827,45.47074641132054,13.861844406692528,124.08259705659958,0.0
2025-04-05 03:00:00,47.96156194330847,DE,859.3522230380341,11.462385321599314,3.5084262286162518,0.0,3,5,4,1,53.52554116307137,39.88481146634257,28.07045355863774,50.57183740394799,48.549895535987424,5.5705140452317154,40.329911720213296,10.75111356681,45.361984933793906,13.83028487470537,131.3862772608154,0.0
2025-04-05 04:00:00,53.61690074904695,DE,715.9432912402679,8.846272312103954,0.05073457739698117,0.0,4,5,4,1,47.96156194330847,55.39169542688474,23.320137312546635,66.40296547668761,49.3480194376048,5.948583617376255,42.854642006588314,9.918629707485122,44.82923223680888,13.217206992828974,78.25653381989704,0.0
2025-04-05 05:00:00,50.61847868220107,DE,1361.992738699212,8.942081032231473,0.6117841040934751,0.0,5,5,4,1,53.61690074904695,53.52554116307137,26.770565629662507,68.22140851663129,50.16649823847587,5.679264842908685,44.841968094299865,8.719661353392384,44.09577682704096,12.3206884955205,79.96081318699387,0.0
2025-04-05 06:00:00,47.48855564493381,DE,712.4803161940974,7.5566396655258465,3.596380225153454,401.34931316598664,6,5,4,1,50.61847868220107,47.96156194330847,25.18970568217253,58.1573741019736,51.43378893490774,3.258600471919197,46.70020559119664,6.147533754618205,43.65124272466429,11.979012755344982,57.10280303459858,1443.4047332490752
2025-04-05 07:00:00,57.45791611386234,DE,994.9270551899398,9.229479293022631,0.505227780198283,495.8816870037477,7,5,4,1,47.48855564493381,53.61690074904695,40.60867979915869,60.709813191482965,51.778159049403996,3.8211496959003397,48.10430861742194,6.541319504234193,43.515747013096764,11.794644984665165,85.18328802033353,250.5332039658832
2025-04-05 08:00:00,59.924444868831756,DE,1009.7680780786391,8.669521494466677,3.3283363728449307,496.80262559708774,8,5,4,1,57.45791611386234,50.61847868220107,39.03083711826615,56.93361243919879,52.844643000364066,5.0890121887672315,49.84544259663574,6.6857149952461254,43.64036503099814,11.957256298541367,75.16060294301973,1653.526248899649
2025-04-05 09:00:00,40.2276570394927,DE,886.3132100835734,11.531825598035043,-0.33235182427380705,556.6765111881933,9,5,4,1,59.924444868831756,47.48855564493381,37.73964188482851,67.6148989508646,51.555658849728104,7.139540581446613,50.05277719285777,6.303838451912802,42.49922995135764,10.822808554216213,132.98300162349628,-185.0124540237744
2025-04-05 10:00:00,46.38640953856028,DE,662.9424682244584,10.686764929593824,4.098272213980021,657.016044473036,10,5,4,1,40.2276570394927,57.45791611386234,48.8281573393427,54.16943791228031,50.35057698131366,7.329724210181869,49.84929820945923,6.385835783104774,42.174937102452645,10.571610230430986,114.2069446603965,2692.630599202905
2025-04-05 11:00:00,36.42602281565425,DE,553.4453826045753,13.362773778889668,-0.3182161784224786,731.155845426071,11,5,4,1,46.38640953856028,59.924444868831756,45.7076058769747,44.03964770385955,47.98516767022252,9.261476719440585,49.07583295434919,7.4126403714883855,41.85770273211076,10.627309472232884,178.56372306578126,-232.6656189627408
2025-04-05 12:00:00,33.373140608192635,DE,458.762294395822,13.855234665202879,3.251430326473586,706.9530199326708,12,5,4,1,36.42602281565425,40.2276570394927,39.88481146634257,36.03106532401399,45.632598497432326,11.03568734791775,48.533193716170025,8.328405898208842,41.74695586895153,10.704239278765357,191.96752762783953,2298.6084884011716
2025-04-05 13:00:00,29.2619553382692,DE,291.1900771230419,17.42296261891751,3.3980923184065412,609.2242150916239,13,5,4,1,33.373140608192635,46.38640953856028,55.39169542688474,29.191693358175684,40.93327170150014,10.996269939487428,46.355715375452064,9.67861012124143,41.74988345145543,10.700665160534877,303.5596264201969,2070.2001254901015
2025-04-05 14:00:00,24.849055206952855,DE,392.77582335898205,16.191421606408188,0.7532868142553897,612.9676691270115,14,5,4,1,29.2619553382692,36.42602281565425,53.52554116307137,35.18632723468805,35.087373424520315,7.714660911452956,43.9660082124422,11.17233620294576,41.31916378363314,11.173926679234485,262.1621336364619,461.7404627182383
2025-04-05 15:00:00,27.09481542478339,DE,538.5512097249967,13.661181927510771,3.3108835852839933,593.7887302355729,15,5,4,1,24.849055206952855,33.373140608192635,47.96156194330847,28.07045355863774,32.89856648873543,7.82678960771873,42.22711266923177,12.080862636598289,41.27851219472253,11.225876093098016,186.62789165654692,1965.9653600635834
2025-04-05 16:00:00,21.276655278479815,DE,-94.51105889378596,20.371596531910978,2.6677149777816513,521.2167197837086,16,5,4,1,27.09481542478339,29.2619553382692,53.61690074904695,23.320137312546635,28.71360744538869,5.5562000448669036,39.53209221335118,12.889235931142329,41.19336710996975,11.374769606004373,415.0019452589674,1390.4576500372216
2025-04-05 17:00:00,26.35571417977433,DE,-306.9235090603498,16.36061498069665,1.069146738729063,539.2137746253727,17,5,4,1,21.276655278479815,24.849055206952855,50.61847868220107,26.770565629662507,27.035222672742037,4.087376954260661,37.51019517148228,12.89506104588167,41.176081632891076,11.397931531630633,267.6697225465956,576.4986486185052
2025-04-05 18:00:00,25.346255152998822,DE,-67.65640967025097,16.850590057978085,0.12972108296212337,280.70060288005016,18,5,4,1,26.35571417977433,27.09481542478339,47.48855564493381,25.18970568217253,25.697408430209737,2.663763415628928,35.66500346382103,12.921601233895913,41.182604527508836,11.388425784987945,283.9423853020299,36.41278619372103
2025-04-05 19:00:00,25.97823138946382,DE,482.9789543863296,16.615511537025757,-1.7784209322306186,284.69279630591166,19,5,4,1,25.346255152998822,21.276655278479815,57.45791611386234,40.60867979915869,25.15012110540884,2.0520187158784853,33.04169640345449,11.172072303815973,40.573002510438215,11.80445454764392,276.075223637036,-506.303628205701
2025-04-05 20:00:00,25.084820023310904,DE,-143.74761548616544,19.891029676525292,2.846130545713927,249.45565541641446,20,5,4,1,25.97823138946382,26.35571417977433,59.924444868831756,39.03083711826615,25.189415241468513,2.0473526043608548,30.13839433299442,7.461701956150975,39.99191846481508,12.219620892635492,395.65306159240987,709.983360681745
2025-04-05 21:00:00,29.89564843856993,DE,424.26997049553967,11.93802928936482,-0.9827750916095708,216.08511385584825,21,5,4,1,25.084820023310904,25.346255152998822,40.2276570394927,37.73964188482851,25.65622074376627,2.7629296124941503,29.27739361625085,6.754236338668074,39.66508540455431,12.386244722940729,142.5165433137323,-212.3630675651458
2025-04-05 22:00:00,40.20539277402135,DE,535.5401628152879,21.347571001284052,2.337518849997156,0.0,22,5,4,1,29.89564843856993,25.97823138946382,46.38640953856028,48.8281573393427,28.811010326356524,5.847230617252705,28.76230888587261,5.438380324668837,39.30580354766592,12.233010194530364,455.7187876548638,0.0
2025-04-05 23:00:00,42.82535027685851,DE,209.87282910714026,15.919861131593809,1.6199340189500413,0.0,23,5,4,1,40.20539277402135,25.084820023310904,36.42602281565425,45.7076058769747,31.555949675870554,7.951297030578525,29.295586174306298,6.473440788637411,39.185709564327745,12.181469137868776,253.4419784492313,0.0
2025-04-06 00:00:00,39.303456248991125,DE,563.796615837055,12.949038040232482,3.50511600199093,0.0,0,6,4,1,42.82535027685851,29.89564843856993,33.373140608192635,39.88481146634257,33.88214985853594,7.8116826693945915,29.789779144372833,7.0166042360211405,39.16148643027143,12.180596502803532,167.6775861673879,0.0
2025-04-06 01:00:00,48.272736567682585,DE,905.088847176968,11.13567038594125,1.542739452134811,0.0,1,6,4,1,39.303456248991125,40.20539277402135,29.2619553382692,55.39169542688474,37.5979007215724,8.566074508751187,31.374010913490622,8.804873230292083,38.86486314447134,11.850376920806024,124.00315494432894,0.0
2025-04-06 02:00:00,54.58792656150702,DE,624.1744518025026,10.693219600677153,1.4879348784203568,0.0,2,6,4,1,48.272736567682585,42.82535027685851,24.849055206952855,53.52554116307137,42.51508514460509,8.413081908874135,33.8522501930368,10.767773941625206,38.9091292027395,11.90935908624165,114.34494542830606,0.0
2025-04-06 03:00:00,44.800766309333895,DE,762.8373185728015,10.251318497381138,3.610571859691131,0.0,3,6,4,1,54.58792656150702,39.303456248991125,27.09481542478339,47.96156194330847,44.99927145639908,5.706957190063071,35.32774610008267,10.968867243573262,38.777429384657225,11.82205704071356,105.08953093474868,0.0
2025-04-06 04:00:00,57.285395101364664,DE,766.6765191024906,9.858998145964119,2.816946509282775,0.0,4,6,4,1,44.800766309333895,48.272736567682585,21.276655278479815,53.61690074904695,47.8459385109563,6.959788550337953,38.32847441865641,11.677987395727076,38.930283316003795,12.043901383492551,97.19984444212393,0.0
2025-04-06 05:00:00,51.68345115439563,DE,730.0115670059608,9.355449854132008,2.779142365480096,0.0,5,6,4,1,57.285395101364664,54.58792656150702,26.35571417977433,50.61847868220107,49.32228865721248,6.612651841329097,40.43911916654152,11.605953983802085,38.9746571690119,12.090707920396186,87.52444197317861,0.0
2025-04-06 06:00:00,57.25554764272129,DE,820.1444909867986,8.43735913178177,3.0853656307315918,356.3088951830984,6,6,4,1,51.68345115439563,44.800766309333895,25.346255152998822,47.48855564493381,52.31430388950085,5.049405633910132,43.098226874018394,11.488442111250416,39.381615168919716,12.545551347512257,71.18902911866122,1099.343219121877
2025-04-06 07:00:00,49.01073259349155,DE,688.174859792083,8.214809538819607,-0.9243137952996721,429.462920946969,7,6,4,1,57.25554764272129,57.285395101364664,25.97823138946382,57.45791611386234,52.43730322713568,4.9390491017501015,45.01760197435403,10.222447637702416,39.029649188904266,12.127912242638923,67.48309575908159,-396.95850240097593
2025-04-06 08:00:00,41.35295116315851,DE,889.8293955440646,8.971620447056317,3.660407811088503,627.3431097859777,8,6,4,1,49.01073259349155,51.68345115439563,25.084820023310904,59.924444868831756,50.23147399407759,6.496377674779483,46.37327956934134,8.221603035035775,38.25583695116788,11.301054721561322,80.48997344603899,2296.331619293145
2025-04-06 09:00:00,39.08278271917259,DE,649.5587443815455,9.817126226519424,3.3717680391417444,563.740672475764,9,6,4,1,41.35295116315851,57.25554764272129,29.89564843856993,40.2276570394927,49.27847672905071,7.75069187789044,47.13887409272488,6.863260013040049,38.208133854487876,11.294784137987245,96.3759673474155,1900.802781818055
2025-04-06 10:00:00,43.81198808841433,DE,746.7571823581495,13.611786764317065,0.11346419396154506,632.9550918713021,10,6,4,1,39.08278271917259,49.01073259349155,40.20539277402135,46.38640953856028,47.03290889355898,6.86851410051003,47.43942370225764,6.6061869386199605,38.10086629406512,11.22575117627498,185.28073891723724,71.81773931303299
2025-04-06 11:00:00,40.977848169870796,DE,268.23039331053513,13.71449321629396,1.5282733665467778,787.6517043114105,11,6,4,1,43.81198808841433,41.35295116315851,42.82535027685851,36.42602281565425,45.24864172947151,6.809067350455677,47.285465193342,6.74359366472478,38.29052568382415,11.234672428933848,188.08732417977305,1203.7471218143066
2025-04-06 12:00:00,31.287184401494073,DE,516.1760464428914,7.951789803891216,1.937819738639918,658.3969347575072,12,6,4,1,40.977848169870796,39.08278271917259,39.303456248991125,33.373140608192635,40.920581189266976,5.834052515849732,46.61744253938391,7.903474960574886,38.20361084187838,11.282336518042168,63.2309610852683,1275.8545760331158
2025-04-06 13:00:00,35.41688725335042,DE,487.29626977052453,16.401470451079636,1.7474407450917149,660.5682750543469,13,6,4,1,31.287184401494073,43.81198808841433,48.272736567682585,29.2619553382692,38.65494029924346,4.565570481991376,45.54612176318957,8.506969244021898,38.46006633834009,11.139295616517199,269.0082329576384,1154.303918744917
2025-04-06 14:00:00,20.861408744007136,DE,-198.74712851429095,16.602488223669653,2.6841542470322497,645.7576201530111,14,6,4,1,35.41688725335042,40.977848169870796,54.58792656150702,24.849055206952855,35.23968322938489,8.289376171898986,42.735578611731235,10.569444691958578,38.29391440238402,11.378317341527763,275.6426152170895,1733.313058687143
2025-04-06 15:00:00,26.521808291822676,DE,171.25792337624088,17.088636131679678,4.879167877557547,639.5240975217692,15,6,4,1,20.861408744007136,31.287184401494073,44.800766309333895,27.09481542478339,33.14618749149324,8.700624919020271,41.21233211027197,11.519243823706518,38.270039105177325,11.403411790597131,292.0214848409482,3120.345433552197
2025-04-06 16:00:00,19.376324861722722,DE,262.52109660243923,16.989523404952163,4.179967769240838,535.3901253676657,16,6,4,1,26.521808291822676,35.41688725335042,57.285395101364664,21.276655278479815,29.073576953711306,8.42421800314002,38.053242923635146,11.902377477338337,38.190858671145776,11.532404790436372,288.6439055274173,2237.913468006654
2025-04-06 17:00:00,21.744249511864343,DE,-274.89111688277524,20.339111803040858,-0.6080040729676321,375.9553984282691,17,6,4,1,19.376324861722722,20.861408744007136,51.68345115439563,26.35571417977433,25.86797717737689,6.4060813736302675,35.55830945342421,11.923379856344525,37.998714309982866,11.774051289271148,413.6794689365959,-228.58241349855655
2025-04-06 18:00:00,25.834439056826575,DE,284.5144773675407,19.971982440168382,3.2605742945072778,323.3915718436406,18,6,4,1,21.744249511864343,26.521808291822676,57.25554764272129,25.346255152998822,24.959186286598978,5.845807136683614,32.93988373793298,10.024272954373808,38.019055305975684,11.751642745671372,398.88008259039424,1054.4422462136781
2025-04-06 19:00:00,22.870904797376106,DE,50.840888728674855,16.179885570112464,4.674300952966,229.04561255350734,19,6,4,1,25.834439056826575,19.376324861722722,49.01073259349155,25.97823138946382,22.868189210603262,2.815354430042856,30.761564754923356,9.002614780606697,37.889583364638696,11.906169715447643,261.78869706193353,1070.6281250315405
2025-04-06 20:00:00,27.699860612369765,DE,-124.01507304390105,17.87506484507967,2.7900513552735857,171.1389477388477,20,6,4,1,22.870904797376106,21.744249511864343,41.35295116315851,25.084820023310904,24.007931188663694,3.1985907168009398,29.623807209024292,8.383861451280602,37.998543389182814,11.795341247609633,319.5179432158031,477.4864530788674
2025-04-06 21:00:00,37.810969137483795,DE,85.29279387518497,14.184871028886583,4.198395164267114,123.80480951619988,21,6,4,1,27.699860612369765,25.834439056826575,39.08278271917259,29.89564843856993,25.889457996273887,6.543979410546291,29.51782274388356,8.260547370351187,38.32834841830422,11.668909813352462,201.2105661061459,519.7815135858248
2025-04-06 22:00:00,33.543977297276825,DE,311.6653825043443,12.231644385033146,6.040975205296711,0.0,22,6,4,1,37.810969137483795,22.870904797376106,43.81198808841433,40.20539277402135,28.250733402199568,6.274318542655077,28.66215517795543,7.094836952617044,38.05078944010654,11.701500218156431,149.6131243619129,0.0
2025-04-06 23:00:00,44.49922489906231,DE,335.7915557312215,12.473119844928716,4.063853406109143,0.0,23,6,4,1,33.543977297276825,27.699860612369765,40.977848169870796,42.82535027685851,32.043229300065896,8.151274236215496,28.955603238721398,7.697738555363947,38.12053421603169,11.736132638048348,155.57871866595457,0.0
2025-04-07 00:00:00,43.54269819969579,DE,557.7511984892739,14.146153937386622,2.515051505178638,0.0,0,0,4,0,44.49922489906231,37.810969137483795,31.287184401494073,39.303456248991125,34.994605823877436,8.644551194216211,29.97689605523821,8.77308677931426,38.29716929731106,11.786503653744823,200.113671220239,0.0
2025-04-07 01:00:00,55.42509593011287,DE,395.2748039353871,13.070515258572938,4.106611262064687,0.0,1,0,4,0,43.54269819969579,33.543977297276825,35.41688725335042,48.272736567682585,40.42030434600023,9.668845840433272,31.644246778301746,11.40691273444147,38.595184270745655,12.134967065972695,170.83836912458798,0.0
2025-04-07 02:00:00,63.03883404793757,DE,733.8721648072155,11.067089071803364,2.306209980088963,0.0,2,0,4,0,55.42509593011287,44.49922489906231,20.861408744007136,54.58792656150702,46.31013325192819,11.037033924752121,35.15903222029595,13.988307301459416,38.94730541601359,12.727357142494952,122.48046052322945,0.0
2025-04-07 03:00:00,45.789570214304305,DE,520.8104912122777,10.578071994965397,2.064240400465091,0.0,3,0,4,0,63.03883404793757,43.54269819969579,26.521808291822676,44.800766309333895,47.63990009806494,10.261638322626832,36.764679047169416,14.012558110561104,38.98850557872069,12.748711956096184,111.89560713067121,0.0
2025-04-07 04:00:00,55.584117862112606,DE,860.7674896224793,9.519730328940863,1.3136058424677153,0.0,4,0,4,0,45.789570214304305,55.42509593011287,19.376324861722722,57.285395101364664,51.31325685887091,7.873504457938559,39.78199513053524,13.82499611273318,38.91761902708519,12.646875681521346,90.62526553575651,0.0
2025-04-07 05:00:00,62.88193058502756,DE,752.1813848515762,6.880084512326146,5.143261031559397,0.0,5,0,4,0,55.584117862112606,63.03883404793757,21.744249511864343,51.68345115439563,54.37704113986512,8.258848560859542,43.21013521996551,14.044269973624917,39.384222336694855,13.326658791550145,47.335562896750105,0.0
2025-04-07 06:00:00,58.38732736954053,DE,802.8940114820467,9.040849639266094,0.3795769820111776,417.31128781013746,6,0,4,0,62.88193058502756,45.789570214304305,25.834439056826575,57.25554764272129,56.8511460015059,6.37205049032751,45.922875912691666,13.516930493450257,39.43137982531232,13.394477374898203,81.73696219981787,158.40175918616993
2025-04-07 07:00:00,59.68275774306068,DE,1180.1815481866217,10.129112210536563,5.081169763251412,466.69919758677116,7,0,4,0,58.38732736954053,55.584117862112606,22.870904797376106,49.01073259349155,57.56075630366387,6.418383952672709,48.99053032483206,11.88886584616389,39.8760475398777,13.894142272837225,102.5989141736409,2371.377851311598
2025-04-07 08:00:00,52.357435732902005,DE,1101.2747260110732,10.70155645463743,3.016162561375923,520.1042376778547,8,0,4,0,59.68275774306068,62.88193058502756,27.699860612369765,41.35295116315851,55.780523251157945,6.066763448199288,51.045328251543076,9.826557443873702,40.33456773028369,14.124667579008937,114.52331055179204,1568.7189296969102
2025-04-07 09:00:00,52.65344384595291,DE,925.3810147747092,12.50357631082101,-0.7821780357087027,711.1091094376357,9,0,4,0,52.357435732902005,58.38732736954053,37.810969137483795,39.08278271917259,56.92450218976605,4.150552971159434,52.2822011439155,8.899709204430724,40.90001194389953,14.342332716446405,156.33942056052436,-556.2139263944947
2025-04-07 10:00:00,47.793177178147026,DE,481.53744706548423,12.679661045632002,2.7517328998780233,697.5607474385482,10,0,4,0,52.65344384595291,59.68275774306068,33.543977297276825,43.81198808841433,55.62601207577179,5.614329108578493,53.46963446732135,6.897716299457435,41.06589482263839,14.400382526631367,160.77380423211764,1919.5008583901576
2025-04-07 11:00:00,50.51814596956242,DE,516.1278326123002,13.149653511448593,-2.183618701408068,716.7612602513944,11,0,4,0,47.793177178147026,52.357435732902005,44.49922489906231,40.977848169870796,53.56538130652759,4.594958203079285,53.971211223196356,6.38597523876623,41.46340723095887,14.528949065472464,172.9133874711523,-1565.1332923297603
2025-04-07 12:00:00,42.08087174352218,DE,692.6195399958367,15.892244874485822,3.2674503475572516,636.1847791730831,12,0,4,0,50.51814596956242,52.65344384595291,43.54269819969579,31.287184401494073,50.847638702191205,5.829138037957889,53.84939235184856,6.6129053459749825,41.913144203543375,14.36640061554294,252.56344715062087,2078.702177819724
2025-04-07 13:00:00,38.91193826983955,DE,348.93386017672054,14.956003704155187,3.7868972798731617,623.6586583279969,13,0,4,0,42.08087174352218,47.793177178147026,55.42509593011287,35.41688725335042,47.38583545665435,5.698971440663491,52.47329588015911,7.856419974401295,42.058771329230424,14.315310504497678,223.68204679870365,2361.7312767916374
2025-04-07 14:00:00,32.1096242247396,DE,663.8659079963389,14.368643856409859,0.8317224025910728,667.7446654316462,14,0,4,0,38.91193826983955,50.51814596956242,63.03883404793757,20.861408744007136,44.01120020529394,7.780851100290277,49.895861728225945,9.056826695824652,42.52744697426095,13.764687371827947,206.4579262723448,555.3781974501809
2025-04-07 15:00:00,29.41417616469679,DE,175.11017728560083,16.719297041317137,2.2635297058063446,604.7634333037039,15,0,4,0,32.1096242247396,42.08087174352218,45.789570214304305,26.521808291822676,40.13798892508459,8.379526969881566,48.53124555742533,10.79805914287323,42.647962302297366,13.630466276825977,279.534893555796,1368.8999962683679
2025-04-07 16:00:00,28.2686149214369,DE,55.397121405787075,16.196132346150225,5.924749181395752,494.2938717495843,16,0,4,0,29.41417616469679,38.91193826983955,55.584117862112606,19.376324861722722,36.88389521563291,8.600322529116587,46.25495364570235,11.989510672851555,43.01847438811879,13.08012576764596,262.3147029740136,2928.5672120172862
2025-04-07 17:00:00,31.97569076276662,DE,-94.78620598503446,16.659907137753258,1.0049409053713065,447.63580076648526,17,0,4,0,28.2686149214369,32.1096242247396,62.88193058502756,21.744249511864343,33.793486014500274,5.490385071588215,43.67943366051393,11.398059547486413,43.444784440239715,12.510954386315914,277.55250583856196,449.8475268988815
2025-04-07 18:00:00,28.49252329614319,DE,-23.291819043543537,17.707269499124823,-0.10138086021802106,429.4313464021799,18,0,4,0,31.97569076276662,29.41417616469679,58.38732736954053,25.834439056826575,31.528761273270444,3.9841489874295997,41.18819998773082,11.155587847430027,43.55553795021124,12.359124403940585,313.5473931146363,-43.53611930283598
2025-04-07 19:00:00,33.62184590827793,DE,-63.45688042064296,16.060178388392952,4.979761118820377,294.18345794163287,19,0,4,0,28.49252329614319,28.2686149214369,59.68275774306068,22.870904797376106,30.647079213010173,2.2168778479885276,39.01645733483226,9.664941311604759,44.00349382983216,11.756979851712785,257.929329867004,1464.963345657873
2025-04-07 20:00:00,44.999642326746084,DE,158.6090334454988,16.36441453618571,5.94160869495677,117.94957451236306,20,0,4,0,33.62184590827793,31.97569076276662,52.357435732902005,27.699860612369765,32.795415563344584,6.336208212202893,38.40330788431927,8.948475579521066,44.724318067931165,11.232571009534036,267.79406311212614,700.8102174891078
2025-04-07 21:00:00,42.13512860857006,DE,287.78707276564296,12.260332488694775,2.0238256575908746,96.93718522756124,21,0,4,0,44.999642326746084,28.49252329614319,52.65344384595291,37.810969137483795,34.915574303990134,7.064908972165264,37.52678161453736,7.876708464278622,44.90449137922642,11.151243632397625,150.31575273334462,196.18396263817755
2025-04-07 22:00:00,39.79831898405337,DE,42.80210789840987,15.336845453990076,4.039360384711893,0.0,22,0,4,0,42.13512860857006,33.62184590827793,47.793177178147026,33.543977297276825,36.83719164775954,6.435342123104635,36.86054343169622,7.241938608492523,45.16508894950878,10.945392607622225,235.21882847957608,0.0
2025-04-07 23:00:00,51.326833949556324,DE,54.343886737183595,13.648342569466287,4.699386144956942,0.0,23,0,4,0,39.79831898405337,44.999642326746084,50.51814596956242,44.49922489906231,40.062382178891156,8.136000990826453,36.927934096695715,7.382974142918114,45.449572659946035,11.015835691641596,186.2772548935056,0.0
2025-04-08 00:00:00,47.150855607876125,DE,82.75892537934067,10.706567055117915,0.5314658488184119,0.0,0,1,4,0,51.326833949556324,42.13512860857006,42.08087174352218,43.54269819969579,43.17210423084665,6.153619327807898,37.350432752058545,7.835842332230003,45.599912551953544,11.013300992194182,114.6305781057363,0.0
2025-04-08 01:00:00,42.58545236464718,DE,681.0077879337691,12.402133829318766,1.0458226431594433,0.0,1,1,4,0,47.150855607876125,39.79831898405337,38.91193826983955,55.42509593011287,44.66603864024152,4.125065827953066,37.65655892662584,7.972949993893042,45.06492740339248,10.825529597072958,153.81292352033296,0.0
2025-04-08 02:00:00,50.79055939006105,DE,479.32667876522527,11.835435831495086,4.47818334020465,0.0,2,1,4,0,42.58545236464718,51.326833949556324,32.1096242247396,63.03883404793757,45.63119148412735,4.835083936141835,39.213303523735966,8.591217959771257,44.55458262598096,10.212713289538664,140.0775413214378,0.0
2025-04-08 03:00:00,48.79383310981147,DE,372.9752720027772,5.832138017164647,5.386462871312199,0.0,3,1,4,0,50.79055939006105,47.150855607876125,29.41417616469679,45.789570214304305,46.74097556766759,4.632068771032374,40.82827493582886,8.401111098397148,44.67976024662709,10.246863309515621,34.01383385125718,0.0
2025-04-08 04:00:00,57.81102671925845,DE,960.7284227984121,6.88130152221171,3.1421960342438897,0.0,4,1,4,0,48.79383310981147,42.58545236464718,28.2686149214369,55.584117862112606,49.7430935235351,5.0507342878643975,43.290142585647324,8.70895377873476,44.77254811567483,10.359363105257417,47.3523106395932,0.0
2025-04-08 05:00:00,60.08866184507262,DE,1431.5628166310923,6.544140327830647,0.25680560689107135,0.0,5,1,4,0,57.81102671925845,50.79055939006105,31.97569076276662,62.88193058502756,51.203398172787814,6.622343941231914,45.632890175839485,9.158287201527589,44.65616191817671,10.160849415011462,42.8257726303394,0.0
2025-04-08 06:00:00,67.78474086113191,DE,948.7858176920213,6.216575672333676,5.990556537294062,452.6486012250832,6,1,4,0,60.08866184507262,48.79383310981147,28.49252329614319,58.38732736954053,54.64237904833045,9.020371208699148,48.90724163958854,9.491011302745827,45.04772081365969,10.869367442126379,38.64581308985089,2711.6170371659355
2025-04-08 07:00:00,59.461665245024946,DE,1100.6610680348626,10.106620168577889,0.9544925182712509,495.0251484967159,7,1,4,0,67.78474086113191,57.81102671925845,33.62184590827793,59.68275774306068,57.455081195060075,6.8880151263810365,51.0605599176508,8.596952053637281,45.03850862624153,10.856510507154594,102.14377123190536,472.49780059623026
2025-04-08 08:00:00,54.281859022436784,DE,899.3785736017325,8.724698842097867,1.3461587515522764,506.1849637537501,8,1,4,0,59.461665245024946,60.08866184507262,44.999642326746084,52.357435732902005,58.036964467122694,6.33791323891313,51.83407797562503,8.417759982671548,45.11869292997215,10.919839131295795,76.12036988530386,681.4053188612825
2025-04-08 09:00:00,56.367522814505854,DE,783.7754599550452,9.516097209883696,2.701109982874423,598.4283259023215,9,1,4,0,54.281859022436784,67.78474086113191,42.13512860857006,52.65344384595291,59.299246084571756,4.661269139889532,53.02011082611967,7.914589121578992,45.273446220328516,11.05672199534114,90.55610610795627,1616.4207251295893
2025-04-08 10:00:00,37.515886810068,DE,883.8152965975537,7.17470594704956,5.124755155324728,594.5261739586755,10,1,4,0,56.367522814505854,59.461665245024946,39.79831898405337,47.793177178147026,55.91672276637335,10.122137228731075,52.829908144954224,8.28020085781572,44.84522578832522,11.153484672230555,51.476405426628325,3046.801074970208
2025-04-08 11:00:00,45.85730845180621,DE,521.3546137135303,13.637565583851249,3.8547824042189864,772.8601830917171,11,1,4,0,37.515886810068,54.281859022436784,51.326833949556324,50.51814596956242,53.54483053416229,10.60490277649657,52.37411435347505,8.517596371273779,44.651024225085386,11.090815263242865,185.98319505384404,2979.2078347034153
2025-04-08 12:00:00,44.66309349645095,DE,503.47846281438063,11.19340003521339,2.97656145183836,794.8644347386555,12,1,4,0,45.85730845180621,56.367522814505854,47.150855607876125,42.08087174352218,49.691222640048785,8.358567561157882,52.166800844189616,8.684916869983148,44.75861679812408,11.077314946368766,125.29220434831512,2365.9628358803698
2025-04-08 13:00:00,29.830993730564337,DE,384.93003868794233,15.04888391025333,3.0734075113507515,695.9087256135001,13,1,4,0,44.66309349645095,37.515886810068,42.58545236464718,38.91193826983955,44.75277738763868,10.019640242502625,51.10392929134938,10.545293137441574,44.38024410898762,11.43502085873432,226.46890694428157,2138.8111045150604
2025-04-08 14:00:00,39.88777927138658,DE,66.38190927139038,16.607119461849045,2.233859788401471,704.2854235338209,14,1,4,0,29.830993730564337,45.85730845180621,50.79055939006105,32.1096242247396,42.35376409579698,8.94761615367787,50.19536428145984,11.033145174877818,44.7043339025979,11.179496866298878,275.79641682012533,1573.2748871895017
2025-04-08 15:00:00,33.544689322531326,DE,294.855079314031,19.686720587949335,3.2631094801515514,606.251712361988,15,1,4,0,39.88777927138658,44.66309349645095,48.79383310981147,29.41417616469679,38.549958513801236,6.2401909853602575,48.92460229918649,12.041352505296514,44.87643861750768,10.963584618768309,387.5669675079882,1978.2657099665146
2025-04-08 16:00:00,28.354966291030998,DE,-18.00465323130097,14.988269264592269,-2.912289704274067,458.1637280562036,16,1,4,0,33.544689322531326,29.830993730564337,57.81102671925845,28.2686149214369,37.023138427295066,7.531021210213015,46.46993059683421,13.027147529340839,44.88003659124076,10.95791007954358,224.64821554792127,-1334.305508089905
2025-04-08 17:00:00,33.16733938140656,DE,-184.11194504310313,11.891211803127739,1.5536155329749424,419.99549733769936,17,1,4,0,28.354966291030998,39.88777927138658,60.08866184507262,31.97569076276662,34.908143582228455,6.222006259009207,44.22648705819537,12.78445407361337,44.929688617017426,10.899439979753677,141.40091814684445,652.5115284433858
2025-04-08 18:00:00,41.950909989266485,DE,57.301968714080715,18.283978357130618,2.629474320948101,356.5963983385979,18,1,4,0,33.16733938140656,33.544689322531326,67.78474086113191,28.49252329614319,34.45611299769771,5.4181607649599375,42.073667818873254,10.411690484478312,45.4904547292309,10.349322439923597,334.30386456402084,937.6610723739233
2025-04-08 19:00:00,33.08230289908834,DE,-212.65650950274164,21.166013020481948,-0.15519771612447508,236.6859482769457,19,1,4,0,41.950909989266485,28.354966291030998,59.461665245024946,33.62184590827793,34.99799785911838,5.010311788868367,39.875387623378536,9.110180344509534,45.46797377051467,10.37677413067403,448.00010718321136,-36.73311861133761
2025-04-08 20:00:00,35.86374126502057,DE,22.623529581606352,19.378202728410034,2.919477086737659,164.06733612824817,20,1,4,0,33.08230289908834,33.16733938140656,54.281859022436784,44.999642326746084,34.32732485805738,4.464456447258822,38.340544476927185,7.938555006631786,45.08731122627611,10.560643515458896,375.5147409833581,478.99082850850624
2025-04-08 21:00:00,35.482700593710376,DE,94.62281007788546,16.386853080218966,1.7378880091422961,97.94264870925271,21,1,4,0,35.86374126502057,41.950909989266485,56.367522814505854,42.13512860857006,34.650326736587225,4.466615055614676,36.60014262519423,5.560203985283818,44.81012672565695,10.72748322696671,268.5289538726818,170.21335477544648
2025-04-08 22:00:00,37.17921479756861,DE,417.1791131663154,13.846958095047473,5.657781847745519,0.0,22,1,4,0,35.482700593710376,33.08230289908834,37.515886810068,39.79831898405337,36.121034821010156,3.272279582896132,36.57208662415261,5.5560110235833875,44.700997384553425,10.793801352694517,191.73824848600074,0.0
2025-04-08 23:00:00,49.47244342145783,DE,415.53012402472973,15.180149239083828,5.292869901544252,0.0,23,1,4,0,37.17921479756861,35.86374126502057,45.85730845180621,51.326833949556324,38.838552161018704,5.979388936168649,36.87334787162359,6.169401064743883,44.623731112549315,10.750860634926143,230.43693092085732,0.0
2025-04-09 00:00:00,44.91081334343955,DE,444.9946082509712,10.313624344912727,1.2152193128782134,0.0,0,2,4,0,49.47244342145783,35.482700593710376,44.66309349645095,47.150855607876125,39.33186938671421,6.395168075279206,36.89399119220597,6.198183055066096,44.53039601819779,10.737682699651756,106.37084712797648,0.0
2025-04-09 01:00:00,53.133906226633414,DE,742.9627823913178,11.956330458233762,1.8451550279811484,0.0,1,2,4,0,44.91081334343955,37.17921479756861,29.830993730564337,42.58545236464718,42.673803274638395,7.6015640566273,38.83590056687839,7.331060744122621,44.969914929113884,10.869685451192895,142.95383802648834,0.0
2025-04-09 02:00:00,53.442703710822485,DE,978.0415098034626,10.891208301642592,1.998935319897754,0.0,2,2,4,0,53.133906226633414,49.47244342145783,39.88777927138658,50.79055939006105,45.603630348938715,7.835915166115858,39.965477603498044,8.464524289222473,45.080420942478945,10.94465641203813,118.61841826976853,0.0
2025-04-09 03:00:00,60.542691843672706,DE,915.1154518636463,11.087649987967723,1.2435114987952938,0.0,3,2,4,0,53.442703710822485,44.91081334343955,33.544689322531326,48.79383310981147,49.78029555726577,8.038444850980756,42.21531114692649,10.043469601191466,45.56995672305649,11.372368298051818,122.93598225568064,0.0
2025-04-09 04:00:00,61.236904665899736,DE,885.0832258608954,13.846043584233662,2.5368804191707923,0.0,4,2,4,0,60.542691843672706,53.133906226633414,28.354966291030998,57.81102671925845,53.78991053532095,6.310111891772549,44.955472678165556,10.397526523168583,45.71270163749988,11.552767281493056,191.71292293649816,0.0
2025-04-09 05:00:00,65.18426967041435,DE,670.5956666745024,8.787229388830145,0.6302663133393587,0.0,5,2,4,0,61.236904665899736,53.442703710822485,33.16733938140656,60.08866184507262,56.408548243480375,7.3366869576679195,47.62355020224954,11.176333049785999,45.92501863022246,11.870899344027722,77.21540033192021,0.0
2025-04-09 06:00:00,56.85247230548176,DE,736.9772673849254,6.998427050203775,-0.11440021876051354,419.3174698631422,6,2,4,0,65.18426967041435,60.542691843672706,41.950909989266485,67.78474086113191,58.39882473715408,4.76165591339097,48.86534706193414,11.31573348665088,45.4695074404037,11.185592043929606,48.977981177023906,-47.97001028244851
2025-04-09 07:00:00,56.477653699737274,DE,871.9179722736008,8.31649428739777,3.392252898915076,425.4776364367512,7,2,4,0,56.85247230548176,61.236904665899736,33.08230289908834,59.461665245024946,58.956115982671385,4.182700687982817,50.81495962865489,10.320918418998504,45.34517362601671,11.038922415281592,69.16407723231974,1443.3277456261042
2025-04-09 08:00:00,50.48354308756957,DE,761.1102614603628,5.494171736932605,3.4058896195581605,394.8431456086349,8,2,4,0,56.477653699737274,65.18426967041435,35.86374126502057,54.281859022436784,58.46292254546257,5.047816621286183,52.03327644720064,9.197303374805328,45.18691046206391,10.931937549407268,30.18592307490904,1344.792170982141
2025-04-09 09:00:00,49.99902860820785,DE,766.1591299961846,8.57567305739417,0.5381989317945544,579.421845316927,9,2,4,0,50.48354308756957,56.85247230548176,35.482700593710376,56.367522814505854,56.70564533955176,5.936096097394406,53.24297044840876,7.646452364093522,44.921556536801496,10.724063617735446,73.54216838731627,311.84421820799963
2025-04-09 10:00:00,50.45806582033168,DE,711.3299849794214,10.283838226704226,3.9375413126397385,649.8996832601126,10,2,4,0,49.99902860820785,56.477653699737274,37.17921479756861,37.515886810068,54.90917219862376,5.921523936917195,54.34954136697235,5.863353284471299,45.46081399556248,10.660690195776962,105.75732867302312,2559.006851908174
2025-04-09 11:00:00,48.46417874449014,DE,685.3480734226067,11.239144634239112,1.1387683303160212,637.5441282047282,11,2,4,0,50.45806582033168,50.48354308756957,49.47244342145783,45.85730845180621,52.12249037763638,3.596914450412179,54.26551931055838,5.946234266553797,45.569433591090984,10.67817174166266,126.31837210934583,726.0150623784816
2025-04-09 12:00:00,36.19794090612799,DE,435.9002443881818,13.897218475663283,2.9082542647226464,674.2390803095878,12,2,4,0,48.46417874449014,49.99902860820785,44.91081334343955,44.66309349645095,48.68006847774408,6.705309887388519,53.53944660744909,7.516862306639227,45.21671889982753,10.847870416567961,193.13268136031692,1960.8586807530337
2025-04-09 13:00:00,41.571954559991845,DE,417.89080621398,13.204770691631776,4.042611813871596,764.5837991443414,13,2,4,0,36.19794090612799,50.45806582033168,53.133906226633414,29.830993730564337,46.195785287786514,5.958168742082036,52.575950635228956,8.27620860358378,45.70592560105367,10.378436551035927,174.36596901857752,3090.9154991157416
2025-04-09 14:00:00,40.94719834937669,DE,212.89488296202418,18.215018827257104,2.334698659239258,686.3552494396406,14,2,4,0,41.571954559991845,48.46417874449014,53.442703710822485,39.88777927138658,44.6063944980877,5.856700320176694,51.53465852177513,8.918403164221445,45.75006806263659,10.354840568515664,331.7869108773308,1602.4326806285553
2025-04-09 15:00:00,33.919381801177764,DE,-298.6467038640478,16.886409432783932,3.3114056129289526,551.2591676963868,15,2,4,0,40.94719834937669,36.19794090612799,60.542691843672706,33.544689322531326,41.92645336358269,6.535195850678143,49.31604935156722,9.746811389133558,45.765680249246856,10.33590334085501,285.15082353161415,1825.4427020883581
2025-04-09 16:00:00,39.81538492332533,DE,-170.8797806559701,17.50790132722877,1.3690645008715405,445.1200415202285,16,2,4,0,33.919381801177764,41.571954559991845,61.236904665899736,28.354966291030998,40.15267321408163,5.026616093721878,47.53092270635269,9.317234091569391,46.24319769225912,9.744365496050335,306.5266088839789,609.398047471811
2025-04-09 17:00:00,26.134484055357273,DE,-61.780424288857276,17.195038588419056,2.0089906217904896,424.2357999053937,17,2,4,0,39.81538492332533,40.94719834937669,65.18426967041435,33.16733938140656,36.431057432559484,5.842265069721549,44.27677390509793,9.409919703801474,45.95016205367374,10.247444159585775,295.6693520572204,852.2857434377227
2025-04-09 18:00:00,24.37417218368742,DE,-291.9389485682215,18.147252542016687,1.9902049268860034,339.32716103247816,18,2,4,0,26.134484055357273,33.919381801177764,56.85247230548176,41.950909989266485,34.46042931215272,7.650806404300029,41.5702488949484,10.108837315612876,45.21779797844127,11.135312654392235,329.32277482373115,675.3305877130783
2025-04-09 19:00:00,23.279370379274475,DE,87.02283285470672,19.13577909347101,0.9087670955662062,284.22329358228376,19,2,4,0,24.37417218368742,39.81538492332533,56.477653699737274,33.08230289908834,31.41166528203316,7.89109254821073,38.80372528490984,10.200517789225167,44.80934245678236,11.761968233585808,366.17804151412224,258.29277700103313
2025-04-09 20:00:00,42.10285989096481,DE,323.1374645765202,15.086641497784862,2.0483754624151196,148.23416437161703,20,2,4,0,23.279370379274475,26.134484055357273,50.48354308756957,35.86374126502057,31.604275538964515,8.179234280094077,38.105335018526105,9.597202966237221,45.06930573286338,11.623792971877242,227.6067516826843,303.63922499042985
2025-04-09 21:00:00,41.05133337318188,DE,340.1989797461895,14.571893178194705,-0.6953128090808094,128.0876053528015,21,2,4,0,42.10285989096481,24.37417218368742,49.99902860820785,35.482700593710376,32.792934134298534,9.05438121821109,37.35969374894061,8.912282335948042,45.301332098674685,11.4787856962372,212.34007079671736,-89.06095268629052
2025-04-09 22:00:00,41.15051329034029,DE,157.31142581395818,14.14337031543374,1.4196162943624746,0.0,22,2,4,0,41.05133337318188,23.279370379274475,50.45806582033168,37.17921479756861,33.01545552880102,9.275196125825058,36.58406437144132,8.030058821771126,45.46680286920684,11.384851410858083,200.0349238794923,0.0
2025-04-09 23:00:00,46.7206074703357,DE,618.7357048187296,10.79475410553828,1.8321728019073422,0.0,23,2,4,0,41.15051329034029,42.10285989096481,48.46417874449014,49.47244342145783,36.446476097964094,9.999983243072755,36.43876676526179,7.808266850174251,45.35214303791008,11.356577681422761,116.52671619903555,0.0
2025-04-10 00:00:00,43.563787236492004,DE,479.7334914404223,10.542792931554171,1.8895642836559237,0.0,0,3,4,0,46.7206074703357,41.05133337318188,36.19794090612799,44.91081334343955,39.644745273431525,8.289033309622504,37.052587292792126,8.072658428748252,45.296016950120595,11.362180868152548,111.1504827976286,0.0
2025-04-10 01:00:00,65.00483493862059,DE,511.9923283276525,9.971765079107508,1.9189288969051264,0.0,1,3,4,0,43.563787236492004,41.15051329034029,41.571954559991845,53.133906226633414,46.59898936665588,9.259373121236596,39.00532732434451,11.409689261833567,45.790638979786735,11.960830855235024,99.43609879290796,0.0
2025-04-10 02:00:00,56.477096854524206,DE,577.3194672918121,11.549638251410297,2.2783953889264263,0.0,2,3,4,0,65.00483493862059,46.7206074703357,40.94719834937669,53.442703710822485,48.99469552724912,9.711903337901028,40.29948553310681,12.480475010532457,45.91707202744097,12.06085395866404,133.3941437384399,0.0
2025-04-10 03:00:00,58.69476668796521,DE,743.0594532956482,9.412944737649315,3.3608068248188117,0.0,3,3,4,0,56.477096854524206,43.563787236492004,33.919381801177764,60.542691843672706,51.93526774637967,9.49439751201112,42.3641009403391,13.348182801594174,45.840075145953165,11.968972569024741,88.60352863403993,0.0
2025-04-10 04:00:00,63.19742725895845,DE,805.3773381839735,8.634495235822097,4.150957936911729,0.0,4,3,4,0,58.69476668796521,65.00483493862059,39.81538492332533,61.236904665899736,55.60975340781604,8.720460532947875,44.31260446830853,14.591047583218165,45.92176358733061,12.08475532897826,74.5545079774345,0.0
2025-04-10 05:00:00,62.40161610780843,DE,967.0461576196318,9.624785285484059,1.1023933349501498,0.0,5,3,4,0,63.19742725895845,56.477096854524206,26.134484055357273,65.18426967041435,58.22325484739482,7.827672761723575,47.33486547267946,14.235183387191869,45.8058196888887,11.903906790379464,92.63649179167045,0.0
2025-04-10 06:00:00,60.52197442115115,DE,982.114796209973,7.662202631495482,-0.004477922131604917,352.5598950940543,6,3,4,0,62.40161610780843,58.69476668796521,24.37417218368742,56.85247230548176,61.049619378171336,3.124624988756671,50.34718232580144,12.673747666162967,45.95871561037492,12.0743071675712,58.709349166096295,-1.5787357569579734
2025-04-10 07:00:00,53.874656098977574,DE,933.5721171752172,9.069164518315041,0.3178349641604781,415.49745614530565,7,3,4,0,60.52197442115115,63.19742725895845,23.279370379274475,56.477653699737274,59.19458957156417,3.5778753759618076,52.896789469110026,9.383899885086834,45.85025737700993,11.98708778325179,82.2497450602645,132.05961908271303
2025-04-10 08:00:00,57.734703452161085,DE,970.4003358414893,8.746471947521352,1.4275179462568297,456.37672260579484,8,3,4,0,53.874656098977574,62.40161610780843,42.10285989096481,50.48354308756957,59.40419067117032,3.4202007578004188,54.19944309920971,8.817167994089505,46.152389058867904,12.198464279320897,76.50077152877795,651.4859617736471
2025-04-10 09:00:00,61.63061739096358,DE,1041.682645550542,10.416415925047048,1.698081153013666,613.636098596175,9,3,4,0,57.734703452161085,60.52197442115115,41.05133337318188,49.99902860820785,59.89349912167004,3.507307317888527,55.91438343402486,7.989904331882633,46.63703859148273,12.582942007906494,108.50172072357374,1042.0038938350003
2025-04-10 10:00:00,55.29866358588231,DE,889.9108270882648,9.857477694382775,0.8619316562517694,650.0586927317844,10,3,4,0,61.63061739096358,53.874656098977574,41.15051329034029,50.45806582033168,58.577038509490684,3.501547781042784,57.09339595865336,6.522344018637718,46.838730165047345,12.685231177975101,97.16986649525394,560.306165687167
2025-04-10 11:00:00,52.64516879446037,DE,282.4299288612799,7.33092268831355,0.178332195068029,713.0860626730023,11,3,4,0,55.29866358588231,57.734703452161085,46.7206074703357,48.46417874449014,56.950963957266005,3.6331572531013565,57.58710940233041,5.855980895859076,47.012938083796094,12.737127100463395,53.74242746203037,127.1662028288946
2025-04-10 12:00:00,38.25268914486019,DE,-60.78422698039088,13.245185981981342,1.8583238686194417,673.3199846780417,12,3,4,0,52.64516879446037,61.63061739096358,43.563787236492004,36.19794090612799,53.23941641121752,8.002737184694029,57.14451789469444,7.084125852234911,47.09855259374328,12.667989849536188,175.43495169727504,1251.2465987456817
2025-04-10 13:00:00,32.275900858170644,DE,507.4544596965943,17.616342403354167,3.1334187637957607,749.1151041418262,13,3,4,0,38.25268914486019,55.29866358588231,65.00483493862059,41.571954559991845,49.639623871083025,11.675045431400376,54.4171067213236,9.626816233682586,46.71121702283406,12.982530508713399,310.3355196722141,2347.291323560814
2025-04-10 14:00:00,33.540074454853695,DE,-73.37573968308405,17.746623871849458,3.960624455238947,609.2702022639613,14,3,4,0,32.275900858170644,52.64516879446037,56.477096854524206,40.94719834937669,45.60718570486514,12.47104856635335,52.50568818801773,11.310478512346611,46.40258686056226,13.2115385781604,314.94265884889705,2413.090462935025
2025-04-10 15:00:00,32.13083184650273,DE,51.49352902818974,18.73802584688799,1.6557194173511756,683.0893876161864,15,3,4,0,33.540074454853695,38.25268914486019,58.69476668796521,33.919381801177764,40.690554780788325,10.558953112661627,50.29202695122918,12.523514941408628,46.328063945784145,13.28982706977149,351.11361263864234,1131.0043628626436
2025-04-10 16:00:00,35.902363452889745,DE,-217.03530710409115,19.919998987876543,1.9445698792809498,437.618174508587,16,3,4,0,32.13083184650273,32.275900858170644,63.19742725895845,39.81538492332533,37.457838091956226,7.801085108707841,48.017438300723455,12.444972360205714,46.16502138451599,13.396772543183094,396.8063596770025,850.9791207753127
2025-04-10 17:00:00,21.541106902301042,DE,-393.35900066053813,17.94937877812588,0.9171689058731964,462.3251690137268,17,3,4,0,35.902363452889745,33.540074454853695,62.40161610780843,26.134484055357273,32.27382777659634,5.757224757893268,44.61239586693117,13.680146506828672,45.97363066980532,13.72418754100156,322.1801985206357,424.03026942196044
2025-04-10 18:00:00,38.24519729754758,DE,58.2925456409576,18.152738163868033,2.707687182818265,373.77153412633123,18,3,4,0,21.541106902301042,32.13083184650273,60.52197442115115,24.37417218368742,32.272579135377576,5.755669307816323,42.755997773297544,12.808670551252554,46.551590049549496,13.050573251807204,329.521902845951,1012.0563922561868
2025-04-10 19:00:00,31.38293213090092,DE,118.86811891599518,16.171514348025156,1.0737082551861887,219.6354808170738,19,3,4,0,38.24519729754758,35.902363452889745,53.874656098977574,23.279370379274475,32.123751014165954,5.767099926400549,40.88168744262449,12.678715316160972,46.88923845586726,12.516176403530196,261.51787630838345,235.82442888507995
2025-04-10 20:00:00,32.48823298378179,DE,-98.31478203756319,16.10999179191067,3.916821150050218,196.2196968930506,20,3,4,0,31.38293213090092,21.541106902301042,57.734703452161085,42.10285989096481,31.948444102320632,5.731312026803905,38.777814903592876,11.683549491641017,46.4886290014013,12.82606937482319,259.53183553542914,768.5574588471437
2025-04-10 21:00:00,32.718983215110754,DE,-421.76184902225583,17.04090403064561,-0.8011674603004044,166.48856007271638,21,3,4,0,32.48823298378179,38.24519729754758,61.63061739096358,41.05133337318188,32.04646933042197,5.740078384586414,36.368512055605144,9.275385771455895,46.141447744815004,13.089709540258912,290.39241018167377,-133.3852168425295
2025-04-10 22:00:00,33.15415328556372,DE,90.75111034950322,17.079826822082815,2.051306178662893,0.0,22,3,4,0,32.718983215110754,31.38293213090092,55.29866358588231,41.15051329034029,31.5884343025343,5.4743541545308565,34.523136197245265,7.118970264801885,45.80826607794932,13.321978496812221,291.72048427233955,0.0
2025-04-10 23:00:00,49.43661725854618,DE,398.9512785292485,13.128838975880821,3.372780201951302,0.0,23,3,4,0,33.15415328556372,32.48823298378179,52.64516879446037,46.7206074703357,36.237686028575155,6.895772100604406,34.25575690258575,6.40044789346929,45.921433152458086,13.341587085680843,172.36641285460738,0.0
2025-04-11 00:00:00,49.55782230892591,DE,154.21768624517426,11.202165696052454,3.1382345562128267,0.0,0,4,4,0,49.43661725854618,32.718983215110754,38.25268914486019,43.563787236492004,38.123123530471545,8.829779679109652,35.19785133292456,7.7351047531817585,46.171184613809494,13.351633298563312,125.48851628181436,0.0
2025-04-11 01:00:00,46.326270541831185,DE,616.0815065070915,10.846498318668132,8.156632851528812,0.0,1,4,4,0,49.55782230892591,33.15415328556372,32.275900858170644,65.00483493862059,40.61367993229326,8.654123405074449,36.36871547322961,8.29568971575692,45.3929110972766,12.736290506803517,117.64652577687062,0.0
2025-04-11 02:00:00,49.35559708432999,DE,696.9380301654008,10.924508962601182,3.470165572703633,0.0,2,4,4,0,46.326270541831185,49.43661725854618,33.540074454853695,56.477096854524206,43.42490728238462,8.215223571490577,37.68667569235263,9.029329990047467,45.096181940185176,12.548396320198485,119.34489607395356,0.0
2025-04-11 03:00:00,56.468869218490106,DE,919.4116905134914,5.921348022136492,0.7624563298837974,0.0,3,4,4,0,49.35559708432999,49.55782230892591,32.13083184650273,58.69476668796521,47.38322161628118,7.732633578653716,39.71484547335157,10.310447136270007,45.00343621229038,12.451369439453268,35.06236239925974,0.0
2025-04-11 04:00:00,67.91370176591195,DE,906.9287755750499,3.576189081570643,2.579637029389672,0.0,4,4,4,0,56.468869218490106,46.326270541831185,35.902363452889745,63.19742725895845,53.17647969633922,7.957779901829604,42.382456999436755,13.01958379327396,45.19994765008011,12.78377704401528,12.789128347145079,0.0
2025-04-11 05:00:00,58.69861319230684,DE,738.3491249682231,6.743151236923057,-0.7819271433650856,0.0,5,4,4,0,67.91370176591195,49.35559708432999,21.541106902301042,62.40161610780843,54.720145685299336,7.985502664336824,45.47891585693724,11.990161016491582,45.045655861934215,12.587984622172305,45.47008860401696,-0.0
2025-04-11 06:00:00,51.88683953416496,DE,1189.3143003328983,5.41675693122407,2.609366024974296,453.3953169081777,6,4,4,0,58.69861319230684,56.468869218490106,38.24519729754758,60.52197442115115,55.108315222839174,7.737121578147948,46.61571937665536,11.888231415077284,44.68585857497646,12.245136864843175,29.341255651964,1183.0743358226528
2025-04-11 07:00:00,56.59831305577441,DE,901.2569985391402,7.193189997920751,1.1044534095663006,349.0025534255809,7,4,4,0,51.88683953416496,67.91370176591195,31.38293213090092,53.874656098977574,56.82032230849637,6.431566321979406,48.71700112039482,11.156980112964064,44.799344281509654,12.346203681570456,51.74198234618713,385.4570600782278
2025-04-11 08:00:00,54.01374381774276,DE,877.551793990233,8.578590390509513,4.601346074688141,472.43450441803265,8,4,4,0,56.59831305577441,58.69861319230684,32.48823298378179,57.734703452161085,57.59668009739851,5.574290958036157,50.51079368989156,9.978752537417662,44.64430429674223,12.19919079175102,73.59221308814216,2173.834652451152
2025-04-11 09:00:00,38.73606169388055,DE,616.8997987786346,8.900429982959874,1.6714849743767481,672.358957574273,9,4,4,0,54.01374381774276,51.88683953416496,32.718983215110754,61.63061739096358,54.64121217663024,9.564578650673718,51.01221689645572,9.117461843057015,43.690364476030425,11.698008669546194,79.21765388157111,1123.8378949730106
2025-04-11 10:00:00,48.300089022518364,DE,611.3435497616979,13.84916565330554,2.537033691977325,745.9940085014402,10,4,4,0,38.73606169388055,56.59831305577441,33.15415328556372,55.29866358588231,51.37227671939797,7.174134827856849,52.2743782078686,7.284715022923,43.398757202556936,11.481278663220428,191.79938929269787,1892.6119335813728
2025-04-11 11:00:00,43.52456301021999,DE,402.44897974588037,12.783949769318701,1.965528560313773,682.9024779866596,11,4,4,0,48.300089022518364,54.01374381774276,49.43661725854618,52.64516879446037,48.84326835571684,6.736128816566347,51.78170702050809,7.683107104778289,43.01873196154691,11.311610259876733,163.42937170446368,1342.2643243918271
2025-04-11 12:00:00,44.289799351083204,DE,415.41078801531546,14.03659626082326,6.7143469468292425,638.0473648736679,12,4,4,0,43.52456301021999,38.73606169388055,49.55782230892591,38.25268914486019,47.57709499186988,6.763560330193938,51.342705107354526,7.966987726511245,43.270278220139545,11.268057872731454,197.0260345893575,4284.071376271956
2025-04-11 13:00:00,46.46870543419027,DE,662.9321734772083,15.937163654488744,2.5941587108867568,792.8662142916318,13,4,4,0,44.289799351083204,48.300089022518364,46.326270541831185,32.275900858170644,45.88882705493919,5.127833889562237,51.35457468171777,7.958936624954539,43.861645077473696,11.03600904147617,253.99318534995703,2056.8207963724426
2025-04-11 14:00:00,39.80183420309072,DE,-74.3802285862711,13.538430067052388,6.901758330080984,732.8310109120134,14,4,4,0,46.46870543419027,43.52456301021999,49.35559708432999,33.540074454853695,43.52017545249718,3.7107290143091833,50.55842777494784,8.62688765412695,44.12255173365023,10.853899133855355,183.28908868046815,5057.822534103657
2025-04-11 15:00:00,30.507763832285104,DE,-226.2656701686218,18.80735768779384,4.864947767359113,631.4347228034035,15,4,4,0,39.80183420309072,44.289799351083204,56.468869218490106,32.13083184650273,42.148792475564605,6.387464492114298,48.395002326097426,10.13358945190542,44.05492389972451,10.936606354160908,353.716703196618,3071.896944935438
2025-04-11 16:00:00,24.898776316826655,DE,311.22136360650245,17.21811220644084,4.200777697793352,484.3798825531291,16,4,4,0,30.507763832285104,46.46870543419027,67.91370176591195,35.902363452889745,38.24857369128266,8.63079233983383,44.81042520534032,10.209125499983326,43.59644110238853,11.508907777896049,296.463387953587,2034.772207888948
2025-04-11 17:00:00,42.87022906712444,DE,-74.82764857490741,19.03492806593308,3.9741105377576194,438.1351987439804,17,4,4,0,24.898776316826655,39.80183420309072,58.69861319230684,21.541106902301042,38.139518034100064,8.554591262801479,43.491393194908454,9.226902998482242,44.485154525922844,10.512101059142145,362.32848647524685,1741.1977102909814
2025-04-11 18:00:00,30.893537870316948,DE,-183.8145477319833,15.536295518224183,4.024238839555083,341.9819959477585,18,4,4,0,42.87022906712444,30.507763832285104,51.88683953416496,38.24519729754758,35.90680778730569,8.374645739935072,41.74195138958779,9.477192758306,44.17883538312157,10.80487249723028,241.37647842959282,1376.2172305215386
2025-04-11 19:00:00,32.2426180833606,DE,175.01802433468112,14.22120384210938,-0.61870091556864,275.95589944489683,19,4,4,0,30.893537870316948,24.898776316826655,56.59831305577441,31.38293213090092,33.53579322883408,6.615373011575267,39.71231014188664,8.570995150308777,44.21465563114072,10.761946954724847,202.2426387188266,-170.73416764312523
2025-04-11 20:00:00,34.502012897968875,DE,-104.13580983959211,18.299820055262483,2.678877454821067,247.55007190656676,20,4,4,0,32.2426180833606,42.87022906712444,54.01374381774276,32.48823298378179,32.652489677980434,5.929667113618596,38.08633256523881,7.379160409008779,44.29856312756519,10.674035994395478,334.883414054987,663.1563065698357
2025-04-11 21:00:00,38.76992889525087,DE,461.6485521161134,16.484084018546014,4.9269601854912235,146.48347864157859,21,4,4,0,34.502012897968875,30.893537870316948,38.73606169388055,32.718983215110754,34.029517188474735,6.280935367085117,38.08915483201967,7.37943796936172,44.550685864237686,10.457906445163912,271.7250259304841,721.7182670993117
2025-04-11 22:00:00,40.70663458527286,DE,335.5851742678536,12.789858074277813,3.138849876174369,0.0,22,4,4,0,38.76992889525087,32.2426180833606,48.300089022518364,33.15415328556372,36.66416023321577,4.833552512463785,37.45636696224921,6.72039047525367,44.86537258505891,10.210775799439585,163.58046956016938,0.0
2025-04-11 23:00:00,42.45245430433542,DE,223.00819581959865,11.590308599941084,0.4262645495154298,0.0,23,4,4,0,40.70663458527286,34.502012897968875,43.52456301021999,49.43661725854618,36.59453110608426,4.728131090488096,37.36702457009216,6.639018480546328,44.57436579530012,10.174290133835836,134.33525344186825,0.0
2025-04-12 00:00:00,41.45693776678193,DE,881.4616426531006,14.275317029832468,3.131835341967641,0.0,0,5,4,1,42.45245430433542,38.76992889525087,44.289799351083204,49.55782230892591,38.35509775549509,4.106585519426677,37.130952771400395,6.417136509476885,44.23682893937746,10.136076990294399,203.78467630222488,0.0
2025-04-12 01:00:00,47.61230868945646,DE,458.2665379505927,8.388521850467935,6.644855275633562,0.0,1,5,4,1,41.45693776678193,40.70663458527286,46.46870543419027,46.326270541831185,40.916712856511076,4.319317958217439,37.226253042672575,6.574968110416603,44.29041386219518,10.150991578040403,70.36729883577799,0.0
2025-04-12 02:00:00,48.11386708897925,DE,848.4190744018614,12.92934460650253,5.730427674192018,0.0,2,5,4,1,47.61230868945646,42.45245430433542,39.80183420309072,49.35559708432999,43.185355221679465,3.8223752438107663,37.91892244982995,7.2718716647781765,44.2386751123889,10.127188884915391,167.16795195369608,0.0
2025-04-12 03:00:00,49.58356380155493,DE,863.4119066745722,6.929719420355491,3.1126362243905166,0.0,3,5,4,1,48.11386708897925,41.45693776678193,30.507763832285104,56.468869218490106,44.98762770606348,3.873105453306206,39.5085724472691,7.582851664576676,43.951787386683264,9.859653922760936,48.02101124485205,0.0
2025-04-12 04:00:00,55.100745277924474,DE,1143.360959771979,9.367238074309538,5.139542797238753,0.0,4,5,4,1,49.58356380155493,47.61230868945646,24.898776316826655,67.91370176591195,47.38664615483875,4.9884113118063995,42.025403194027255,7.299766494090556,43.417914199683786,8.79520438349219,87.74514914079427,0.0
2025-04-12 05:00:00,53.72168386202058,DE,1245.2651524899047,7.1088912196559075,2.5036302023864763,0.0,5,5,4,1,55.100745277924474,48.11386708897925,42.87022906712444,58.69861319230684,49.26485108111961,4.879380455385611,42.929691093601924,8.047749041561719,43.21054214425519,8.471987331344458,50.53633437290085,0.0
2025-04-12 06:00:00,61.92251924266894,DE,956.4008298131533,8.986459880464725,-0.1710989305308579,271.60702873172727,6,5,4,1,53.72168386202058,49.58356380155493,30.893537870316948,51.88683953416496,52.67578132710077,5.449553197244407,45.51543954129793,8.780424028195219,43.62869546544286,9.14016124063256,80.75646118320208,-46.47167214066253
2025-04-12 07:00:00,39.572179334239074,DE,782.2793390752976,7.04314562423464,1.3877122668634712,457.92216466612825,7,5,4,1,61.92251924266894,55.100745277924474,32.2426180833606,56.59831305577441,51.335759767897876,7.533655601477555,46.12623631220447,7.99279213561317,42.91927322704555,8.741814102339493,49.605900284175554,635.4642051758606
2025-04-12 08:00:00,55.83489592609342,DE,975.0071304800426,8.47046845124752,6.362421780138975,650.5778275792211,8,5,4,1,39.572179334239074,53.72168386202058,34.502012897968875,54.01374381774276,52.622597907416896,7.532672207921398,47.90397656454818,7.5314079572932275,42.995154564893504,8.849544468636758,71.74883578357955,4139.250539865535
2025-04-12 09:00:00,53.450920871076555,DE,668.0103166428526,9.810668387044993,2.6886580794639716,505.48348619000393,9,5,4,1,55.83489592609342,61.92251924266894,38.76992889525087,38.73606169388055,53.26715741900384,7.384624591834398,49.12739256253366,7.092377264463003,43.608273697276665,9.049125043528317,96.24921420056401,1359.072259180369
2025-04-12 10:00:00,33.20461219306667,DE,1102.6774495053246,8.861758908048756,2.7498762843725437,651.4948607720801,10,5,4,1,53.450920871076555,39.572179334239074,40.70663458527286,48.300089022518364,49.617801904860876,10.880260146764792,48.502224029849806,8.153391426705225,42.97929549604951,9.231612956748172,78.53077094438149,1791.5302670277351
2025-04-12 11:00:00,37.96579769086164,DE,606.716588767808,13.534703615722593,3.1801136782228383,720.1011859549125,11,5,4,1,33.20461219306667,55.83489592609342,42.45245430433542,43.52456301021999,46.99182087633438,11.57111058816796,48.128335978726994,8.549294326517549,42.74768027440958,9.286905081730717,183.18820196545423,2290.0036311597046
2025-04-12 12:00:00,33.95156319703716,DE,376.9356897375783,12.33181509342671,7.588063249918614,706.153910082809,12,5,4,1,37.96579769086164,53.450920871076555,41.45693776678193,44.289799351083204,42.32999486872909,9.860829960028353,47.502888097914926,9.321401962822614,42.31692043465765,9.450585869522248,152.07366349846683,5358.3405338856965
2025-04-12 13:00:00,25.186366485874437,DE,357.5265386217213,14.158144220490183,7.031707901496726,682.4176365753868,13,5,4,1,33.95156319703716,33.20461219306667,47.61230868945646,46.46870543419027,39.932359394001644,12.148961683140524,45.63405958094976,11.329281465471329,41.43015631181117,10.025095317027336,200.45304776819955,4798.561487227869
2025-04-12 14:00:00,25.27992561739756,DE,-69.42525790593916,13.749992238165182,8.217350537668867,588.1480731522624,14,5,4,1,25.186366485874437,37.96579769086164,48.11386708897925,39.80183420309072,34.83986434255234,10.432530490932011,43.73123112498462,12.708519169503344,40.82507678740728,10.552044804328283,189.06228654960276,4833.018885146652
2025-04-12 15:00:00,21.299328057730115,DE,-97.87619829540387,11.52706148013096,3.461699649972497,609.1267105623,15,5,4,1,25.27992561739756,33.95156319703716,49.58356380155493,30.507763832285104,29.48126554032793,6.463368676697868,41.37421147966589,14.07397673483162,40.441391963467495,11.096855644516216,132.87314636671897,2108.613720742412
2025-04-12 16:00:00,34.19275807765312,DE,257.07007969666586,16.9101799390797,4.371039048266789,487.1618011492038,16,5,4,1,21.299328057730115,25.186366485874437,55.100745277924474,24.898776316826655,29.64595652109234,6.588592963183183,39.63187921297661,13.502767105564907,40.82864120350193,10.685419070572372,285.9541855720535,2129.4032556471507
2025-04-12 17:00:00,29.681822016612443,DE,-164.34176893881335,22.44179235944477,0.7465049719310173,331.0905805369546,17,5,4,1,34.19275807765312,25.27992561739756,53.72168386202058,42.87022906712444,28.26529390871747,5.22287162240962,37.62855739252593,12.99613011611726,40.279124243063926,10.912566350296206,503.6340443044336,247.16076453036348
2025-04-12 18:00:00,31.9552211752153,DE,-259.38219653638794,19.171813244868822,6.733658923009148,409.7296110256866,18,5,4,1,29.681822016612443,21.299328057730115,61.92251924266894,30.893537870316948,27.932570238413827,4.837553399993294,35.13128255357146,10.553099329101425,40.323361047434695,10.874952404268011,367.5584230961276,2758.979451304182
2025-04-12 19:00:00,30.78133194401204,DE,74.36763736092306,17.212795299440998,1.4442309682367296,307.33262520622003,19,5,4,1,31.9552211752153,34.19275807765312,39.572179334239074,32.2426180833606,28.86506448143676,4.74059383651728,34.398711937719206,10.521871374994564,40.262474124961834,10.926132424904088,296.28032202045813,443.8592948723151
2025-04-12 20:00:00,23.97737947743275,DE,254.1281290403801,16.06085376556417,4.213341198297858,177.58304884255395,20,5,4,1,30.78133194401204,29.681822016612443,55.83489592609342,34.502012897968875,28.64797345810929,4.962249944603629,31.743918900330815,8.4333031539962,39.8239477324395,11.369590580436379,257.95102367883675,748.2179758076733
2025-04-12 21:00:00,30.156903760012725,DE,240.2372715397395,15.698791436743353,1.5851850155069114,113.96636099499355,21,5,4,1,23.97737947743275,31.9552211752153,53.450920871076555,38.76992889525087,30.1242360751564,3.4151953417670105,29.80275080774216,4.939945736660477,39.46507168513791,11.538978072969888,246.4520525743664,180.6577677211151
2025-04-12 22:00:00,38.87530945103216,DE,399.20953716116304,15.610794098111533,2.6020564172952074,0.0,22,5,4,1,30.156903760012725,30.78133194401204,33.20461219306667,40.70663458527286,30.904661304052905,4.789401399546859,30.275308912572623,5.530844323135265,39.38876647121122,11.536465711663068,243.6968923736339,0.0
2025-04-12 23:00:00,34.21012529427688,DE,169.23145973484705,10.890603816641063,2.105265208673199,0.0,23,5,4,1,38.87530945103216,23.97737947743275,37.96579769086164,42.45245430433542,31.65937851699697,4.913349095445614,29.962336212857224,5.149195590962518,39.04533609579211,11.563947762862783,118.60525149103688,0.0
2025-04-13 00:00:00,47.756224623845824,DE,165.63786665163127,14.175685535108954,2.564039549420964,0.0,0,6,4,1,34.21012529427688,30.156903760012725,33.95156319703716,41.45693776678193,34.29287909176873,8.223308053500027,31.112724665091278,7.239312984310492,39.307806381503106,11.691845544686538,200.95006039029724,0.0
2025-04-13 01:00:00,46.57444804974578,DE,879.6762529423577,12.120702951853357,2.7015446644746426,0.0,1,6,4,1,47.756224623845824,38.87530945103216,25.186366485874437,47.61230868945646,36.92506510939102,9.32791005557213,32.895064795413894,8.214767799552298,39.26456218818183,11.66167495361034,146.91144004706666,0.0
2025-04-13 02:00:00,48.95688690690008,DE,635.4640322315729,11.002964836174755,2.6832524809224454,0.0,2,6,4,1,46.57444804974578,34.21012529427688,25.27992561739756,48.11386708897925,41.088316347635576,7.850805529762395,34.86814490287244,9.02311049734998,39.299688013928524,11.690722059194627,121.06523518609815,0.0
2025-04-13 03:00:00,56.702592555958205,DE,753.3867873022643,9.530507052038963,5.446457894333214,0.0,3,6,4,1,48.95688690690008,47.756224623845824,21.299328057730115,49.58356380155493,45.512597813626485,7.937757601965676,37.81841694439144,9.92592018098421,39.596314212028666,12.04785726385095,90.83056466896441,0.0
2025-04-13 04:00:00,56.78991069689519,DE,1148.651530262031,8.052282223249032,1.5700644846475593,0.0,4,6,4,1,56.702592555958205,46.57444804974578,34.19275807765312,55.100745277924474,48.498364687937,8.30271455405211,39.70151299599495,11.232996726125153,39.66669610448577,12.146896862092767,64.83924900285237,0.0
2025-04-13 05:00:00,53.19173912002946,DE,1044.208915024666,9.034445327855796,4.220872924800333,0.0,5,6,4,1,56.78991069689519,48.95688690690008,29.681822016612443,53.72168386202058,51.66196699222909,4.527671502688423,41.66067275461304,11.375870316269223,39.64461507356948,12.120689791826782,81.62120238201541,0.0
2025-04-13 06:00:00,60.199203316576735,DE,1041.1775544163215,8.886307970551075,6.215708375383716,364.3477927150855,6,6,4,1,53.19173912002946,56.702592555958205,31.9552211752153,61.92251924266894,53.73579677435091,5.183126604657953,44.014337933059814,12.084998693904335,39.57281024331564,11.987345002756227,78.96646934747956,2264.6796267317272
2025-04-13 07:00:00,47.42171173820465,DE,1365.963382124751,7.345886891349258,2.7533973417458073,398.9889199111597,7,6,4,1,60.199203316576735,56.78991069689519,30.78133194401204,39.572179334239074,53.87700738909405,4.955544746272623,45.40103624924254,11.36158475601378,39.89987409348087,12.093936822506295,53.96205422049686,1098.575031469418
2025-04-13 08:00:00,53.457039701202426,DE,754.3090558161908,7.571445402366585,2.3439522892773956,493.0858636735752,8,6,4,1,47.42171173820465,53.19173912002946,23.97737947743275,55.83489592609342,54.62703285481111,4.367623536106879,47.857674601223344,9.310048081516003,39.80079675077708,11.96678793082183,57.3267854810181,1155.7697389679984
2025-04-13 09:00:00,50.186001198430326,DE,989.1214162095212,9.855137311545807,3.318740820412098,556.7185919994855,9,6,4,1,53.457039701202426,60.199203316576735,30.156903760012725,53.450920871076555,53.54093429522313,4.554510519888856,49.52676605442482,7.459712211740829,39.664758431083484,11.82255533421424,97.12373142942232,1847.6047167510405
2025-04-13 10:00:00,42.02383115853747,DE,711.4026249794169,13.886768807370357,6.139240487494019,599.7971447295923,10,6,4,1,50.186001198430326,47.42171173820465,38.87530945103216,33.20461219306667,51.07992103883018,6.155747393980305,49.78914286338358,7.097597380300685,40.03222588797811,11.749867150506406,192.84234790935434,3682.298915207223
2025-04-13 11:00:00,41.30990077247397,DE,633.127978323912,9.498150486272309,4.7644801894534385,794.3126093520219,11,6,4,1,42.02383115853747,53.457039701202426,34.21012529427688,37.96579769086164,49.099614647570924,7.168402470144053,50.38079081990001,5.870774803021246,40.17156351637862,11.744123532326903,90.2148626598749,3784.4866914907766
2025-04-13 12:00:00,29.5531996450896,DE,755.6936852825064,10.346501407562771,3.3138363383315257,766.5669530994202,12,6,4,1,41.30990077247397,50.186001198430326,47.756224623845824,33.95156319703716,43.99194736898974,8.476577735452151,48.86387207167033,8.412186296884904,39.9882983683808,11.878949675539403,107.0500913766984,2540.277424944937
2025-04-13 13:00:00,36.84406005549805,DE,422.15762870666435,14.868175446341024,5.344018229922803,784.0924143083869,13,6,4,1,29.5531996450896,42.02383115853747,46.57444804974578,25.186366485874437,42.229005421871975,8.717144877658203,48.05300640548302,9.094244144898445,40.47403560044845,11.4789859334142,221.0626411031781,4190.2041560082025
2025-04-13 14:00:00,28.24449837313699,DE,307.65921580992676,15.763776103792011,2.1716806278738763,591.9641403467754,14,6,4,1,36.84406005549805,41.30990077247397,48.95688690690008,25.27992561739756,38.02691520052773,8.288490626631809,46.32697402766942,10.72621164807695,40.597559465270926,11.323269850567629,248.49663705048405,1285.5570559871046
2025-04-13 15:00:00,24.23859218246406,DE,310.9480768686869,16.921721839160167,5.738983948432619,601.0500609108365,15,6,4,1,28.24449837313699,29.5531996450896,56.702592555958205,21.299328057730115,33.70234703120003,7.3967360988198365,43.62164066321157,11.901050331239281,40.720028803801505,11.119532809762063,286.3446700019101,3449.416651771738
2025-04-13 16:00:00,30.676451989719453,DE,-56.0032478007963,17.70345157279481,5.193479542950258,460.3246187397953,16,6,4,1,24.23859218246406,36.84406005549805,56.78991069689519,34.19275807765312,31.811117169730355,6.196885749551389,41.445519104280265,11.659305696212028,40.573516050137606,11.231874705633015,313.412197590291,2390.686490541504
2025-04-13 17:00:00,21.481711598161343,DE,-200.80484661233547,17.093466719647093,3.760647985268955,405.801921926029,17,6,4,1,30.676451989719453,28.24449837313699,53.19173912002946,29.681822016612443,28.50641897401158,5.34697135781479,38.803016810791256,12.329268973112084,40.23184478270215,11.692865666652356,292.1866044956828,1526.0781801093908
2025-04-13 18:00:00,18.55513921842671,DE,-258.9618388042067,20.505641258974705,2.6990933306522606,304.09365082917134,18,6,4,1,21.481711598161343,24.23859218246406,60.199203316576735,31.9552211752153,26.6734089029011,6.644142939195054,35.33267813594542,11.598512252997383,39.67350803450262,12.403587805037988,420.48132344176577,820.7771448467137
2025-04-13 19:00:00,19.38982575617635,DE,-426.2342310197345,13.972817814654524,2.6029030829798083,321.392534536196,19,6,4,1,18.55513921842671,30.676451989719453,47.42171173820465,30.78133194401204,23.76436985301415,4.889919557765954,32.99668763744306,11.764074512799425,39.1988619433428,12.963958093443598,195.23963768152683,836.5536189909592
2025-04-13 20:00:00,32.65268809024709,DE,428.2287240958451,14.852951087117983,5.445899600238543,155.188516094912,20,6,4,1,19.38982575617635,21.481711598161343,53.457039701202426,23.97737947743275,24.499068139199167,5.9202791573755915,31.262991669863453,9.852327132524817,39.560333135543395,12.637934281575836,220.61015599631926,845.1410777628939
2025-04-13 21:00:00,26.37735832893018,DE,-124.19506373761047,15.370659843518935,6.834225932524847,155.93159326940923,21,6,4,1,32.65268809024709,18.55513921842671,50.186001198430326,30.156903760012725,24.855529163610186,5.965672905004707,29.278938097405106,7.8988108988420045,39.40285207591496,12.78292159014738,236.25718402516551,1065.6717384217134
2025-04-13 22:00:00,45.20240755481439,DE,155.74927528284536,11.153487958150547,3.1016494334891336,0.0,22,6,4,1,26.37735832893018,19.38982575617635,42.02383115853747,38.87530945103216,27.276521757792676,10.226351772943731,29.543819463761512,8.402304794923563,39.66648116357255,12.83669921708481,124.40029363260926,0.0
2025-04-13 23:00:00,29.911117299317993,DE,265.2278174709551,12.82383035109238,5.293038334649691,0.0,23,6,4,1,45.20240755481439,32.65268809024709,41.30990077247397,34.21012529427688,28.68142270798545,9.84286687629258,28.593920840998518,7.552558471677578,39.48735583044927,12.945680360108444,164.4506248735981,0.0
2025-04-14 00:00:00,57.67351431443407,DE,511.48133956182016,15.193292189925016,0.20221089034258544,0.0,0,0,4,0,29.911117299317993,26.37735832893018,29.5531996450896,47.756224623845824,35.20115189065334,13.909483731870779,30.937280396777226,11.306711871569451,39.90057623422377,13.37234144648565,230.83612756843647,0.0
2025-04-14 01:00:00,53.83116237654955,DE,742.5569650591196,10.655023010260562,3.2070294662323238,0.0,1,0,4,0,57.67351431443407,45.20240755481439,36.84406005549805,46.57444804974578,40.941374660715546,13.166221935772201,32.35287225686485,13.043465968579815,40.20293933117393,13.609739743148394,113.52951534918205,0.0
2025-04-14 02:00:00,55.34742538529611,DE,872.094697671949,9.951304908894022,4.314147061804919,0.0,2,0,4,0,53.83116237654955,29.911117299317993,28.24449837313699,48.95688690690008,44.72383087655705,13.562721869722287,34.61144950787811,14.529308099745766,40.469211767773764,13.848869990923397,99.02846938977825,0.0
2025-04-14 03:00:00,55.423197280896,DE,686.937902879486,6.056535756772117,2.5568980935830554,0.0,3,0,4,0,55.34742538529611,57.67351431443407,24.23859218246406,56.702592555958205,49.564804035218025,10.5547182089663,37.2101665994141,15.275058227661509,40.41590363131284,13.785985999212377,36.681625373059205,0.0
2025-04-14 04:00:00,61.564274711225345,DE,849.588359134937,6.703635804479866,2.503252177967531,0.0,4,0,4,0,55.423197280896,53.83116237654955,30.676451989719453,56.78991069689519,52.291781894619845,11.2902500090258,39.78415182620626,16.61743279152915,40.61483546524327,14.064176119677022,44.938732999104424,0.0
2025-04-14 05:00:00,59.80839643700062,DE,989.4789032421942,6.861639807972051,3.0407058146089505,0.0,5,0,4,0,61.564274711225345,55.34742538529611,21.481711598161343,53.19173912002946,57.274661750900286,2.9657890285759954,42.97804222944287,16.46238031344082,40.89052952011706,14.382680182641044,47.08210085434673,0.0
2025-04-14 06:00:00,64.9190637098381,DE,900.2617747632905,6.99055922225362,4.960650384199469,338.6261870023297,6,0,4,0,59.80839643700062,55.423197280896,18.55513921842671,60.199203316576735,58.48225331680095,4.324526711959943,46.84170260372715,15.628951560520036,41.087190369836286,14.68721954360043,48.86791823983514,1679.8061246531079
2025-04-14 07:00:00,58.398166619514335,DE,1254.4320283485326,10.540565615936611,4.0016068907339735,399.38989143728224,7,0,4,0,64.9190637098381,61.564274711225345,19.38982575617635,47.42171173820465,59.24342069062842,3.6988058998701154,50.092397675671975,13.280359703431492,41.544542656557525,15.059238451809698,111.10352350386515,1598.2013416649222
2025-04-14 08:00:00,56.12887047379049,DE,981.2076922198696,9.757340782308406,-0.10019753910322127,489.0445274275406,8,0,4,0,58.398166619514335,59.80839643700062,32.65268809024709,53.457039701202426,59.37366153871082,3.5447339247833027,52.04874620763393,12.159603129192497,41.65586893874869,15.160665395329069,95.20569914209881,-49.00105816013736
2025-04-14 09:00:00,50.40243384751913,DE,950.5289478032373,7.351818519845538,0.13486462227659057,699.9779782045879,9,0,4,0,56.12887047379049,64.9190637098381,26.37735832893018,50.186001198430326,58.536867633148,4.969931733538383,54.05083583418301,9.155253162427544,41.66488696579406,15.166023410198925,54.04923554874384,94.4022656324933
2025-04-14 10:00:00,48.286835236502085,DE,832.5762537334825,11.20504777394176,3.162534571832372,653.1430322724277,10,0,4,0,50.40243384751913,58.398166619514335,45.20240755481439,42.02383115853747,56.32396105402746,6.164695361955373,54.307871474323655,8.924641460487827,41.925845469042585,15.226231789403194,125.55309561631721,2065.5874199129794
2025-04-14 11:00:00,46.21824450572368,DE,814.1042940483255,12.896856235805366,5.915373172107101,727.1805392777468,11,0,4,0,48.286835236502085,56.12887047379049,29.911117299317993,41.30990077247397,54.05893573214797,7.060021576349289,55.666798741524126,5.429060923198379,42.13035979126132,15.250543210048207,166.32890076703174,4301.5442533219575
2025-03-16 11:00:00,41.95732203863747,FR,484.26075992056747,20.635507308890904,5.090430413984448,665.5733963013831,11,6,3,1,41.44782242404014,54.24848016404843,46.53057569656677,47.16280642631955,51.28467809544083,8.805434583823093,51.1819880404986,7.949614429779159,44.04491341261177,9.82136397634332,425.82416189528993,3388.055059271485
2025-03-16 12:00:00,41.36338047556545,FR,537.3533528954157,19.390228661321594,4.765246231855954,762.8574608431286,12,6,3,1,41.95732203863747,52.55813593202802,39.62483124969489,40.11744602116019,49.45506887585524,9.642715660521874,51.326867142654486,7.732724836573267,44.096827348211995,9.8029771777767,375.9809675383374,3635.2036407259197
2025-03-16 13:00:00,31.468957072352033,FR,219.5138909780751,17.466221302405604,6.800841611994717,661.3072848503626,13,6,3,1,41.36338047556545,41.44782242404014,44.15148587797129,40.46236764996701,43.84068301777859,8.399829616168091,50.269989742186205,9.47336930256665,43.72210190747803,10.114875112099767,305.0688865846073,4497.44610112559
2025-03-16 14:00:00,36.047499147080295,FR,127.69643940161049,21.87053969912824,2.427486368685783,671.0315722350347,14,6,3,1,31.468957072352033,41.95732203863747,53.019553298443206,41.784158337392064,40.80718618161723,7.070849213183345,48.855651896239294,10.259837433760746,43.483074441215045,10.229791849226718,478.3205067311444,1628.919994558336
2025-03-16 15:00:00,28.849013835465232,FR,-134.885609962918,24.287635146318635,6.5480804046171635,560.9395596295182,15,6,3,1,36.047499147080295,41.36338047556545,53.08363711326863,30.68144041144258,36.855665832190105,5.678213281831771,46.836099956422345,11.643779193149976,43.406723333882645,10.335781532865777,589.8892210006923,3673.0773385846287
2025-03-16 16:00:00,28.972937111568626,FR,-117.6593511144001,21.315313030947024,9.672354319026983,562.896092496181,16,6,3,1,28.849013835465232,31.468957072352033,61.13983080244136,29.260721075789107,34.77651828011152,5.9383989934797565,44.15552548218295,11.753620909978174,43.39473233537347,10.353058971599022,454.34256960726003,5444.530451418849
2025-03-16 17:00:00,26.994896989728154,FR,-253.29983426780092,22.591170558178852,2.897387063267657,474.86205272539246,17,6,3,1,28.972937111568626,36.047499147080295,55.4564495715188,37.899494128412094,32.28278077195996,5.440592610367426,41.7837294337004,12.13145774230327,42.940374121261634,10.832873589475632,510.360987188727,1375.8591684032763
2025-03-16 18:00:00,39.8588366227892,FR,-195.17465059546655,22.87462443383692,6.003147407674069,442.43044166482065,18,6,3,1,26.994896989728154,28.849013835465232,52.34103579307904,34.43461934600905,32.03202346316393,4.95100587093571,40.74354616950958,11.670318436789193,43.166383174460805,10.703511292164904,523.2484429890891,2655.9751589562616
2025-03-16 19:00:00,32.1054855001062,FR,227.7654461770337,20.92416280805106,4.29977071686006,250.63513693915715,19,6,3,1,39.8588366227892,28.972937111568626,65.15527222081191,29.825599694121106,32.13811153445628,4.943341390342891,37.98939727611744,8.973796938245277,43.26137841637686,10.589471631036455,437.82058921782726,1077.673622427199
2025-03-16 20:00:00,29.33408368873939,FR,-122.8924796586079,23.125839666974173,6.47550948483935,208.4327402378953,20,6,3,1,32.1054855001062,26.994896989728154,54.24848016404843,37.33543855144872,31.019208958066134,4.631430088179864,35.913197569841685,7.655353211212462,42.92798863043063,10.905391809493118,534.8044603025961,1349.7081863615474
2025-03-16 21:00:00,41.892229651927536,FR,672.9230223742043,20.654606729209448,5.662030627284782,107.41600356165566,21,6,3,1,29.33408368873939,39.8588366227892,52.55813593202802,35.462416627349285,33.19307826080985,6.2033750325930965,35.02437204649998,5.9837923707517575,43.19589750645472,10.79240785736772,426.6127791383042,608.1927020266255
2025-03-16 22:00:00,35.32421839503746,FR,348.6635801761776,20.59826413088092,4.340761254364659,0.0,22,6,3,1,41.892229651927536,32.1054855001062,41.44782242404014,39.09978787704129,34.25162514138799,5.872279743624331,34.514071710749754,5.637276892476507,43.03858211137123,10.881857282346035,424.28848520553555,0.0
2025-03-16 23:00:00,46.36508231376038,FR,407.55770218771397,16.719888466960306,6.599479642195426,0.0,23,6,3,1,35.32421839503746,29.33408368873939,41.95732203863747,46.53057569656677,37.47998936206003,6.386862686621936,34.881385067009994,6.273995725762657,43.0316865537543,10.87960048666127,279.55467034759226,0.0
2025-03-17 00:00:00,44.39288185358501,FR,328.3284439637573,16.31476892043014,9.232431292026764,0.0,0,0,3,0,46.36508231376038,41.892229651927536,41.36338047556545,39.62483124969489,38.23566356719267,6.966534033111507,35.13384351517829,6.610465046655831,43.23035532891638,10.858197027938768,266.17168492703325,0.0
2025-03-17 01:00:00,51.1351447960443,FR,769.4714984330586,17.377346411932166,5.24192748899868,0.0,1,0,3,0,44.39288185358501,35.32421839503746,31.468957072352033,44.15148587797129,41.407273449849015,7.888293345524502,36.77269249215265,7.926142406182423,43.521341117169435,10.976883321780148,301.9721683202917,0.0
2025-03-17 02:00:00,61.81529712399369,FR,634.8724347524452,14.063570455881102,7.063250956749641,0.0,2,0,3,0,51.1351447960443,46.36508231376038,36.047499147080295,53.019553298443206,46.820809022391394,9.011250461848519,38.92000899022876,10.71250582483332,43.88783044323404,11.444657947082808,197.7840139675318,0.0
2025-03-17 03:00:00,66.8401256149178,FR,877.9553535223461,17.35012665219207,3.0371891567109506,0.0,3,0,3,0,61.81529712399369,44.39288185358501,28.849013835465232,53.08363711326863,50.97879168288978,11.651286605535324,42.08593497184981,12.86350197119987,44.461017464136084,12.24195290218596,301.0268948471056,0.0
2025-03-17 04:00:00,65.42543554541484,FR,1445.0296095459782,12.4564199119376,3.7108623188172603,0.0,4,0,3,0,66.8401256149178,51.1351447960443,28.972937111568626,61.13983080244136,55.99566120795267,9.913509700388637,45.12364317467033,13.75835624836973,44.63958432842664,12.523826325078685,155.1623970225155,0.0
2025-03-17 05:00:00,64.41832853718365,FR,963.7509331996042,13.38073568273168,6.5685476282140325,0.0,5,0,3,0,65.42543554541484,61.81529712399369,26.994896989728154,55.4564495715188,59.00453557852321,9.113305636626837,48.24226247029162,13.514773204620697,45.01299595199601,12.985461557634205,179.04408741112886,0.0
2025-03-17 06:00:00,62.89703582180905,FR,1229.8546652571351,14.81050474212025,8.591967129525209,360.73565915852635,6,0,3,0,64.41832853718365,66.8401256149178,39.8588366227892,52.34103579307904,62.08856123989389,5.654123203811435,50.16211240354328,13.847844303339864,45.45282928652642,13.416094660082756,219.3510507163664,3099.428925937668
2025-03-17 07:00:00,55.434418424366996,FR,842.3276281193567,10.459880222670993,6.334961770024598,519.4925686639915,7,0,3,0,62.89703582180905,65.42543554541484,32.1054855001062,65.15527222081191,62.805106844614336,4.0265420701779,52.10619014723167,12.669910262687866,45.04779371167456,12.933467336439701,109.40909427262378,3290.9655622982646
2025-03-17 08:00:00,56.778140624507564,FR,926.0150037928271,10.439674699504588,4.997619011406969,574.2724842807609,8,0,3,0,55.434418424366996,64.41832853718365,29.33408368873939,54.24848016404843,61.96558076136665,4.736686172486346,54.39319489187901,10.471982042969072,45.15319623086035,13.021716065695475,108.9868078314762,2869.9950851694402
2025-03-17 09:00:00,54.91730105378947,FR,1207.7135177203759,11.842755467187393,5.622317883299986,640.9451030401364,9,0,3,0,56.778140624507564,62.89703582180905,41.892229651927536,52.55813593202802,59.97844333451192,4.783424461007803,55.47861750870084,9.705431165749461,45.25149477760041,13.0887767427751,140.2508570555969,3603.5971150361106
2025-03-17 10:00:00,58.857174486202,FR,624.6065884424465,18.556540086540096,3.122919604513843,630.3319150233601,10,0,3,0,54.91730105378947,55.434418424366996,35.32421839503746,41.44782242404014,58.88373315797645,3.9699603356137105,57.43969718296456,7.355975783462614,45.976884446857156,13.348648840818745,344.3451799833695,1968.475894777205
2025-03-17 11:00:00,51.39732710910569,FR,991.8992341506464,16.0872994668119,7.429240581938134,643.6119977897577,11,0,3,0,58.857174486202,56.778140624507564,46.36508231376038,41.95732203863747,56.7135662532968,3.897684145329305,57.85905091591001,6.788807821193082,46.37021799146,13.364129538142837,258.8012041348864,4781.548373001944
2025-03-17 12:00:00,36.99356675020245,FR,641.5503870910951,23.612601631420834,7.984876053874219,747.7650279118876,12,0,3,0,51.39732710910569,54.91730105378947,44.39288185358501,41.36338047556545,52.396321408029024,7.9343704811048035,57.24244132396145,8.292577511089469,46.188142419569864,13.464698726732628,557.5549558041778,5970.811065298219
2025-03-17 13:00:00,43.84434480643752,FR,258.0971222698861,18.624809687569893,5.31602926356124,731.8763788276635,13,0,3,0,36.99356675020245,58.857174486202,51.1351447960443,31.468957072352033,50.46464247170744,8.441435232144512,56.63487465816089,9.016225434404198,46.70378357515677,13.108766204291898,346.88353589819735,3890.676247157091
2025-03-17 14:00:00,37.243597653270356,FR,376.48154781110435,21.24575442749073,5.280125633708398,726.7424251121028,14,0,3,0,43.84434480643752,51.39732710910569,61.81529712399369,36.047499147080295,47.20888530983458,9.247974728292112,54.58723303560061,10.414528070775004,46.75362101291469,13.068703723934956,451.38208119324196,3837.2913079378195
2025-03-17 15:00:00,33.467597283529464,FR,340.9574993320724,24.87390953657178,6.751966388531497,567.2883421168303,15,0,3,0,37.243597653270356,36.99356675020245,66.8401256149178,28.849013835465232,43.63393468145791,9.801498602192316,51.806189007984926,11.266125862489488,46.94606198991736,12.825328295145036,618.7113756335566,3830.311818578595
2025-03-17 16:00:00,38.489787304739345,FR,191.34929055122004,26.442382074312732,5.346770457146209,513.5225672319827,16,0,3,0,33.467597283529464,43.84434480643752,65.42543554541484,28.972937111568626,40.23937015121414,6.417533579571083,49.56155165459529,10.985790108301153,47.34259741463281,12.38503594038222,699.1995697639353,2745.6872915538434
2025-03-17 17:00:00,40.15842766335489,FR,-297.00785712262547,26.87752950320618,6.087944699975756,358.6124576596105,17,0,3,0,38.489787304739345,37.243597653270356,64.41832853718365,26.994896989728154,38.366220243589005,3.4749990209546,47.539893248442894,10.207898529444346,47.89107785936725,11.71827464281145,722.4015921957186,2183.212810954106
2025-03-17 18:00:00,40.2538462958255,FR,-145.42743516497373,25.15729796397351,10.419653507560431,330.3764446969564,18,0,3,0,40.15842766335489,33.467597283529464,62.89703582180905,39.8588366227892,38.909600167859516,3.472332790092308,45.65296078794427,9.148927404162556,47.90753659574377,11.706774328702254,632.8896408481456,3442.4080808019867
2025-03-17 19:00:00,32.97688400768267,FR,-32.466640254835134,24.437401944247163,5.726158527735407,309.2418597430903,19,0,3,0,40.2538462958255,38.489787304739345,55.434418424366996,32.1054855001062,37.09835670140037,3.2077180065041717,43.781499586553906,9.262383375878455,47.94384486689279,11.656878782999803,597.186613784695,1770.7679123006533
2025-03-17 20:00:00,38.07657645426282,FR,52.10061228777145,22.90965015609752,5.503529625184956,151.67523103859008,20,0,3,0,32.97688400768267,40.15842766335489,56.778140624507564,29.33408368873939,37.23718650156578,3.233185757625497,42.22303590570018,8.411015315215533,48.3081153987896,11.176761743135602,524.8520702747791,834.7491274276532
2025-03-17 21:00:00,44.43582224842941,FR,270.5810289168618,22.348542637166986,4.925126317957082,134.53661634474963,21,0,3,0,38.07657645426282,40.2538462958255,54.91730105378947,41.892229651927536,39.06522399571577,3.7370490491760804,41.34957933858684,7.463815160271386,48.41409842364384,11.12521921060633,499.4573580052707,662.6098298884212
2025-03-17 22:00:00,51.30616228050437,FR,285.5402001866505,18.5521452688185,7.708593872227274,0.0,22,0,3,0,44.43582224842941,32.97688400768267,58.857174486202,35.32421839503746,41.201286491676605,6.196136582847686,40.72032832144537,6.035200366706745,49.080012752204965,10.780614699523268,344.18209407534465,0.0
2025-03-17 23:00:00,47.924893149510154,FR,103.52160570671896,16.75379251412859,5.857761582791195,0.0,23,0,3,0,51.30616228050437,38.07657645426282,51.39732710910569,46.36508231376038,42.495697406035816,6.723494285395028,40.430958824812414,5.539631698558197,49.14500487036121,10.7682304559192,280.6895636064712,0.0
2025-03-18 00:00:00,53.2629375896648,FR,576.0395702011926,17.078254064663753,4.921463852584548,0.0,0,1,3,0,47.924893149510154,44.43582224842941,36.99356675020245,44.39288185358501,44.66387928834237,7.8578415070771985,41.78673972810094,6.525119472028822,49.514590526031206,10.75024075734477,291.66676189720397,0.0
2025-03-18 01:00:00,52.24440017050631,FR,751.526671608025,15.487531909635463,8.862817993773424,0.0,1,1,3,0,53.2629375896648,51.30616228050437,43.84434480643752,51.1351447960443,47.875131982146314,5.791958921223602,42.48674434177334,7.183300527340847,49.560809499967114,10.759891206311023,239.86364465197667,0.0
2025-03-18 02:00:00,54.84995782424472,FR,861.958089586208,13.798098119818784,9.059415938254675,0.0,2,1,3,0,52.24440017050631,47.924893149510154,37.243597653270356,61.81529712399369,50.670695543809956,3.833520367925176,43.95394102268787,7.787661209988821,49.270587029144245,10.505923953811113,190.38751172414666,0.0
2025-03-18 03:00:00,67.21042182691174,FR,1069.709535704198,15.184291303047388,5.01936279774999,0.0,3,1,3,0,54.84995782424472,53.2629375896648,33.467597283529464,66.8401256149178,54.466462140223676,6.65914751661595,46.76584306796973,9.549599303214634,49.286016037977326,10.533085245168541,230.56270237580054,0.0
2025-03-18 04:00:00,71.34979428231911,FR,1099.797132802,15.061620158716522,2.487130026506168,0.0,4,1,3,0,67.21042182691174,52.24440017050631,38.489787304739345,65.42543554541484,57.80706747385947,9.2717072137394,49.50417698276804,11.477405480245746,49.53286431868167,10.987388779860817,226.8524018054559,0.0
2025-03-18 05:00:00,64.63651934122319,FR,1074.7989289902216,13.0034974622203,8.235237308901244,0.0,5,1,3,0,71.34979428231911,54.84995782424472,40.15842766335489,64.41832853718365,60.59233850581165,8.151814624851976,51.54401795592373,11.83505018885826,49.541955602183315,11.000323605913572,169.0909462499698,0.0
2025-03-18 06:00:00,69.42021878921561,FR,985.9668577082706,15.795700698893292,4.850950277707392,388.8703676382256,6,1,3,0,64.63651934122319,67.21042182691174,40.2538462958255,62.89703582180905,63.28521870573678,7.911537628948716,53.97454899703957,12.291731696612157,49.81375489249192,11.417336036960249,249.504160569018,1886.3908178868262
2025-03-18 07:00:00,64.6352085014423,FR,650.7707264413359,10.908550918678745,7.801461127552938,463.9202148841863,7,1,3,0,69.42021878921561,71.34979428231911,32.97688400768267,55.434418424366996,65.35035342755945,5.784397086582345,56.61274270485288,10.66506737267514,50.19712114570339,11.763492320634322,118.9964831454069,3619.255522704985
2025-03-18 08:00:00,57.15176289345548,FR,1018.9363457187366,13.4692908633154,2.2800022938037294,601.0503113579689,8,1,3,0,64.6352085014423,64.63651934122319,38.07657645426282,56.778140624507564,65.73398760576124,4.9673287811456985,58.202341574785606,8.931860599141235,50.212688740242896,11.7728237061029,181.4217963605917,1370.396088587615
2025-03-18 09:00:00,59.02747293613048,FR,895.090928025896,13.35574091353067,8.005404605826019,550.0415473740497,9,1,3,0,57.15176289345548,69.42021878921561,44.43582224842941,54.91730105378947,64.37016279063103,5.567928669557311,59.41831246542736,7.810134653159354,50.3839459020071,11.87369918069356,178.37581534935708,4403.305136743888
2025-03-18 10:00:00,61.26174618743727,FR,804.3157674390746,12.19361610394831,3.797866070665838,740.4770512203315,10,1,3,0,59.02747293613048,64.6352085014423,51.30616228050437,58.857174486202,62.68882144148406,4.449599846537451,60.247944457671764,7.387409637406544,50.48413638955858,11.958149599788957,148.68427369046756,2812.232668936387
2025-03-18 11:00:00,49.500105465713624,FR,374.0598073871987,16.921035629668733,8.224883995010469,734.6836174141931,11,1,3,0,61.26174618743727,57.15176289345548,47.924893149510154,51.39732710910569,60.1660857955658,6.796443556998114,60.37921215068872,7.158997565848233,50.40508548775056,11.958121280860043,286.3214467805187,6042.687526266392
2025-03-18 12:00:00,53.63198580608615,FR,283.7886919183476,18.148089286075106,6.791901892550287,688.1722356390527,12,1,3,0,49.500105465713624,59.02747293613048,53.2629375896648,36.99356675020245,57.53471363171088,5.412374590462197,60.409966168723834,7.126366265355395,51.09835294841238,11.62443539787782,329.353144735354,4673.998309637444
2025-03-18 13:00:00,29.12519943901482,FR,581.2210481153203,22.675585614126273,4.855476918084129,744.8550465603211,13,1,3,0,53.63198580608615,61.26174618743727,52.24440017050631,43.84434480643752,51.61637878797297,11.772785047487368,58.48336610776621,11.386414414277892,50.48505522476977,12.38706212146351,514.1821829435704,3616.626485892118
2025-03-18 14:00:00,43.278521577228055,FR,242.08896922866913,22.033656432963554,5.949283131023858,597.7942157039719,14,1,3,0,29.12519943901482,49.500105465713624,54.84995782424472,37.243597653270356,49.304171901935064,11.830417747824528,57.51907975384815,12.18412614363934,50.73651038826801,12.165854747283916,485.4820158058762,3556.4470433112774
2025-03-18 15:00:00,37.28744262625011,FR,282.74674888125134,19.636697225534963,8.13599267079082,556.2616653389082,15,1,3,0,43.278521577228055,53.63198580608615,67.21042182691174,33.467597283529464,45.680833516955005,11.583450553365424,55.025498153793016,13.051519828104109,50.895670610881375,11.953239685012969,385.5998779273325,4525.740832239253
2025-03-18 16:00:00,33.93636910820567,FR,72.650973333873,26.033762673420206,6.975144663107888,494.5705138380151,16,1,3,0,37.28744262625011,29.12519943901482,71.34979428231911,38.489787304739345,41.12660400374974,9.397906144038647,51.9077127226169,13.264393745967636,50.705944852692475,12.19245429939076,677.7567989359673,3449.7008801277566
2025-03-18 17:00:00,35.46223393355265,FR,22.988314754614855,25.091970983741433,7.932181717822388,414.1377803826815,17,1,3,0,33.93636910820567,43.278521577228055,64.63651934122319,40.15842766335489,38.78695874838957,8.610796960721522,49.47652227197768,13.392292785265623,50.51027011395072,12.404922479523325,629.607007848922,3285.0161302110496
2025-03-18 18:00:00,25.659601127240045,FR,187.65676119519955,23.800142152481797,10.71623692590839,297.17211786198743,18,1,3,0,35.46223393355265,37.28744262625011,69.42021878921561,40.2538462958255,34.12489463524856,6.201173445299567,45.82980413347972,13.425892996784636,49.90217656525965,13.25793477399336,566.4467664783409,3184.56682278303
2025-03-18 19:00:00,36.074612184608306,FR,-86.17185878800896,21.831689937681915,3.6348725334553165,320.5674875688842,19,1,3,0,25.659601127240045,33.93636910820567,64.6352085014423,32.97688400768267,35.28313009284747,5.710133986327194,43.449754440410224,12.270976579611805,50.03124857263155,13.100135033142472,476.62268553508176,1165.2219556829157
2025-03-18 20:00:00,41.40820119107762,FR,86.21145349597738,19.701099027005537,9.997780906814667,162.0572799815084,20,1,3,0,36.074612184608306,35.46223393355265,57.15176289345548,38.07657645426282,34.97141002848907,5.216039595090737,42.13779096521207,11.48957414548545,50.170066269998834,12.985094537841052,388.1333028718785,1620.2131796094434
2025-03-18 21:00:00,50.16897531511918,FR,53.99155166571768,19.942788175448946,6.972067631923845,120.1378750025524,21,1,3,0,41.40820119107762,25.659601127240045,59.02747293613048,44.43582224842941,37.11833214330058,8.172902563139525,41.39958283012779,10.55208985964244,50.40894764777757,12.927625537367458,397.7148002108263,837.6093896734084
2025-03-18 22:00:00,43.83708555352433,FR,163.10075451353666,21.727395183641278,4.965787660231163,0.0,22,1,3,0,50.16897531511918,36.074612184608306,61.26174618743727,51.30616228050437,38.76845155085369,8.3983459777321,39.947527777301715,8.586177709459033,50.09773611748674,12.994815791192723,472.0797014661182,0.0
2025-03-18 23:00:00,46.27829632427066,FR,308.7560527550113,22.054744135599766,4.10272850539944,0.0,23,1,3,0,43.83708555352433,41.40820119107762,49.500105465713624,47.924893149510154,40.57112861597336,8.702067590976982,39.679043682181465,8.30612484655794,50.029127916435094,13.011122942223754,486.41173888677224,0.0
2025-03-19 00:00:00,51.6824472550612,FR,544.4267543267425,20.066871278787378,6.3851149753233525,0.0,0,2,3,0,46.27829632427066,50.16897531511918,53.63198580608615,53.2629375896648,44.90826963727688,5.777073622686605,39.51658213626272,8.022633822823567,49.96327415249328,12.998037015009151,402.6793229194218,0.0
2025-03-19 01:00:00,62.353085629046824,FR,533.6597982185649,14.745583553870112,8.606655980726337,0.0,1,2,3,0,51.6824472550612,43.83708555352433,29.12519943901482,52.24440017050631,49.288015211349965,7.457452265266645,42.28557265209872,9.674270203624188,50.38446937993246,13.236761041566526,217.43223434416473,0.0
2025-03-19 02:00:00,62.474746492946494,FR,1001.1512251147042,12.360700594652652,6.508257516122351,0.0,2,2,3,0,62.353085629046824,46.27829632427066,43.278521577228055,54.84995782424472,52.799106094994784,7.9485826306747915,43.88525806174192,11.303319768144506,50.702168907795034,13.438562630029773,152.78691919064642,0.0
2025-03-19 03:00:00,60.498991696105556,FR,674.631930149373,13.968670144713707,9.785665617372114,0.0,3,2,3,0,62.474746492946494,51.6824472550612,37.28744262625011,67.21042182691174,54.520775491825844,8.372402360880182,45.81955381756321,12.03405165463668,50.422525985678114,13.146768037742907,195.12374561181605,0.0
2025-03-19 04:00:00,67.13493130503177,FR,895.6383730599475,9.50951225320714,3.8610043767743014,0.0,4,2,3,0,60.498991696105556,62.353085629046824,33.93636910820567,71.34979428231911,58.403749783743756,7.8102031540064045,48.58610066729872,12.842727876564286,50.24690669495781,12.880515193975263,90.43082329389674,0.0
2025-03-19 05:00:00,65.48195769586506,FR,895.0167014896992,13.368400360763511,6.73917786118531,0.0,5,2,3,0,67.13493130503177,62.474746492946494,35.46223393355265,64.63651934122319,61.604360012342816,5.414930048876855,51.087744314158094,12.97699961078152,50.282133293067886,12.922667131498509,178.71412820566198,0.0
2025-03-19 06:00:00,69.24577925241994,FR,1289.3955768707465,12.440816606942773,4.2585688680511815,355.2876895635741,6,2,3,0,65.48195769586506,60.498991696105556,25.659601127240045,69.42021878921561,64.5315820119026,3.320918565771166,54.719925824589744,11.189437245043901,50.27486497903473,12.911479181311675,154.7739178475831,1513.0170939772693
2025-03-19 07:00:00,59.316762906817374,FR,1022.2738684468492,12.155237385966613,7.490619522127355,503.77199966861565,7,2,3,0,69.24577925241994,67.13493130503177,36.074612184608306,64.6352085014423,64.02552822486437,3.9001140957364355,56.656771718107166,9.561786114590692,50.05326307925869,12.698172842449305,147.74979590920046,3773.5643754188677
2025-03-19 08:00:00,58.739050933492265,FR,1139.3816097859465,10.562584890098588,8.53713053707202,482.6842011267131,8,2,3,0,59.316762906817374,65.48195769586506,41.40820119107762,57.15176289345548,63.40291229828866,4.455793182336874,58.10100919664172,8.270937132751245,50.11940008092689,12.740814054787354,111.568199560539,4120.738033201075
2025-03-19 09:00:00,55.25995414292762,FR,556.4413159858793,15.711967010633057,5.921832169515312,624.6613423487962,9,2,3,0,58.739050933492265,69.24577925241994,50.16897531511918,59.02747293613048,62.529739372759,5.523963999298124,58.52525743229242,7.951483595864571,49.96242013121011,12.649165624776037,246.86590734322147,3699.139632173719
2025-03-19 10:00:00,46.253988614446826,FR,803.4100531738518,14.756668901527949,1.5549280436231507,663.0994130104892,10,2,3,0,55.25995414292762,59.316762906817374,43.83708555352433,61.26174618743727,59.04958225766151,8.044802049357807,58.72666602070263,7.566924830856193,49.33709689900217,12.435441966211307,217.75927706932208,1031.0718730000597
2025-03-19 11:00:00,51.15983704658626,FR,807.335681675948,14.642040224926467,7.627330770025171,701.2750432678573,11,2,3,0,46.253988614446826,58.739050933492265,46.27829632427066,49.500105465713624,56.662562149448384,7.877558451733085,59.13346108089559,6.942301631215954,49.406252381538536,12.441001670317966,214.3893419483647,5348.856715767662
2025-03-19 12:00:00,47.114043887915564,FR,516.4567978550849,12.542536771271283,8.102911579899201,763.6176750053384,12,2,3,0,51.15983704658626,55.25995414292762,51.6824472550612,53.63198580608615,52.973939588697654,5.682972211063382,58.75276080030013,7.491575034718568,49.134671468281425,12.415861641786838,157.31522865869226,6187.526501416461
2025-03-19 13:00:00,42.24949224267585,FR,583.6865524618098,19.48913321253365,8.038023986355578,724.6986443401639,13,2,3,0,47.114043887915564,46.253988614446826,62.353085629046824,29.12519943901482,50.129394478007406,6.1272278833220275,57.077461351435886,8.754617777862906,49.681517001767304,11.76838622209062,379.82631337588214,5825.1450860856075
2025-03-19 14:00:00,37.9960733884762,FR,146.5423099799257,24.212013152186397,9.70099886007649,667.5450744658048,14,2,3,0,42.24949224267585,51.15983704658626,62.474746492946494,43.278521577228055,46.67223155383805,6.149700011309174,55.03757192606335,10.126973657615663,49.46141499390264,11.94147247646634,586.2215808816471,6475.854006442448
2025-03-19 15:00:00,29.775353574807188,FR,428.3160974438424,24.903066198282023,5.087327117134084,514.743001603877,15,2,3,0,37.9960733884762,47.114043887915564,60.498991696105556,37.28744262625011,42.42479812581798,7.649907358443077,52.4772687492885,12.276371583879602,49.14841128342585,12.365371866424553,620.1627060760167,2618.666030414397
2025-03-19 16:00:00,33.32817924670822,FR,526.7669228316308,21.306861922572196,8.589866687333082,476.99768523602694,16,2,3,0,29.775353574807188,42.24949224267585,67.13493130503177,33.93636910820567,40.27049656452821,8.15898396732738,49.66003941109486,12.48417716869273,49.12307003919679,12.398481313646338,453.98236498755693,4097.346526343938
2025-03-19 17:00:00,33.289857468241294,FR,-55.530625232465994,21.340956366960075,9.614449501388131,434.45121910609606,17,2,3,0,33.32817924670822,37.9960733884762,65.48195769586506,35.46223393355265,37.292166634804055,6.477252317645264,46.97736439212622,12.231443425249232,49.03255435314215,12.509977474377465,455.43641865649374,4177.009306912071
2025-03-19 18:00:00,31.58605935413641,FR,-89.10050428015435,23.468972152687524,3.6722593084191484,354.66861871383264,18,2,3,0,33.289857468241294,29.775353574807188,69.24577925241994,25.659601127240045,34.70416921250753,4.5973468763760765,43.839054400602585,10.738682778811357,49.279490112596164,12.079647144652068,550.7926539036225,1302.4351364760337
2025-03-19 19:00:00,36.36654306546582,FR,307.713982279006,20.183364151997907,7.868738128270136,202.90314798042175,19,2,3,0,31.58605935413641,33.32817924670822,59.316762906817374,36.074612184608306,33.72367768297252,3.024612268344372,41.92653608048996,9.727648670467516,49.29165389929857,12.065911337980026,407.36818849215416,1596.5917368595824
2025-03-19 20:00:00,41.642892617591585,FR,382.9017272539232,22.11903819508434,6.2210748144168395,295.583833778921,20,2,3,0,36.36654306546582,33.289857468241294,58.739050933492265,41.40820119107762,34.33148088782509,4.194888522247263,40.50185622083157,8.168464197019924,49.30143270873665,12.059337722652808,489.2518506755999,1838.849143870819
2025-03-19 21:00:00,52.21043459746424,FR,41.87460397607251,22.114839179353343,7.06638913022889,178.3323293473871,21,2,3,0,41.642892617591585,31.58605935413641,55.25995414292762,50.16897531511918,38.07066105826792,7.784540168143538,40.24772959204295,7.701689719677345,49.3864935121677,12.072915102671,489.06611192866166,1260.1656336687745
2025-03-19 22:00:00,47.30132570905177,FR,165.9626365808283,21.89924128699443,7.924787443508855,0.0,22,2,3,0,52.21043459746424,36.36654306546582,46.253988614446826,43.83708555352433,40.39951880199185,8.162939347642343,40.33500768326003,7.781463586774176,49.53083685198133,12.02429311822107,479.57676894600155,0.0
2025-03-19 23:00:00,51.60851629235042,FR,314.23355567663776,17.98074026576355,6.2549773482050774,0.0,23,2,3,0,47.30132570905177,41.642892617591585,51.15983704658626,46.27829632427066,43.452628606010045,8.394442894824186,40.37239762040705,7.839070101395514,49.75292935065133,12.010823569738777,323.3070205048507,0.0
2025-03-20 00:00:00,53.81900289415305,FR,231.10989779314457,16.468513616881978,5.878018318108959,0.0,0,3,3,0,51.60851629235042,52.21043459746424,47.114043887915564,51.6824472550612,47.15811919601282,6.87889009316306,40.93114420426017,8.568315028228529,49.84195250228015,12.033643086994882,271.21194074942713,0.0
2025-03-20 01:00:00,48.18221896404125,FR,445.6791332544207,13.86279411892245,7.297739311408232,0.0,1,3,3,0,53.81900289415305,47.30132570905177,42.24949224267585,62.353085629046824,49.127398512442056,4.425334865654158,41.42553809770729,8.818798034012044,49.25149972457158,11.737076245916498,192.17706078363085,0.0
2025-03-20 02:00:00,60.69842156740199,FR,549.1718466495864,12.841651648143866,5.054942598706576,0.0,2,3,3,0,48.18221896404125,51.60851629235042,37.9960733884762,62.474746492946494,52.303320004077115,4.801454477302801,43.3174004459511,10.323038126266106,49.17748618600723,11.655381934580355,164.90801705227608,0.0
2025-03-20 03:00:00,63.44894376464588,FR,699.9938775724481,13.129416762081156,5.057784218661811,0.0,3,3,3,0,60.69842156740199,53.81900289415305,29.775353574807188,60.498991696105556,54.17640486527406,6.609620948556385,46.12353296177099,10.869539273902113,49.300400855529745,11.794688869151072,172.38158451241765,0.0
2025-03-20 04:00:00,76.88480470189143,FR,926.0757244148631,13.67659889295811,8.58818104234519,0.0,4,3,3,0,63.44894376464588,48.18221896404125,33.32817924670822,67.13493130503177,59.106984697414,10.401696498809269,49.75325174970293,13.225499423181352,49.70664558039889,12.57759531785042,187.049357278863,0.0
2025-03-20 05:00:00,64.03476512521925,FR,1029.8058596518383,14.444711079853358,4.93184640611487,0.0,5,3,3,0,76.88480470189143,60.69842156740199,33.289857468241294,65.48195769586506,61.17802616955881,9.831552930372345,52.315327387784414,12.714342935310404,49.64634588995532,12.501918224325074,208.64967818043834,0.0
2025-03-20 06:00:00,65.91029101142355,FR,1310.1000985628154,11.02514077317233,8.562059478250607,342.23704755876264,6,3,3,0,64.03476512521925,63.44894376464588,31.58605935413641,69.24577925241994,63.19324085577055,9.243048530544547,55.17568002589169,11.42223014042345,49.507367213247136,12.291332443884277,121.55372906826696,2930.2539568590073
2025-03-20 07:00:00,62.65346952767791,FR,783.2921049967761,15.96816442261505,8.154617062140085,345.1962878920127,7,3,3,0,65.91029101142355,76.88480470189143,36.36654306546582,59.316762906817374,65.60511594971,5.78320770386244,57.36625723107603,9.907255908140643,49.646396655783,12.425253888381368,254.98227502766903,2814.943539031628
2025-03-20 08:00:00,54.53397147838345,FR,1129.8771815875361,13.105220717539952,3.7778210188509886,481.9807494610248,8,3,3,0,62.65346952767791,64.03476512521925,41.642892617591585,58.739050933492265,64.57770760154024,7.202619515014629,58.44051380280868,8.668858777552638,49.471185011820126,12.320669683477266,171.74681005543837,1820.8370059954118
2025-03-20 09:00:00,62.93460898116351,FR,810.755621748172,14.537509103789661,5.874305171760872,576.8070967442094,9,3,3,0,54.53397147838345,65.91029101142355,52.21043459746424,55.25995414292762,64.49198513762651,7.221775607456031,59.33419500145029,8.519705762664932,49.79096229674662,12.57442969572584,211.33917094276728,3388.340911512883
2025-03-20 10:00:00,57.331228518541295,FR,740.1072580695134,14.223124117549036,9.617653282526927,747.4932741915632,10,3,3,0,62.93460898116351,62.65346952767791,47.30132570905177,46.253988614446826,61.233055773734826,4.352951863610922,60.17002023557441,7.682790299020582,50.25251395941723,12.64207468413729,202.29725966320504,7189.131142195288
2025-03-20 11:00:00,53.63439539647862,FR,764.3734209845813,12.028997761779962,5.635745149073953,715.9016954278618,11,3,3,0,57.331228518541295,54.53397147838345,51.60851629235042,51.15983704658626,59.499660818944726,5.031959170293561,60.33884349425177,7.497581193725038,50.35562055732941,12.659874899651589,144.69678715290735,4034.639507221391
2025-03-20 12:00:00,41.26183025304242,FR,275.4555956875403,19.950756376535484,6.669267686734541,633.2259215450055,12,3,3,0,53.63439539647862,62.93460898116351,53.81900289415305,47.114043887915564,55.3915840258812,7.960748458745646,59.29241244082588,9.178209662422217,50.111778322543024,12.780807848292676,398.03267999587126,4223.153176962806
2025-03-20 13:00:00,49.23789651414404,FR,447.0724266855497,20.91345520279859,8.52219799785711,712.3758536720557,13,3,3,0,41.26183025304242,57.331228518541295,48.18221896404125,42.24949224267585,53.155655190292215,7.375692544040888,59.38038557000112,9.06641594443228,50.4029618338542,12.673048004711626,437.3726085194635,6071.008073885741
2025-03-20 14:00:00,32.15975374139053,FR,283.29044164261137,20.000459230589286,9.164857229918507,575.7436918776353,14,3,3,0,49.23789651414404,53.63439539647862,60.69842156740199,37.9960733884762,49.42661890079341,11.202660884742365,57.00216325116682,11.96796162615657,50.159781848558964,12.973896595901968,400.01836943446415,5276.608737084719
2025-03-20 15:00:00,39.78649275406061,FR,244.93686220835627,21.61013358961483,7.094998439264325,651.6219261096455,15,3,3,0,32.15975374139053,41.26183025304242,63.44894376464588,29.775353574807188,45.56859952960958,9.472680822192324,55.03029233361806,12.734035256412001,50.57691264769452,12.439960317934075,466.9978737609991,4623.256548738348
2025-03-20 16:00:00,46.3836839895849,FR,124.82102688934438,23.148537257131743,6.403055821970033,501.44376740910616,16,3,3,0,39.78649275406061,49.23789651414404,76.88480470189143,33.32817924670822,43.74400877478352,7.628742271249018,52.48853227425917,10.885059767802037,51.12089201198105,11.927812820829699,535.8547771448164,3210.7724342994643
2025-03-20 17:00:00,30.0507484252217,FR,508.09711483764465,19.315893159889356,10.442815934750332,435.9048563489237,17,3,3,0,46.3836839895849,32.15975374139053,64.03476512521925,33.289857468241294,39.8134009462407,7.589151563503969,49.65653088259271,11.974312111780161,50.98592913518856,12.15451343656761,373.1037285642604,4552.074179915595
2025-03-20 18:00:00,32.76595705223065,FR,-127.54799685026319,21.36892267182369,11.075875538948473,416.2898323771096,18,3,3,0,30.0507484252217,39.78649275406061,65.91029101142355,31.58605935413641,38.39742207943874,8.043813129905654,46.894503052659964,11.703872122456819,51.03509153927583,12.074757998849122,456.63085615438047,4610.774371538588
2025-03-20 19:00:00,37.67122844923407,FR,-89.16230414489772,23.66426877559695,9.555792312916907,195.05515578490542,19,3,3,0,32.76595705223065,46.3836839895849,62.65346952767791,36.36654306546582,36.46964406862041,6.070060151420186,44.81264962945631,10.835552824710653,51.08945343026617,12.00860299228267,559.9976166836927,1863.906558244209
2025-03-20 20:00:00,37.105260062937894,FR,-57.640807177172164,18.90247993508571,7.7687124964833645,105.14409074435041,20,3,3,0,37.67122844923407,30.0507484252217,54.53397147838345,41.642892617591585,37.29389512221164,5.691760105146756,43.36025701150252,10.579086052754592,50.900385407155596,12.19802689984442,357.30374769631794,816.8342116970159
2025-03-20 21:00:00,35.02618793608093,FR,35.35118557467524,21.065398872896026,5.981544768071464,73.33266026740819,21,3,3,0,37.105260062937894,32.76595705223065,62.93460898116351,52.21043459746424,36.5005109858817,5.605949840548896,41.03455525774564,8.803317904373264,50.18437512959796,12.615005910806234,443.7510296742092,438.64259035127753
2025-03-20 22:00:00,46.77125151892271,FR,122.52257453869623,16.62781561595781,5.9371873982401855,0.0,22,3,3,0,35.02618793608093,37.67122844923407,57.331228518541295,47.30132570905177,36.565105574104656,5.743158291127079,40.15455717444409,7.449941015535539,50.16228870500925,12.620735760884122,276.4842521582904,0.0
2025-03-20 23:00:00,45.00924577010608,FR,608.3937836702496,19.009512769569312,8.64310442188483,0.0,23,3,3,0,46.77125151892271,37.105260062937894,53.63439539647862,51.60851629235042,39.05818846491872,5.594519042212893,39.43579470557972,6.36881865393202,49.887319099915736,12.659686126345632,361.36157573641873,0.0
2025-03-21 00:00:00,56.559194626159794,FR,784.100849597971,16.700182538619746,8.434872653130684,0.0,0,4,3,0,45.00924577010608,35.02618793608093,41.26183025304242,53.81900289415305,43.023728060573575,8.109663758321336,40.71057507000616,8.071025623699736,50.001493755416014,12.708947447159703,278.89609682321986,0.0
2025-03-21 01:00:00,53.17895386936744,FR,515.2602638013651,12.284100046603356,10.401273397246175,0.0,1,4,3,0,56.559194626159794,46.77125151892271,49.23789651414404,48.18221896404125,45.60834896392914,8.523274009662956,41.03899651627478,8.517398940985302,50.209691043137944,12.718772714397941,150.89911395496057,0.0
2025-03-21 02:00:00,68.58066296973577,FR,583.5288853791542,16.720495451116733,8.898976396425594,0.0,2,4,3,0,53.17895386936744,45.00924577010608,32.15975374139053,60.69842156740199,50.85424944839545,11.432749956022427,44.074072285303544,11.148457502812951,50.53811776823519,13.09751972550335,279.57496813081536,0.0
2025-03-21 03:00:00,59.23152625325957,FR,947.8365018705546,12.008795778266915,4.5919156078336805,0.0,3,4,3,0,68.58066296973577,56.559194626159794,39.78649275406061,63.44894376464588,54.888472501258555,8.666491324300072,45.694491743570126,11.859116606367039,50.36239203859409,12.944161588862377,144.2111760441213,0.0
2025-03-21 04:00:00,62.95828655843661,FR,822.5680930360251,11.216967391275794,9.701971446799153,0.0,4,4,3,0,59.23152625325957,53.17895386936744,46.3836839895849,76.88480470189143,57.586311674510874,8.137603634778337,47.075708624307765,12.868904093044469,49.78212044928347,11.979724474118836,125.82035745694449,0.0
2025-03-21 05:00:00,69.06415603597321,FR,1109.5492766956363,12.914284607827547,5.60195495672449,0.0,5,4,3,0,62.95828655843661,68.58066296973577,30.0507484252217,64.03476512521925,61.59546338548873,6.453239564066683,50.32682592520373,13.10274434633876,49.99167840389822,12.280104857538287,166.77874693197148,0.0
2025-03-21 06:00:00,58.248232717585715,FR,1040.58460417026,14.824377759369254,6.830133667448613,407.69503671278744,6,4,3,0,69.06415603597321,59.23152625325957,32.76595705223065,65.91029101142355,61.87696973405972,6.222314353010798,52.45034889731665,12.017991723397584,49.67242597498831,11.943243975688342,219.76217595248178,2784.6115963037078
2025-03-21 07:00:00,63.96432804922478,FR,679.8140901450879,10.846748032718017,8.098476623856705,347.0995808011112,7,4,3,0,58.248232717585715,62.95828655843661,37.67122844923407,62.65346952767791,63.67453209736928,4.536522491776016,54.6414405306492,11.462556036718006,49.72704508005276,12.008012068955555,117.65194288527216,2810.9778412682604
2025-03-21 08:00:00,66.91307543789324,FR,1242.5137421582317,13.666432005299836,11.589411190921245,505.5739612408494,8,4,3,0,63.96432804922478,69.06415603597321,37.105260062937894,54.53397147838345,63.396600842062185,4.215560454496021,57.125425145228824,10.506817453266134,50.24284107836567,12.480057386094416,186.7713637554837,5859.304524243084
2025-03-21 09:00:00,49.18307873578227,FR,1212.728925212378,15.333481079126482,13.817913323364039,607.0085679115444,9,4,3,0,66.91307543789324,58.248232717585715,35.02618793608093,62.93460898116351,61.72185958914931,7.165229437746195,58.30516604520394,8.379240913370968,49.669860651474785,12.184193092653839,235.11564200392982,8387.591777941056
2025-03-21 10:00:00,54.49473264776894,FR,627.4422619031227,16.999363076349773,8.811522329625681,675.5698273888054,10,4,3,0,49.18307873578227,63.96432804922478,46.77125151892271,57.331228518541295,60.31126727070469,7.687217344670811,58.948789472607785,7.680232395326798,49.55167332352593,12.12023551331138,288.97834500156404,5952.7986192578255
2025-03-21 11:00:00,50.9786496325055,FR,551.8692105640638,17.126125069760327,7.486776311444685,662.5837045416297,11,4,3,0,54.49473264776894,66.91307543789324,45.00924577010608,53.63439539647862,57.29701620346007,7.0913607408788675,59.4462397944744,6.842968751490484,49.44101725002705,12.093433849246011,293.30415990507316,4960.615983511538
2025-03-21 12:00:00,49.71788188590267,FR,557.173078144981,17.34437358252677,8.922180845846562,701.7220505852921,12,4,3,0,50.9786496325055,49.18307873578227,56.559194626159794,41.26183025304242,55.87529106484624,7.692173109266619,58.87613039945298,7.370050300793616,49.79335273472956,11.967300482282099,300.8272949702525,6260.8910388402655
2025-03-21 13:00:00,36.039171405073134,FR,437.4818354461446,17.680350644196317,9.628480400633133,563.6576715305243,13,4,3,0,49.71788188590267,54.49473264776894,53.17895386936744,49.23789651414404,51.221098290820954,9.93899086698526,57.44781519409512,9.82613361299282,49.24340585518494,12.29277772039985,312.5947989017331,5427.166842998162
2025-03-21 14:00:00,32.56672598993055,FR,381.7088545345662,20.631165787798494,7.211834297771078,620.1964707078612,14,4,3,0,36.039171405073134,50.9786496325055,68.58066296973577,32.15975374139053,45.49670671616051,8.933680126642217,54.44665377911135,11.477751529525682,49.260363032207444,12.268443816477017,425.6450017636271,4472.754178807529
2025-03-21 15:00:00,39.461915113143746,FR,548.4875171599964,19.2276378080739,11.443592260710105,620.1628090430152,15,4,3,0,32.56672598993055,49.71788188590267,59.23152625325957,39.78649275406061,43.87651277905409,9.012573480283907,52.7991861841017,12.128869303829006,49.246838963835906,12.279515265465605,369.7020556784729,7096.890321944887
2025-03-21 16:00:00,36.91632922670094,FR,31.597852608970882,16.169721531614357,8.313311067268264,475.88529828726615,16,4,3,0,39.461915113143746,36.039171405073134,62.95828655843661,46.3836839895849,40.946778875542755,7.62010395096233,50.629023073123726,12.470863154706102,48.85236584871575,12.525102769006837,261.45989440995294,3956.182517001789
2025-03-21 17:00:00,36.255894302604524,FR,-142.62236205222493,23.209868158857805,8.84865572706825,443.5358768653621,17,4,3,0,36.91632922670094,32.56672598993055,69.06415603597321,30.0507484252217,38.49298632055926,5.925694911016432,47.895001262009664,11.629824145429197,49.1109135936067,12.179391961701468,538.6979799515614,3924.6962769849247
2025-03-21 18:00:00,37.32968674772938,FR,-275.8638456029054,24.1306613855687,9.185018052994383,372.34362504013495,18,4,3,0,36.255894302604524,39.461915113143746,58.248232717585715,32.76595705223065,36.428287130863716,2.2515057127146734,46.151789097854966,11.503959443329768,49.30106899758581,11.946504710940589,582.2888189049763,3419.982917911011
2025-03-21 19:00:00,33.77284801590341,FR,-129.148921132918,17.245638222149648,8.696342770114372,242.28587417122966,19,4,3,0,37.32968674772938,36.91632922670094,63.96432804922478,37.67122844923407,36.0505665660021,2.50560566595869,43.635832428411526,10.512949134185533,49.13863647953036,12.136498407197447,297.41203768926886,2107.0010101498137
2025-03-21 20:00:00,40.78390681932391,FR,60.361903533021284,19.287361048884364,9.531050549824686,183.52318854982852,20,4,3,0,33.77284801590341,36.255894302604524,66.91307543789324,37.105260062937894,37.42009670423432,2.4659272804970156,41.458401710197414,7.538700621360612,49.29191342771312,12.000382531013987,372.0022962300217,1749.1687871334225
2025-03-21 21:00:00,44.244867457905,FR,505.3581821102837,21.61235520745319,6.618663175791615,54.37599832047781,21,4,3,0,40.78390681932391,37.32968674772938,49.18307873578227,35.02618793608093,38.2172554283612,3.7148267254337592,41.04688410370764,7.206144303627086,49.67602507445579,11.666808936563033,467.09389761312906,359.8964177306532
2025-03-21 22:00:00,42.85667955476073,FR,146.47774019276548,23.351733841508047,6.7365660409934,0.0,22,4,3,0,44.244867457905,33.77284801590341,54.49473264776894,46.77125151892271,39.20731381637116,4.073088301827566,40.077046345956965,5.895740980233123,49.51291790928237,11.736341139169731,545.3034734046322,0.0
2025-03-21 23:00:00,59.649636894460386,FR,415.3480677765189,18.014003896933104,5.652861082942071,0.0,23,4,3,0,42.85667955476073,40.78390681932391,50.9786496325055,45.00924577010608,43.1062709150138,8.954515492340423,40.79962861778653,7.629686182354562,50.12293420613047,11.87177564202162,324.5043363987211,0.0
2025-03-22 00:00:00,51.560397077542824,FR,496.71542078544957,15.211223297636474,8.732172010125915,0.0,0,5,3,1,59.649636894460386,44.244867457905,49.71788188590267,56.559194626159794,45.47805596998271,9.00297591867507,40.953171550423214,7.841087673609869,49.9146509749381,11.797564218350146,231.38131421055866,0.0
2025-03-22 01:00:00,46.819557554523215,FR,867.0881772408771,15.044334473084724,9.411042555909688,0.0,1,5,3,1,51.560397077542824,42.85667955476073,36.039171405073134,53.17895386936744,47.65250755975268,6.952498427425642,41.85153706287739,7.844462871412131,49.649676128486256,11.792475205774718,226.33199973804543,0.0
2025-03-22 02:00:00,59.11375898781722,FR,1255.3864851747244,17.03653325737879,8.768715281189232,0.0,2,5,3,1,46.819557554523215,59.649636894460386,32.56672598993055,68.58066296973577,50.70748292116823,7.346720810396102,44.06378981270128,8.686140567420738,49.255221795906316,11.278855138296537,290.24346542977355,0.0
2025-03-22 03:00:00,53.274384363804145,FR,747.3796360092097,12.081814250493974,11.202154415580535,0.0,3,5,3,1,59.11375898781722,51.560397077542824,39.461915113143746,59.23152625325957,52.212402405484745,6.649908597779065,45.214828916922976,8.93256822749774,49.007007550512334,11.114106887680661,145.97023558343926,0.0
2025-03-22 04:00:00,63.50401715817725,FR,835.1248133885749,11.13485192888408,7.841977511227368,0.0,4,5,3,1,53.274384363804145,46.819557554523215,36.91632922670094,62.95828655843661,55.6536253393875,6.164825119544469,47.430469577879336,9.928925024124505,49.02974632550153,11.144408319696268,123.98492747817352,0.0
2025-03-22 05:00:00,65.78954784416189,FR,1191.7950885583487,11.443422845881628,9.190652860070486,0.0,5,5,3,1,63.50401715817725,59.11375898781722,36.255894302604524,69.06415603597321,56.67694383100442,7.355420804218305,49.891607373009116,10.54823253064811,48.8933043175094,10.905955346968092,130.95192642964557,0.0
2025-03-22 06:00:00,55.29914270799694,FR,1136.3782979252624,10.516209520874428,5.669767796606832,333.18726306594647,6,5,3,1,65.78954784416189,53.274384363804145,37.32968674772938,58.248232717585715,57.300068102746785,6.984277459288582,51.38906203636475,9.855540424758328,48.77042556710986,10.81218018136856,110.59066268692996,1889.0944143708723
2025-03-22 07:00:00,62.643909022425746,FR,1352.304378291741,13.019495979544432,7.078970143936659,461.8611624478938,7,5,3,1,55.29914270799694,63.50401715817725,33.77284801590341,63.96432804922478,59.937460014063866,4.91693351595804,53.79498378690827,8.609336994495028,48.7154081076599,10.734586018544798,169.50727556137363,3269.501379612519
2025-03-22 08:00:00,57.4412663011636,FR,1049.7983389574122,16.688192899423044,9.244245064017015,584.8623461822613,8,5,3,1,62.643909022425746,65.78954784416189,40.78390681932391,66.91307543789324,59.658711232954936,5.0193121117464345,55.18309707706158,7.60509678722909,48.320749393629505,10.197118356155526,278.4957822483537,5406.610856824779
2025-03-22 09:00:00,56.330795708560856,FR,781.6949724358619,15.017770301577425,9.551373770371749,528.9036885537682,9,5,3,1,57.4412663011636,55.29914270799694,44.244867457905,49.18307873578227,60.16811312374772,4.352606594281293,56.190257764616234,6.7804018499511365,48.61857093416194,10.326952093998662,225.5334248309409,5051.7568179053305
2025-03-22 10:00:00,58.05552826837716,FR,868.1309661384619,15.00420853445094,7.265235653557096,617.6368412031762,10,5,3,1,56.330795708560856,62.643909022425746,42.85667955476073,54.49473264776894,59.26003164211437,4.077082486372099,57.456828490750944,5.327090720913577,48.766937418353955,10.440004985435838,225.12627374529043,4487.277199659698
2025-03-22 11:00:00,43.452295081249034,FR,851.1502386678421,16.085574140549824,7.840367182388686,673.6466044073886,11,5,3,1,58.05552826837716,57.4412663011636,59.649636894460386,50.9786496325055,55.53715618162889,6.437455260933766,56.107050006316655,6.616869452565609,48.45333931205159,10.483628429136889,258.74569543112517,5281.636729723264
2025-03-22 12:00:00,37.04008670522867,FR,664.0964362394728,14.848002362475135,4.947818192743201,660.8123239437786,12,5,3,1,43.452295081249034,56.330795708560856,51.560397077542824,49.71788188590267,52.49398018116751,9.937037375043545,54.897024141957154,8.564831158111513,47.92509784619018,10.733561801881667,220.4631741560672,3269.579238397941
2025-03-22 13:00:00,32.776352811335926,FR,472.0452836701991,20.997705358963106,7.269507284491601,774.8208679930143,13,5,3,1,37.04008670522867,58.05552826837716,46.819557554523215,36.039171405073134,47.51605414598587,11.232175629926319,53.72675708002487,10.50784985413662,47.78914707145113,10.909869229703718,440.9036303418279,5632.565944051323
2025-03-22 14:00:00,30.089957630524744,FR,463.3349379178309,20.199158346855175,9.764332013144392,610.270286633214,14,5,3,1,32.776352811335926,43.452295081249034,59.11375898781722,32.56672598993055,42.957502700879395,11.927158108135727,51.308106966917165,12.336361893176422,47.68594838980922,11.070651125867975,408.0059979213291,5958.8816964434955
2025-03-22 15:00:00,31.466698737988736,FR,380.305727495861,20.906910724038898,9.133975718317952,569.7100344409484,15,5,3,1,30.089957630524744,37.04008670522867,53.274384363804145,39.461915113143746,38.81348653911738,10.596621091960897,49.49079983143255,13.565424107443325,47.35281437417776,11.442920981343354,437.09891602293266,5203.717621065707
2025-03-22 16:00:00,32.13716573461823,FR,343.4190963152862,28.294592353468328,8.984897128867239,535.219451580149,16,5,3,1,31.466698737988736,32.776352811335926,63.50401715817725,36.91632922670094,34.493759450157555,4.975916592315573,46.87689554613596,13.64156899976914,47.153682562007646,11.671731348160137,800.5839564489484,4808.891713816379
2025-03-22 17:00:00,31.386884047525236,FR,146.77906437339433,22.83020908644888,8.08311306046674,380.4791894820778,17,5,3,1,32.13716573461823,30.089957630524744,65.78954784416189,36.255894302604524,32.48285761120359,2.4055638235932526,44.010006896416236,12.900457657323821,46.950807134712676,11.909288547320589,521.218446930973,3075.4563057383825
2025-03-22 18:00:00,34.733361945424626,FR,-33.42361606337087,20.715164322380975,7.9976920033611725,330.21596441218685,18,5,3,1,31.386884047525236,31.466698737988736,55.29914270799694,37.32968674772938,32.09840348456958,1.5711963236277346,42.29619183286855,12.627551028540662,46.84262693461664,12.011834153274329,429.11803290324565,2640.965577961544
2025-03-22 19:00:00,32.2379810831854,FR,46.37982414213038,21.01474261999727,6.662923407157925,275.2859972766267,19,5,3,1,34.733361945424626,32.13716573461823,62.643909022425746,33.77284801590341,32.00867486321116,1.53979535655448,39.762364504598516,11.135937451934476,46.7786741457534,12.08828767342041,441.61940738472975,1834.2095149172487
2025-03-22 20:00:00,41.89030871930548,FR,308.28909140945206,23.499668595872784,9.38122252650989,158.3569797808744,20,5,3,1,32.2379810831854,31.386884047525236,57.4412663011636,40.78390681932391,33.97540004467462,4.064775834183725,38.46645137277701,9.704413335145977,46.8247742249193,12.066522048830063,552.2344241158495,1485.5820659504102
2025-03-22 21:00:00,36.456220925221814,FR,-16.940524790721042,20.496542225693357,8.825511574883599,97.84328363971102,21,5,3,1,41.89030871930548,34.733361945424626,56.330795708560856,44.244867457905,34.80698707588013,3.957870158638256,36.810236807498754,7.90811831223227,46.500247286057494,12.242380599603843,420.1082432096308,863.5170322868887
2025-03-22 22:00:00,55.02928247784067,FR,323.73466177458,16.256141664624952,8.967603382090418,0.0,22,5,3,1,36.456220925221814,32.2379810831854,58.05552826837716,42.85667955476073,38.62233986641721,8.863356754588382,36.55804965828738,7.1841348136299,47.00743907451916,12.336655022632382,264.2621418203553,0.0
2025-03-22 23:00:00,48.449101077561636,FR,291.92271498326704,19.70682906990773,6.931496000769659,0.0,23,5,3,1,55.02928247784067,41.89030871930548,43.452295081249034,59.649636894460386,41.4660427047566,8.814635611215866,36.974450157980094,7.7431232517785205,46.54075008214838,12.046046385918721,388.3591119905604,0.0
2025-03-23 00:00:00,44.90544469090247,FR,505.7489645869635,15.226895728191788,3.676879846362331,0.0,0,6,3,1,48.449101077561636,36.456220925221814,37.04008670522867,51.560397077542824,43.16138982900291,8.218811220336647,37.62989665678625,8.07497019069031,46.263460399371695,12.001989670842637,231.85835351722534,0.0
2025-03-23 01:00:00,47.42161255023089,FR,885.0998950727201,19.05267762690453,10.17787110961221,0.0,1,6,3,1,44.90544469090247,55.02928247784067,32.776352811335926,46.819557554523215,45.69199507351049,6.295222807220505,38.850334968360826,8.375851411787819,46.28854602419285,12.003831560019085,363.0045247547484,0.0
2025-03-23 02:00:00,58.243353020864,FR,788.2198136039807,16.342831269686748,7.025890774088011,0.0,2,6,3,1,47.42161255023089,48.449101077561636,30.089957630524744,59.11375898781722,48.41750245710358,7.702760221653899,41.196451250889105,9.558421105570348,46.25227910890313,11.964649224706129,267.08813390945096,0.0
2025-03-23 03:00:00,57.0304787883115,FR,862.8407002245035,12.375053536600575,6.258014158018579,0.0,3,6,3,1,58.243353020864,44.90544469090247,31.466698737988736,53.274384363804145,51.84654543428519,5.607560362980106,43.32676625508267,10.029896193761717,46.40878304325761,12.084461631402048,153.1419500337304,0.0
2025-03-23 04:00:00,63.13859660992545,FR,661.0414736962355,15.191223384829847,9.370523509932807,0.0,4,6,3,1,57.0304787883115,47.42161255023089,32.13716573461823,63.50401715817725,53.19809778963266,7.261461397979253,45.91021882802493,10.845182131316871,46.393557187080454,12.06219564314364,230.7732679278012,0.0
2025-03-23 05:00:00,62.36275807199259,FR,1132.2136263499783,12.440575630475532,7.199540406266561,0.0,5,6,3,1,63.13859660992545,58.243353020864,31.386884047525236,65.78954784416189,55.51704062203782,7.6526748438926635,48.491541663397214,10.760186689571018,46.25077427990672,11.840869904509685,154.7679220175817,0.0
2025-03-23 06:00:00,59.03840973647113,FR,1129.0968362282151,14.024368806811326,10.103438454198063,435.1257329064803,6,6,3,1,62.36275807199259,57.0304787883115,34.733361945424626,55.29914270799694,57.87253479629927,5.6448404182271865,50.51696231265108,10.208368959118081,46.40657707275982,11.988782190230813,196.68292042946254,4396.266062258449
2025-03-23 07:00:00,53.59305978586211,FR,1415.6138578056261,13.639575701318824,9.217577585258216,450.70310560702234,7,6,3,1,59.03840973647113,63.13859660992545,32.2379810831854,62.643909022425746,58.90110933557113,3.5232216453358536,52.29655220454081,8.44046909261934,46.02945835456967,11.591586160715599,186.03802531200688,4154.3908438495555
2025-03-23 08:00:00,47.803125543051785,FR,871.4570549016192,11.64207739167721,9.350704332505774,606.5928449544554,8,6,3,1,53.59305978586211,62.36275807199259,41.89030871930548,57.4412663011636,57.161071422602426,5.772896379961969,52.78928693985301,7.935216288474981,45.627869156315,11.343333543186588,135.53796599380163,5672.070343382629
2025-03-23 09:00:00,49.9879201482533,FR,897.3834561260616,12.980466809885476,5.251654263703751,560.8357236390921,9,6,3,1,47.803125543051785,59.03840973647113,36.456220925221814,56.330795708560856,55.9873116492594,6.477691499359106,53.9169285417723,6.1678339830556235,45.36358267463552,11.155460812611901,168.4925186025384,2945.315319286616
2025-03-23 10:00:00,52.85355732672478,FR,799.876736742151,17.46479189304087,10.407453656877621,744.0119874524448,10,6,3,1,49.9879201482533,53.59305978586211,55.02928247784067,58.05552826837716,54.27313843539262,5.492752252320734,53.73561811251264,6.164140298892226,45.14683388540001,10.946720281298385,305.01895586722617,7743.270279572734
2025-03-23 11:00:00,45.749704381914405,FR,944.9001785039554,15.895823468838321,8.506066748572533,726.831813902913,11,6,3,1,52.85355732672478,47.803125543051785,48.449101077561636,43.452295081249034,51.50429615371292,4.734124908388002,53.51066838787537,6.418603707385247,45.242559272927735,10.941301535668957,252.67720375247114,6182.479924044228
2025-03-23 12:00:00,34.58007363345617,FR,480.94089352260966,17.06326450805495,7.245011407612413,727.6520042926179,12,6,3,1,45.749704381914405,49.9879201482533,44.90544469090247,37.04008670522867,47.427906803210426,6.957362041133457,52.65022079975484,8.13866367931675,45.14005872827054,11.032626938708136,291.1549956718477,5271.847071872054
2025-03-23 13:00:00,38.089829588719454,FR,426.3947826028074,17.217418100640575,8.270342620789322,699.7752619188312,13,6,3,1,34.58007363345617,52.85355732672478,47.42161255023089,32.776352811335926,44.84403510368665,7.087406434849381,51.87257221962889,9.075572166068397,45.36145359399486,10.82509533108413,296.4394860522657,5787.381173621321
2025-03-23 14:00:00,36.09559595399612,FR,371.579301943308,21.09820832673819,4.43109522030818,640.6824604208311,14,6,3,1,38.089829588719454,45.749704381914405,58.243353020864,30.089957630524744,42.89278017217737,7.695339451184506,50.0269257973899,9.878697535765534,45.6116885241395,10.521895501407608,445.13439459844477,2838.9249881060296
2025-03-23 15:00:00,27.432920104053593,FR,183.76843403799808,25.289097844376933,8.800871309066162,657.5139563389854,15,6,3,1,36.09559595399612,34.58007363345617,57.0304787883115,31.466698737988736,39.133613498144086,8.943930946643853,47.56046257370175,11.528278921467743,45.44361441439221,10.786556579022525,639.53846978247,5786.695713654358
2025-03-23 16:00:00,31.200031390262648,FR,-22.299424802324893,19.669488843940556,5.924822669740676,532.0179934924024,16,6,3,1,27.432920104053593,38.089829588719454,63.13859660992545,32.13716573461823,35.52469250873373,6.269425907496115,44.89891547206317,11.289145295650309,45.40456715004405,10.83839181378898,386.88879138190197,3152.1122685537334
2025-03-23 17:00:00,30.29447364310514,FR,55.855085435127336,22.177319637733515,5.278225114417751,342.2331806065246,17,6,3,1,31.200031390262648,36.09559595399612,62.36275807199259,31.386884047525236,32.94882071893219,3.9880354752343377,42.226558436322556,10.550738163887264,45.35905004985988,10.901927863782625,491.8335063142006,1806.3837688644242
2025-03-23 18:00:00,24.88259421109139,FR,214.72634997195442,24.939364988072693,4.938847313669037,294.14067691464993,18,6,3,1,30.29447364310514,27.432920104053593,59.03840973647113,34.733361945424626,31.332574148538054,5.024970465692798,39.38024047587424,10.204523388968788,44.948601394262674,11.488999422954459,621.9719260083061,1452.715892020711
2025-03-23 19:00:00,33.96190842553728,FR,-188.26597302674622,21.60435248458742,10.20894243608467,250.12104660448057,19,6,3,1,24.88259421109139,31.200031390262648,53.59305978586211,32.2379810831854,30.64458728800769,4.114962528145116,37.74431119584717,9.247575543275541,45.02043170019399,11.411201974381914,466.7480462782986,2553.471366838393
2025-03-23 20:00:00,37.42656096536007,FR,93.5812329371559,22.003698224649234,6.725038898719243,190.49994915827773,20,6,3,1,33.96190842553728,30.29447364310514,47.803125543051785,41.89030871930548,30.866414789901683,4.486669363352565,36.87959748103953,8.689819797006962,44.83444221044626,11.500465386042519,484.1627355614319,1281.1195682934558
2025-03-23 21:00:00,43.194761307287976,FR,6.422446418891525,18.041391802994564,11.051021105937817,99.68320213971364,21,6,3,1,37.42656096536007,24.88259421109139,49.9879201482533,36.456220925221814,33.493388323774084,6.315763014699627,36.313500910959085,7.947842681757789,45.115214726365686,11.368526650785427,325.49181818915946,1101.6011707534412
2025-03-23 22:00:00,46.69744690506708,FR,489.00932578496827,19.885489270345474,6.911962760000224,0.0,22,6,3,1,43.194761307287976,33.96190842553728,52.85355732672478,55.02928247784067,36.07629090957482,8.10559898683068,35.80049170915428,6.914707402682816,44.768054910833456,11.1782405079014,395.43268352102496,0.0
2025-03-23 23:00:00,38.432417498951146,FR,65.95309649198424,17.39026012541872,4.568849770918926,0.0,23,6,3,1,46.69744690506708,37.42656096536007,45.749704381914405,48.449101077561636,37.43261488554916,7.610360148009478,35.19071780224068,6.24807805399124,44.35069309505801,11.221737482485887,302.4211472297283,0.0
2025-03-24 00:00:00,49.50210727340827,FR,388.2156305456823,18.430821345299996,5.750516806207502,0.0,0,0,3,0,38.432417498951146,43.194761307287976,34.58007363345617,44.90544469090247,41.53586706260197,5.945375764615588,36.43422060557001,7.479126496689778,44.542220702662426,11.270737312038534,339.69517546236597,0.0
2025-03-24 01:00:00,60.351251376579754,FR,704.8518975641646,17.577031632269435,10.455188926118698,0.0,1,0,3,0,49.50210727340827,46.69744690506708,38.089829588719454,47.42161255023089,45.93409088777571,8.453698190273277,38.289339087891705,10.19490251183173,45.0809556537603,11.71462826686041,308.9520410018003,0.0
2025-03-24 02:00:00,63.39992069920912,FR,1063.1048058468682,19.258039876965174,7.671769330231484,0.0,2,0,3,0,60.351251376579754,38.432417498951146,36.09559595399612,58.243353020864,50.26298417675056,9.773088646260366,40.56469948332612,12.45682737317194,45.29581264035801,12.010096669416825,370.8720999027808,0.0
2025-03-24 03:00:00,65.72303114647099,FR,840.4033383786763,14.325141129015721,6.886991093123617,0.0,3,0,3,0,63.39992069920912,49.50210727340827,27.432920104053593,57.0304787883115,54.017695816614385,10.789183743181955,43.75554207019423,13.635576247755587,45.658002321948,12.500428200879163,205.2096683662178,0.0
2025-03-24 04:00:00,83.8322515927386,FR,821.9727965535797,13.176960749194446,8.303602137810396,0.0,4,0,3,0,65.72303114647099,60.351251376579754,31.200031390262648,63.13859660992545,60.20682993122631,15.411176688944941,48.141560420400566,17.222802669696314,46.520237946231866,14.337326692675271,173.63229458581105,0.0
2025-03-24 05:00:00,67.8510225025907,FR,1359.1943270326524,12.58981066724589,8.98713115843991,0.0,5,0,3,0,83.8322515927386,63.39992069920912,30.29447364310514,62.36275807199259,65.10993076516624,11.203464564678079,51.2712728253577,17.096723349206556,46.74891563084012,14.641539219066487,158.50333263709842,0.0
2025-03-24 06:00:00,70.08038250065849,FR,710.3972199167513,11.508666325616003,10.218363317909741,413.9732465828876,6,0,3,0,67.8510225025907,65.72303114647099,24.88259421109139,59.03840973647113,68.53964330304127,8.22328108494691,55.03775518282162,15.674127546123916,47.20899782934793,15.207067710370886,132.44940059436777,4230.129037478583
2025-03-24 07:00:00,67.59703719367015,FR,543.2017218205178,13.243255208323749,10.880564145890672,492.67289898882484,7,0,3,0,70.08038250065849,83.8322515927386,33.96190842553728,53.59305978586211,69.74727427255634,7.255346547135013,57.84068258016603,14.528118322154866,47.7924968880066,15.7226055568589,175.3838085127941,5360.559080389824
2025-03-24 08:00:00,63.634317923010094,FR,1021.015591902886,12.64016533605139,7.264028394526648,554.1772151505943,8,0,3,0,67.59703719367015,67.8510225025907,37.42656096536007,47.803125543051785,69.78634047652316,7.214852022484447,60.024662326636864,13.077812857847437,48.4521299038382,16.05172060394568,159.77377972271518,4025.5590264536204
2025-03-24 09:00:00,55.64414868538668,FR,753.1425457227515,14.500665881730121,5.331470313940743,591.0115110721196,9,0,3,0,63.634317923010094,70.08038250065849,43.194761307287976,49.9879201482533,68.10652673300912,9.239382113539275,61.06211127481175,12.076832848636439,48.68780609288542,16.11664186361061,210.269311013572,3150.9603264782663
2025-03-24 10:00:00,57.36640945757376,FR,545.7534365738574,17.93624278376496,7.156635363858268,682.1017555893102,10,0,3,0,55.64414868538668,67.59703719367015,46.69744690506708,52.85355732672478,63.69555304381498,5.968960924743321,61.951191487520646,11.290292991463161,48.875841598337466,16.19350034758346,321.70880519816063,4881.553545800266
2025-03-24 11:00:00,45.815109588575524,FR,771.0808120111312,14.448720818011125,8.373730562051232,652.7294108018064,11,0,3,0,57.36640945757376,63.634317923010094,38.432417498951146,45.749704381914405,60.02290089147912,8.940408954252817,62.566415828322675,10.022140360284922,48.87856681528168,16.192956867995537,208.76553327682808,5465.78021598078
2025-03-24 12:00:00,44.62467449331607,FR,548.7601427542398,20.046750372316037,5.925651696464239,742.7777829510356,12,0,3,0,45.815109588575524,55.64414868538668,49.50210727340827,34.58007363345617,55.78028289025537,9.247790614094592,62.15996309664833,10.67760506706792,49.29709185110917,15.935082126421005,401.8722004899532,4401.442429639751
2025-03-24 13:00:00,39.797107220318026,FR,257.7747513013939,21.658325209538017,5.938867719095375,770.5480839173699,13,0,3,0,44.62467449331607,57.36640945757376,60.351251376579754,38.089829588719454,51.14696122803002,9.10635339403879,60.44711775029319,12.489062721742723,49.368228419092446,15.88661304826087,469.08305088211,4576.183141587662
2025-03-24 14:00:00,39.578379752283546,FR,-6.060879734178712,19.911304957088117,8.540745311985232,706.6394193235129,14,0,3,0,39.797107220318026,45.815109588575524,63.39992069920912,36.09559595399612,47.1376381995756,7.6951716542253035,58.461989338049385,13.801317219615916,49.51334441068775,15.775622170711555,396.4600650941618,6035.227307851259
2025-03-24 15:00:00,48.4255001184268,FR,320.9380750627554,16.816770023392458,7.755864845744559,561.0072499249213,15,0,3,0,39.578379752283546,44.62467449331607,65.72303114647099,27.432920104053593,45.93453010508228,6.583181405590536,57.0205284190457,13.877105408487191,50.38803524461997,15.064054700430743,282.80375401967115,4351.096407900529
2025-03-24 16:00:00,26.09507989757627,FR,197.02753369951296,20.48534251377924,7.918763539708634,543.0708658636553,16,0,3,0,48.4255001184268,39.797107220318026,83.8322515927386,31.200031390262648,40.722641845082705,7.957696032048837,52.209097444448844,13.744523041866872,50.1753289324247,15.37950986466251,419.6492579068512,4300.449772079111
2025-03-24 17:00:00,38.434731002747704,FR,-2.798085900410765,24.61930163302922,6.336178879485322,375.9295885979499,17,0,3,0,26.09507989757627,39.578379752283546,67.8510225025907,30.29447364310514,39.49257874744473,7.574267062249187,49.75773981946193,13.317741246552083,50.51450632240982,15.00725431256092,606.1100128980752,2381.9571194479363
2025-03-24 18:00:00,27.53386634429625,FR,369.32739920953316,21.965619568163078,7.392368120473926,378.61951555878386,18,0,3,0,38.434731002747704,48.4255001184268,70.08038250065849,24.88259421109139,36.6441107226081,8.424219640022367,46.212196806431734,13.076783016326283,50.62497599462667,14.818948939142528,482.4884430132687,2798.8948366060354
2025-03-24 19:00:00,34.8133122948487,FR,-196.9798664097647,19.661462618008034,6.004703260348852,281.9435048572449,19,0,3,0,27.53386634429625,26.09507989757627,67.59703719367015,33.96190842553728,35.81347823502988,8.295879901597976,43.48021973152996,11.536832634039206,50.660451155847994,14.778288099738866,386.57311227932735,1692.9870828504806
2025-03-24 20:00:00,45.067391318355725,FR,-238.11773607716708,19.985836605212338,9.633566371135034,81.50918302339177,20,0,3,0,34.8133122948487,38.434731002747704,63.634317923010094,37.42656096536007,36.728313496041906,9.061423721458679,41.932975847808756,9.68451179409588,50.97881908722281,14.561508602674747,399.43366481024543,785.2241245128375
2025-03-24 21:00:00,43.10090518688891,FR,8.064995430477296,21.743850727816433,9.923668218332967,44.42343438909024,21,0,3,0,45.067391318355725,27.53386634429625,55.64414868538668,43.194761307287976,35.84088100745226,7.869021930933939,40.88770555626727,8.696625124727214,50.97490841553952,14.563702436166972,472.7950444735632,440.8434239962146
2025-03-24 22:00:00,41.03971275524604,FR,240.88279672890022,20.01877402785194,4.160793824409273,0.0,22,0,3,0,43.10090518688891,34.8133122948487,57.36640945757376,46.69744690506708,38.33165315039722,6.3942328360449885,39.52714749773997,6.994843420916502,50.7391694926303,14.681266600097405,400.75131357819936,0.0
2025-03-24 23:00:00,46.74424579243676,FR,419.2583673132776,17.183116272607432,5.99414782850064,0.0,23,0,3,0,41.03971275524604,45.067391318355725,45.815109588575524,38.432417498951146,39.716572282012066,7.262012830040367,39.6045755147284,7.075452306006378,51.085495671525535,14.474918658051912,295.25948483794633,0.0
2025-03-25 00:00:00,57.58922121765726,FR,451.75278842873405,15.6221443458299,4.860111038705303,0.0,0,1,3,0,46.74424579243676,43.10090518688891,44.62467449331607,49.50210727340827,44.725798094238904,7.538479267107354,40.6849544084235,8.712174049403195,51.42245875253591,14.530479931546926,244.05139396194514,0.0
2025-03-25 01:00:00,54.12424188195077,FR,699.8206018541197,14.315175046571293,6.553121680071665,0.0,1,1,3,0,57.58922121765726,41.03971275524604,39.797107220318026,60.351251376579754,47.94428635875591,6.512522076088502,41.87888229689289,9.523379618173848,51.16300002359304,14.419283773341808,204.9242366139774,0.0
2025-03-25 02:00:00,61.91328389255795,FR,499.69211516191115,12.130524039449945,7.686293609304739,0.0,2,1,3,0,54.12424188195077,46.74424579243676,39.578379752283546,63.39992069920912,50.75193512112295,8.385985172258058,43.74012430858243,11.087079401865756,51.10105682331591,14.36753044183488,147.149613471673,0.0
2025-03-25 03:00:00,63.375651914459816,FR,1142.3063114079257,16.29305797704646,4.953879109488401,0.0,3,1,3,0,61.91328389255795,57.58922121765726,48.4255001184268,65.72303114647099,54.131059575718105,8.762794196974275,44.98597029158518,12.421141206600376,51.00324935531544,14.271330904782808,265.46373824339724,0.0
2025-03-25 04:00:00,61.310592401435905,FR,916.5824662137055,11.77715899312644,6.009449922634834,0.0,4,1,3,0,63.375651914459816,54.12424188195077,26.09507989757627,83.8322515927386,57.50953951674975,6.254764271218937,47.920596333573485,11.690771125871205,50.064846889011164,12.669363810754518,138.70147394937896,0.0
2025-03-25 05:00:00,75.71629039575149,FR,1206.4220794621597,14.531790921261216,5.8452548047224635,0.0,5,1,3,0,61.310592401435905,61.91328389255795,38.434731002747704,67.8510225025907,62.33821361730221,7.366247995089544,51.02739294965713,13.718627579952184,50.39256638455953,13.238390869787029,211.1729473792499,0.0
2025-03-25 06:00:00,67.57214941134555,FR,1068.5450692755408,15.154062830601287,8.267704207683348,432.7703556544148,6,1,3,0,75.71629039575149,63.375651914459816,27.53386634429625,70.08038250065849,64.00203498291692,7.204712256433691,54.36391653857791,12.27859433603625,50.28805667250483,13.085223444660562,229.6456202738115,3578.0172904046244
2025-03-25 07:00:00,52.7013154429161,FR,1074.313556975291,14.459341133215293,7.991858222957962,416.4085915935554,7,1,3,0,67.57214941134555,61.310592401435905,34.8133122948487,67.59703719367015,63.76488057641112,7.607067842357404,55.854583467583524,10.669735146018288,49.66740159955673,12.571722194749524,209.0725460066917,3327.8784268372992
2025-03-25 08:00:00,61.309633240328246,FR,1046.9661579386602,12.264159346412358,6.409694442210954,494.39165414225886,8,1,3,0,52.7013154429161,75.71629039575149,45.067391318355725,63.634317923010094,63.664272134372844,7.640373062111176,57.2081036277479,10.19663750556597,49.570539737778326,12.467959298118918,150.4096044741936,3168.8994378311168
2025-03-25 09:00:00,53.91156258474647,FR,943.0951025967368,14.867635925383118,8.206811293164257,622.0477566858914,9,1,3,0,61.309633240328246,67.57214941134555,43.10090518688891,55.64414868538668,62.08692391275395,8.62531599532141,58.10899174423603,9.27264070868667,49.49834865025165,12.436238919775933,221.04659800974272,5105.028554457265
2025-03-25 10:00:00,57.83373002908854,FR,878.5445519735088,15.149088315286216,6.75980937971093,635.2074223372043,10,1,3,0,53.91156258474647,52.7013154429161,41.03971275524604,57.36640945757376,61.50744685069606,8.802869824092747,59.5084931837229,7.573955105219382,49.517820340731426,12.449452558499637,229.49487678434136,4293.8810915770355
2025-03-25 11:00:00,45.71663196909988,FR,895.2400285777469,14.551119951349959,7.05476599070121,681.1041791680121,11,1,3,0,57.83373002908854,61.309633240328246,46.74424579243676,45.815109588575524,56.50750377958746,7.548703215130818,59.422858698444834,7.7354801250254885,49.51371710658662,12.45074216260329,211.73509183857482,4805.030599318955
2025-03-25 12:00:00,45.23508531968162,FR,539.3042339402941,18.31242953774096,10.94498039195039,736.9826575862336,12,1,3,0,45.71663196909988,53.91156258474647,57.58922121765726,44.62467449331607,52.78465976431014,6.424923824559481,58.39334737361353,8.756432153420551,49.539150891018515,12.440940437728683,335.3450755747276,8066.2607364888145
2025-03-25 13:00:00,44.74886135436583,FR,512.391228966442,16.56273321677849,10.278998314934011,592.6062348258092,13,1,3,0,45.23508531968162,57.83373002908854,54.12424188195077,39.797107220318026,51.459250749551764,7.216995028790021,57.61206566298144,9.553904810105431,49.74547397993717,12.312751916084927,274.3241316101776,6091.398489193882
2025-03-25 14:00:00,43.49778502620254,FR,232.0528611425548,22.41951851223321,4.998913737498121,719.024007567187,14,1,3,0,44.74886135436583,45.71663196909988,61.91328389255795,39.578379752283546,48.490609380530806,5.897507914538052,56.077440757451825,10.253600807669123,49.90878253301713,12.197491748585449,502.63481032036765,3594.3389890185645
2025-03-25 15:00:00,30.850725249780375,FR,434.470052496621,20.027962951052668,9.257541047111665,601.1213996317589,15,1,3,0,43.49778502620254,45.23508531968162,63.375651914459816,48.4255001184268,44.6471364913698,8.567941099422995,53.367030202061876,12.252892086883172,49.17650024682353,12.802941642919722,401.1192999687383,5564.906031388223
2025-03-25 16:00:00,33.75889968133026,FR,-68.29116230407317,22.00002352395359,9.2208693203365,504.4253427718911,16,1,3,0,30.850725249780375,44.74886135436583,61.310592401435905,26.09507989757627,40.63466476674342,6.559206492752744,51.07105580871974,13.175692600546233,49.49582607114662,12.287419201671144,484.00103505451136,4651.240167565554
2025-03-25 17:00:00,32.628703495070354,FR,377.22517343762894,22.488606007239092,5.301549633848079,436.1249580748098,17,1,3,0,33.75889968133026,43.49778502620254,75.71629039575149,38.434731002747704,38.45334335440516,6.7057586548727,47.480423566996315,11.629151156438619,49.253908258326724,12.568599318510635,505.73740014883015,2312.138111793517
2025-03-25 18:00:00,32.330799537375945,FR,-8.031590128868682,21.390263469592494,9.235631498863038,348.121467751026,18,1,3,0,32.628703495070354,30.850725249780375,67.57214941134555,27.53386634429625,36.30262905735422,6.141271569791019,44.54364441083218,10.487855842491323,49.45378047470504,12.2420789962111,457.5433712985831,3215.121592991809
2025-03-25 19:00:00,46.000242825201354,FR,-269.1179335681438,22.73017240978821,10.673940048178421,172.85326904187167,19,1,3,0,32.330799537375945,33.75889968133026,52.7013154429161,34.8133122948487,36.5111926358268,6.496459999835012,43.98522169268929,10.188132012694778,49.9199025801364,11.867648013561013,516.6607377786971,1845.0254308845933
2025-03-25 20:00:00,41.64754688832367,FR,92.60818108993855,19.94229685866353,5.352986598864488,249.74691137266177,20,1,3,0,46.000242825201354,32.628703495070354,61.309633240328246,45.067391318355725,36.202819612846994,6.1321947277847935,42.346714496688904,8.607034073846583,49.777409062218396,11.948698843260498,397.6952039990612,1336.8918696856556
2025-03-25 21:00:00,36.475085319736365,FR,10.236277911749994,21.701922993961624,5.763070569324789,104.57890819823935,21,1,3,0,41.64754688832367,32.330799537375945,53.91156258474647,43.10090518688891,37.14021295783966,5.552945844178864,40.89367472460473,7.921695261476017,49.50133323442038,12.183897386960036,470.97346163584024,602.6956280093921
2025-03-25 22:00:00,51.01774638016645,FR,418.1287097977446,16.13006525519549,9.633399145040322,0.0,22,1,3,0,36.475085319736365,46.000242825201354,57.83373002908854,41.03971275524604,40.01668740764569,7.558889608844558,40.32567608719456,6.755103778998162,49.91708463545873,12.052135447735948,260.17900513686476,0.0
2025-03-25 23:00:00,60.93154532379977,FR,240.06568158826101,17.810457354279453,8.141066833004611,0.0,23,1,3,0,51.01774638016645,41.64754688832367,45.71663196909988,46.74424579243676,44.73382771243393,10.344317860773444,41.59358553341954,8.935089189283158,50.50822211593219,12.236271947520752,317.21239116860704,0.0
2025-03-26 00:00:00,59.35355877573962,FR,410.76331335704407,20.13036889181565,8.701028761832362,0.0,0,2,3,0,60.93154532379977,36.475085319736365,45.23508531968162,57.58922121765726,49.23762091882787,9.728525777320227,42.77012498809105,10.285643988494952,50.58173618085229,12.28586286491357,405.2317517205792,0.0
2025-03-26 01:00:00,50.17922521076639,FR,251.50137636215413,12.994746419687594,8.27925464415431,0.0,1,2,3,0,59.35355877573962,51.01774638016645,44.74886135436583,54.12424188195077,49.934117983088704,9.599129353834966,43.22265530945776,10.497883592073734,50.4173604862196,12.262775076556043,168.86343451198354,0.0
2025-03-26 02:00:00,58.40982058031682,FR,659.5387361501846,12.516572191637055,8.379468053209605,0.0,2,2,3,0,50.17922521076639,60.93154532379977,43.49778502620254,61.91328389255795,52.72783026508757,9.132992126119397,44.46532493896728,11.37902663174718,50.271382848209555,12.140216575302707,156.66457942846202,0.0
2025-03-26 03:00:00,69.48234846087387,FR,368.7775252674824,13.986840021665213,4.94513195473115,0.0,3,2,3,0,58.40982058031682,59.35355877573962,30.850725249780375,63.375651914459816,58.22904078861049,7.0998589316742,47.68462687322508,12.57859653906354,50.52582853764347,12.485882906199073,195.63169379165572,0.0
2025-03-26 04:00:00,61.030246811371086,FR,616.2321371950746,12.677681219668122,9.692711624596212,0.0,4,2,3,0,69.48234846087387,50.17922521076639,33.75889968133026,61.310592401435905,59.897790860477926,6.183455531835204,49.95723913406181,12.294250303111205,50.51414747139078,12.475481434858494,160.72360110752578,0.0
2025-03-26 05:00:00,67.215667089856,FR,1135.0458443733937,12.695451802397148,9.937256196208864,0.0,5,2,3,0,61.030246811371086,58.40982058031682,32.628703495070354,75.71629039575149,60.945144488153964,6.885877984114124,52.839486100293946,11.910734321657989,50.15995483364514,11.83298180495912,161.17449646698898,0.0
2025-03-26 06:00:00,68.27572456690218,FR,1157.1600317301663,12.986522711291519,7.139294723217261,319.858967210802,6,2,3,0,67.215667089856,69.48234846087387,32.330799537375945,67.57214941134555,62.43217212001439,7.416378229351804,55.834896519421136,10.747189668196691,50.18927046512665,11.878778136525046,168.64977213089043,2283.5674367818015
2025-03-26 07:00:00,58.192376018313716,FR,1068.0544255015272,13.628879998282718,7.511122311725591,462.19981331759004,7,2,3,0,68.27572456690218,61.030246811371086,46.000242825201354,52.7013154429161,63.767697254605615,5.141064654649125,56.85090761884715,10.299924523371809,50.41806465576823,11.981700750566636,185.74637000759074,3471.639330285154
2025-03-26 08:00:00,60.079734886172105,FR,739.6174732663768,15.243517380000707,4.535861206241872,548.50220936841,8,2,3,0,58.192376018313716,67.215667089856,41.64754688832367,61.309633240328246,64.04601630558149,4.82870963976277,58.386923285334525,9.135066878125977,50.36681889101172,11.93563370474446,232.36482211438363,2487.929893012128
2025-03-26 09:00:00,41.014158208243046,FR,844.0111193648778,14.77653078280673,8.626585723388986,562.1060786741903,9,2,3,0,60.079734886172105,68.27572456690218,36.475085319736365,53.91156258474647,59.30131793014302,9.82264717879688,58.76517935937676,8.19041183917767,49.82942704199073,12.058807332484184,218.3458619752349,4849.056273320936
2025-03-26 10:00:00,48.44962514843597,FR,749.2794921818863,14.611681943070769,8.742191094781605,617.5001981157515,10,2,3,0,41.014158208243046,58.192376018313716,51.01774638016645,57.83373002908854,57.20454765298717,10.684693309373518,58.55116925673255,8.440969591397428,49.43842267196356,11.93953416436059,213.50124920546037,5398.304732993399
2025-03-26 11:00:00,48.41639490429758,FR,397.736584712752,17.600706168957988,7.1050524424335615,682.5407707733074,11,2,3,0,48.44962514843597,60.079734886172105,60.93154532379977,45.71663196909988,54.071335622060765,9.888582973788049,57.508240055107365,8.881772392688367,49.550912794263446,11.915638367988574,309.78485764599577,4849.487970443373
2025-03-26 12:00:00,39.569851617191866,FR,800.6796603534301,21.360509937830496,9.478141196173189,655.1678886342396,12,2,3,0,48.41639490429758,41.014158208243046,59.35355877573962,45.23508531968162,49.28702346377572,8.486588033209916,55.859597791895055,10.240334742464414,49.31486138999305,12.060092285577344,456.2713848041554,6209.773755673994
2025-03-26 13:00:00,50.385981479121725,FR,546.0629355638739,18.552580400075257,6.5612800144723025,730.1732239737802,13,2,3,0,39.569851617191866,48.44962514843597,50.17922521076639,44.74886135436583,47.98595770724372,7.373691805453568,55.87682748092467,10.230077279312535,49.54974139519121,12.022133377303554,344.1982395012566,4790.870981561972
2025-03-26 14:00:00,32.018302165548775,FR,205.80716523406736,17.99213621971111,8.358646328219384,634.6485313021813,14,2,3,0,50.385981479121725,48.41639490429758,58.40982058031682,43.49778502620254,43.3090522538065,7.061480914530272,53.677534279693994,12.269584647748355,49.07142960933064,12.492542654269736,323.7169657486404,5304.8026158788025
2025-03-26 15:00:00,34.65198485157434,FR,151.8237772056326,23.06839397796571,5.190105799047952,452.13796244920974,15,2,3,0,32.018302165548775,39.569851617191866,69.48234846087387,30.850725249780375,42.24869002769504,7.902589860981286,50.775003978919024,12.310575555882773,49.22981542607206,12.273668455962413,532.1508007226446,2346.6438608773688
2025-03-26 16:00:00,36.08510874696547,FR,108.66385969729126,21.253976978043028,7.182330174683708,506.2588971689098,16,2,3,0,34.65198485157434,50.385981479121725,61.030246811371086,33.75889968133026,40.18793729411663,7.567199738519382,48.6962424735519,12.525686333243893,49.32674080380685,12.154791809504003,451.731537383183,3636.1185533383573
2025-03-26 17:00:00,42.20979649620572,FR,-391.3098868293923,17.473726265861046,6.8807259606265125,388.65947474368363,17,2,3,0,36.08510874696547,32.018302165548775,67.215667089856,32.628703495070354,39.15350422610131,6.576817600793652,46.612419924081046,11.171465662745028,49.72595301218749,11.732522111936333,305.3311096142422,2674.2593377123285
2025-03-26 18:00:00,28.418134944347308,FR,-49.435476504119386,23.4999518650438,7.680050320514067,268.43620922695277,18,2,3,0,42.20979649620572,34.65198485157434,68.27572456690218,32.330799537375945,37.29488478062722,7.881886319626037,43.29095412220147,10.009839307547828,49.562925320811296,12.008677299619135,552.2477376593756,2061.60359471104
2025-03-26 19:00:00,42.98879038457066,FR,-119.3597627440939,20.383163528672128,6.4903806187654665,197.54200230298932,19,2,3,0,28.418134944347308,36.08510874696547,58.192376018313716,46.000242825201354,36.06201959820205,5.7016606122533915,42.02398865272288,8.846890686359904,49.437448135785026,12.063131535542153,415.4733554365896,1282.1227831394451
2025-03-26 20:00:00,39.673803638616825,FR,-133.3367038712024,20.608072701042566,6.966489285088848,180.47042359164848,20,2,3,0,42.98879038457066,42.20979649620572,60.079734886172105,41.64754688832367,37.337936510380054,5.467544570744118,40.32349438209327,6.780690842792972,49.3552088337139,12.12511613456129,424.6926604514558,1257.2452722266648
2025-03-26 21:00:00,37.871961836171835,FR,90.2265508295352,20.520324153927476,8.881528819315196,168.94466799712,21,2,3,0,39.673803638616825,28.418134944347308,41.014158208243046,36.475085319736365,37.8745993411463,5.306845069096263,40.06164468442067,6.812192701951983,49.413412021898715,12.063798209602599,421.0837033822594,1500.486937686059
2025-03-26 22:00:00,48.73895401620892,FR,609.5373053699043,19.10005906898943,6.3559060019557485,0.0,22,2,3,0,37.871961836171835,42.98879038457066,48.44962514843597,51.01774638016645,39.98357355268688,6.766953753443112,40.08575542340175,6.84501257410249,49.31846234006715,12.059589114106329,364.8122564388854,0.0
2025-03-26 23:00:00,51.31606281660395,FR,498.75904970214117,18.873636923207016,4.016280274954825,0.0,23,2,3,0,48.73895401620892,39.673803638616825,48.41639490429758,60.93154532379977,41.501284606086585,8.229299833874864,40.32739441609395,7.207418814776348,48.91781723560066,11.814230873616971,356.2141707090432,0.0
2025-03-27 00:00:00,51.19014808718991,FR,385.7642020434406,15.278573246301706,10.728602284843024,0.0,0,3,3,0,51.31606281660395,37.871961836171835,39.569851617191866,59.35355877573962,45.29662012989368,5.9141308547142915,41.295752455260455,7.848501214244855,48.577675123577755,11.616575942351124,233.43480044260625,0.0
2025-03-27 01:00:00,58.12508546548655,FR,743.9260788224921,15.91865575899322,9.992342633813157,0.0,1,3,3,0,51.19014808718991,48.73895401620892,50.385981479121725,50.17922521076639,47.819335976713,7.693420463015999,41.940677787457524,8.909605266552369,48.908752634191096,11.776337048216739,253.40360117332798,0.0
2025-03-27 02:00:00,58.90442296033927,FR,1029.8710873172004,13.250003871261233,4.644909086220947,0.0,2,3,3,0,58.12508546548655,51.31606281660395,32.018302165548775,58.40982058031682,51.02443919700007,7.626754598794784,44.18118785369006,9.545433054079755,48.92936106669203,11.794106060187762,175.56260258843767,0.0
2025-03-27 03:00:00,63.71537944119699,FR,1038.4801271758274,14.333680377864699,8.608850086922573,0.0,3,3,3,0,58.90442296033927,51.19014808718991,34.65198485157434,69.48234846087387,55.331675464504265,5.789568663056706,46.60313740282529,10.542800515424219,48.689070690872164,11.409639078711795,205.4543931747835,0.0
2025-03-27 04:00:00,67.87924751207022,FR,944.9387758762541,13.446287717557343,6.223484935329497,0.0,4,3,3,0,63.71537944119699,58.12508546548655,36.08510874696547,61.030246811371086,58.521724380481146,6.6410035717101135,49.25264896658401,11.601183583997141,48.97444572006796,11.810350277295463,180.80265338333348,0.0
2025-03-27 05:00:00,72.92665402985162,FR,853.5755576034195,10.02034929350315,7.756408907094303,0.0,5,3,3,0,67.87924751207022,58.90442296033927,42.20979649620572,67.215667089856,62.123489582689096,7.723455268161901,51.81238709438784,13.186396914543023,49.212403509234434,12.243450328011152,100.40739996380908,0.0
2025-03-27 06:00:00,58.21347680562125,FR,1139.644662722718,14.077147777088566,7.817882734459172,357.9026744960066,6,3,3,0,72.92665402985162,63.71537944119699,28.418134944347308,68.27572456690218,63.294044369094316,6.095701091888625,54.295332249494,11.005760539491733,48.79314318584773,11.723514378824804,198.16608953798956,2798.0411395590913
2025-03-27 07:00:00,73.49219524948546,FR,1061.6599902288842,11.184545264673392,6.76061887579954,435.75548228513776,7,3,3,0,58.21347680562125,67.87924751207022,42.98879038457066,58.192376018313716,65.85522933309414,6.689005811350194,56.83728265490356,11.660102655533612,49.430635653813226,12.63721596930901,125.094052777528,2945.9767387700344
2025-03-27 08:00:00,50.6169226688686,FR,1112.051345897766,14.537268386392862,5.661903145259391,504.20165360263195,8,3,3,0,73.49219524948546,72.92665402985162,39.673803638616825,60.079734886172105,64.47397928451569,8.901226480689582,57.749209240757885,10.572977900593811,49.03635181142557,12.4365435571504,211.3321721380173,2854.740928377728
2025-03-27 09:00:00,56.46156943341049,FR,980.5877509296677,14.588503189494697,5.848352371799665,550.2000703804525,9,3,3,0,50.6169226688686,58.21347680562125,37.871961836171835,41.014158208243046,63.265010949884605,9.497502572756781,59.29834320719444,8.567495326627528,49.67999394580756,12.402998974161065,212.82442530989692,3217.7638865738622
2025-03-27 10:00:00,56.513149387530305,FR,959.9105430638671,18.66759969964041,5.397050645469699,683.521200908802,10,3,3,0,56.46156943341049,73.49219524948546,48.73895401620892,48.44962514843597,61.37066126246128,9.526571961346342,59.946192821471215,7.96949771967754,50.01597412243648,12.477213741605008,348.47927854601465,3688.998538557074
2025-03-27 11:00:00,51.084194999938546,FR,522.362480239147,15.706010629161533,5.099711340416531,622.2174432038446,11,3,3,0,56.513149387530305,50.6169226688686,51.31606281660395,48.41639490429758,57.73025142414244,8.325055954863275,59.92687050341578,7.992571631934469,50.12713245975487,12.474226886003146,246.67876988333504,3173.1293513116248
2025-03-27 12:00:00,42.695269927913145,FR,763.4788131268651,16.759496303156382,6.628999176778709,738.8013956921737,12,3,3,0,51.084194999938546,56.46156943341049,51.19014808718991,39.569851617191866,55.143883611191086,10.317113494553128,59.2189639901427,9.131749680222622,50.257358222701576,12.375141859879971,280.88071633551243,4897.513843846381
2025-03-27 13:00:00,41.18331370767717,FR,410.1103983872195,18.676392508417653,5.3318357786559165,637.9631882548376,13,3,3,0,42.695269927913145,56.513149387530305,58.12508546548655,50.385981479121725,49.7590700208897,6.5798757121790326,57.80714967699192,10.520313033156343,49.87391373222473,12.512790250924354,348.80763712847903,3401.5149526025434
2025-03-27 14:00:00,36.704004382057775,FR,665.0521745250533,19.232219090736553,8.12745988830266,615.4871294569018,14,3,3,0,41.18331370767717,51.084194999938546,58.90442296033927,32.018302165548775,47.44025030642124,8.413216987549282,55.95711479546846,12.137522711890004,50.06915132457926,12.255995834365768,369.8782511540915,5002.346956427516
2025-03-27 15:00:00,33.9053835003382,FR,8.609045788812892,22.351500270628577,9.737848067549274,524.148113884508,15,3,3,0,36.704004382057775,42.695269927913145,63.71537944119699,34.65198485157434,43.68088598424253,8.613043601702554,53.47294846706356,13.391140992976053,50.03804293494442,12.297705905131924,499.58956434790935,5104.074697899853
2025-03-27 16:00:00,39.679416345640135,FR,414.18005874083065,18.159501916429758,5.603249274137334,499.9298926557183,16,3,3,0,33.9053835003382,41.18331370767717,67.87924751207022,36.08510874696547,40.87526381059416,5.9167268139376175,51.12296253652772,13.104475632939595,50.187805751555864,12.141288880980195,329.76750985281603,2801.231808142709
2025-03-27 17:00:00,36.788507480700375,FR,56.619243547995374,19.609084346949125,7.242164757948174,489.3522887097812,17,3,3,0,39.679416345640135,36.704004382057775,72.92665402985162,42.20979649620572,38.49264922405447,3.269754382734318,48.111450324098456,11.71729594582123,49.96191870924315,12.344896083937877,384.51618892576516,3543.9698995152576
2025-03-27 18:00:00,32.132897723941234,FR,-130.28360072288967,19.566886494937282,7.762725977483288,375.78140442219785,18,3,3,0,36.788507480700375,33.9053835003382,58.21347680562125,28.418134944347308,36.73225385672581,3.395495129841015,45.93806873395846,12.08615067989291,50.11670049172623,12.083555043430952,382.863047105759,2917.0880699633485
2025-03-27 19:00:00,41.67097100096212,FR,-79.7400799553985,23.251818911879838,7.707360298715969,308.33443981551966,19,3,3,0,32.132897723941234,39.679416345640135,73.49219524948546,42.98879038457066,36.8135300722733,3.5266498033859377,43.28630004658151,8.42842123575656,50.06179135074253,12.120291718796166,540.6470827108528,2376.4446201609644
2025-03-27 20:00:00,41.15913593790194,FR,2.9178364689166756,24.10774983816745,6.915266292709595,201.10712729669677,20,3,3,0,41.67097100096212,36.788507480700375,50.6169226688686,39.673803638616825,37.556051998247334,3.9433629246587394,42.49815115233429,8.11706275111936,50.12368019654608,12.06862425107101,581.1836022596627,1390.709338618505
2025-03-27 21:00:00,46.843815685606394,FR,231.27979868710946,19.544848883067214,8.248720593596865,47.32913515818997,21,3,3,0,41.15913593790194,32.132897723941234,56.46156943341049,37.871961836171835,39.7124573624587,4.955506533941137,41.69667167335061,7.012671016500747,50.49750744027252,11.808780604212794,382.0011178619337,390.404811856491
2025-03-27 22:00:00,49.57658085451063,FR,354.5670976070997,18.27880009040399,7.727853662238735,0.0,22,3,3,0,46.843815685606394,41.67097100096212,56.513149387530305,48.73895401620892,41.361984780603784,6.383720253551993,41.11862429559897,5.873735022343926,50.53240855853509,11.804594254415406,334.11453274495295,0.0
2025-03-27 23:00:00,46.17578928412624,FR,255.85047666102338,17.492221442508015,4.288030912222824,0.0,23,3,3,0,49.57658085451063,41.15913593790194,51.084194999938546,51.31606281660395,42.92653174784143,6.185929150698299,40.70959048594795,5.254980396196881,50.31823049468186,11.83634662061107,305.9778109937372,0.0
2025-03-28 00:00:00,51.390327271999034,FR,495.1290815478034,18.370686420010486,8.501667885655966,0.0,0,4,3,0,46.17578928412624,46.843815685606394,42.695269927913145,51.19014808718991,46.136103339184395,4.11470041972468,41.4341785979551,6.087228723621176,50.326571294048904,11.83705826409102,337.4821195423577,0.0
2025-03-28 01:00:00,61.512543066152766,FR,1057.8635942736332,12.935121721612617,8.537937431410905,0.0,1,4,3,0,51.390327271999034,49.57658085451063,41.18331370767717,58.12508546548655,49.44303201671617,6.863477630618031,43.128281044494734,8.400410586299909,50.467715360743334,11.9537111458704,167.31737395293456,0.0
2025-03-28 02:00:00,63.8828422718154,FR,1095.5086340201424,14.143219019251351,5.236783548520257,0.0,2,4,3,0,61.512543066152766,46.17578928412624,36.704004382057775,58.90442296033927,53.23031640570175,7.60737370753297,45.39318420197454,10.018886363230298,50.6751494987215,12.148094741394392,200.03064422651315,0.0
2025-03-28 03:00:00,63.04328474512001,FR,940.8181245280801,14.703838503007264,6.839231427772624,0.0,3,4,3,0,63.8828422718154,51.390327271999034,33.9053835003382,63.71537944119699,55.930227915620684,7.760547620427415,47.82134263903969,10.50092622334414,50.64714555305162,12.117463297587568,216.20286672251888,0.0
2025-03-28 04:00:00,65.1552310560089,FR,940.6133975258593,13.115124916763639,8.130013742499559,0.0,4,4,3,0,63.04328474512001,61.512543066152766,39.679416345640135,67.87924751207022,58.52666961587039,7.81553954363808,49.94432719823709,11.253492103064092,50.53364486738241,11.960782137746005,172.00650158231446,0.0
2025-03-28 05:00:00,71.38489442806699,FR,1006.9691784881865,12.16777375814254,6.344728117718697,0.0,5,4,3,0,65.1552310560089,63.8828422718154,36.788507480700375,72.92665402985162,62.728187139860516,6.515926566750065,52.82735944385097,11.984580097307314,50.46940488397471,11.838801021204793,148.05471822934223,0.0
2025-03-28 06:00:00,61.444697355576345,FR,1122.7035945460834,13.804659557225497,8.909311852409443,385.6161079790082,6,4,3,0,71.38489442806699,63.04328474512001,32.132897723941234,58.21347680562125,64.4039154871234,3.702387926637905,55.27000941315389,10.243982985743138,50.60403907355618,11.948562190020462,190.56862549089726,3435.574161297377
2025-03-28 07:00:00,65.56251528205432,FR,778.4044001048532,6.747391396255727,11.491100746116143,554.6692576128244,7,4,3,0,61.444697355576345,65.1552310560089,41.67097100096212,73.49219524948546,65.07891085644033,3.428906190406462,57.260971436578245,9.666087558218496,50.27363574157988,11.384458338236199,45.52729065426581,6373.760320002413
2025-03-28 08:00:00,59.36639840431164,FR,881.5373944075504,14.1742872562451,5.191383691607456,494.11791615331504,8,4,3,0,65.56251528205432,71.38489442806699,41.15913593790194,50.6169226688686,64.32617021185636,4.1614780043053425,58.778243308779054,8.231337484353629,50.63819723055667,11.535024684940442,200.91041922255224,2565.15569164938
2025-03-28 09:00:00,56.1320888924523,FR,519.8365758177558,12.44316102378988,4.00126655056987,520.7353610386735,9,4,3,0,59.36639840431164,61.444697355576345,46.843815685606394,56.46156943341049,63.17430423641175,5.368908605992617,59.55226607601622,7.402004152233231,50.62446887468341,11.527986610369641,154.83225626396361,2083.600981822969
2025-03-28 10:00:00,59.065447615043375,FR,829.8446245210558,11.227350379689963,7.370992948087172,559.1083896291655,10,4,3,0,56.1320888924523,65.56251528205432,49.57658085451063,56.513149387530305,62.15934032958416,5.4936985606219,60.34300497272727,6.71433879983438,50.730814634163124,11.596242025203537,126.05339654832434,4121.183997172953
2025-03-28 11:00:00,53.80631740620353,FR,758.8487104918088,17.073111611798566,7.663334939479687,723.7096406442404,11,4,3,0,59.065447615043375,59.36639840431164,46.17578928412624,51.084194999938546,59.22957749260692,4.100358550755988,60.978882316233715,5.502660552626589,50.844236401090825,11.613148771876649,291.49114010893106,5546.029375187296
2025-03-28 12:00:00,49.87631570701931,FR,403.36270754012526,20.103210804562057,5.758477181537861,605.8424895970708,12,4,3,0,53.80631740620353,56.1320888924523,51.390327271999034,42.695269927913145,57.30151388451409,5.372836784885425,60.85271468581874,5.754109858937272,51.14344664188692,11.485875512427022,404.13908465266064,3488.730151950821
2025-03-28 13:00:00,48.75131899523519,FR,685.3878301067462,18.338098509781098,9.126731255869469,669.4580865542777,13,4,3,0,49.87631570701931,59.065447615043375,61.512543066152766,41.18331370767717,54.49964783671089,4.518757440726083,59.789279346575604,6.719342841754936,51.45878019553516,11.302970589166058,336.2858569544357,6109.964043049495
2025-03-28 14:00:00,39.27402826351573,FR,4.846867399531902,21.642091569654347,3.542998329780902,674.9745506765016,14,4,3,0,48.75131899523519,53.80631740620353,63.8828422718154,36.704004382057775,51.15091947991157,6.970598033099005,57.73854484588397,8.792028290888616,51.56586452392926,11.168480252122757,468.3801275093038,2391.43370569146
2025-03-28 15:00:00,40.26197214153408,FR,-146.42836663523758,23.873936801565133,7.606047175290621,606.7461502567875,15,4,3,0,39.27402826351573,49.87631570701931,63.04328474512001,33.9053835003382,48.50590002142521,7.677584809067467,55.84010212891848,9.928557009694687,51.83072238397909,10.8007762941831,569.964858405126,4614.939842279097
2025-03-28 16:00:00,33.880072077567725,FR,111.87766181977517,23.919715859314394,5.008488287709612,546.2722432092087,16,4,3,0,40.26197214153408,48.75131899523519,65.1552310560089,39.679416345640135,44.30833743184593,7.634397815190692,53.23383888071504,11.274664609980494,51.589083039476066,11.143873214440232,572.1528067903365,2735.9981320141787
2025-03-28 17:00:00,36.62426181331735,FR,226.45674737789673,24.89414206282798,9.658965741641993,451.701158575925,17,4,3,0,33.880072077567725,39.27402826351573,71.38489442806699,36.788507480700375,41.444661499698235,6.49691781469858,50.337119496152575,10.634524040736292,51.582239470001774,11.153403942260137,619.7183090442613,4362.966016144856
2025-03-28 18:00:00,34.946730428406084,FR,336.78553829157374,23.08451113908282,10.205240635563637,413.94329066566974,18,4,3,0,36.62426181331735,40.26197214153408,61.444697355576345,32.132897723941234,38.95639728659602,5.385745412195753,48.128955585555055,10.866955970796992,51.699482499354474,10.953055981997517,532.8946545304389,4224.390890720223
2025-03-28 19:00:00,37.657951448759455,FR,-74.73976571832219,21.399834824579237,4.686896753660704,211.79751517717807,19,4,3,0,34.946730428406084,33.880072077567725,65.56251528205432,41.67097100096212,37.107502695516736,2.460336208197162,45.80357526611382,9.722617741237531,51.53227335134603,11.141812261303224,457.9529305192743,992.6730863173195
2025-03-28 20:00:00,42.59842346070346,FR,282.72346479403984,17.38035528805263,5.1210956574102395,141.1502430770734,20,4,3,0,37.657951448759455,36.62426181331735,59.36639840431164,41.15913593790194,37.66156856171469,3.282703617297206,44.406244020813126,8.752738088335883,51.592243664796094,11.087291844558232,302.07674993893903,722.8438968644003
2025-03-28 21:00:00,38.68840167524423,FR,138.74491550658473,19.159386162725625,7.939385703187003,63.87965432116723,21,4,3,0,42.59842346070346,34.946730428406084,56.1320888924523,46.843815685606394,37.39930681733305,3.0906412061184856,42.95260341937913,8.048467361895383,51.25243474769767,11.360754754630545,367.0820781324421,507.165214242003
2025-03-28 22:00:00,56.890373023319874,FR,215.47454001183584,16.827714164994994,5.44594862964837,0.0,22,4,3,0,38.68840167524423,37.657951448759455,59.065447615043375,49.57658085451063,41.23435697495841,8.087413749133427,42.771347203402165,7.668112979316996,51.55717608806472,11.411825035198317,283.17196401877317,0.0
2025-03-28 23:00:00,45.290677431238095,FR,547.3224649460736,21.591766370120645,6.129387493362923,0.0,23,4,3,0,56.890373023319874,42.59842346070346,53.80631740620353,46.17578928412624,42.67875957794519,7.870378271924644,42.061710538821714,6.9106832340214615,51.52029642752772,11.431385673241994,466.20437498187283,0.0
2025-03-29 00:00:00,43.12028940904523,FR,630.464575682684,15.592922008772799,6.27098677031222,0.0,0,5,3,1,45.290677431238095,38.68840167524423,49.87631570701931,51.390327271999034,44.04101940805172,6.913616036055437,41.49870834732388,6.47780720508614,51.17571151657131,11.559401968711553,243.13921677167116,0.0
2025-03-29 01:00:00,58.566629408036796,FR,314.13109115441046,14.934001422406103,2.380863616832087,0.0,1,5,3,1,43.12028940904523,56.890373023319874,48.75131899523519,61.512543066152766,47.52579906793128,8.202171506391139,42.31665088172401,7.933055448842381,51.052965114149806,11.460079633228126,223.0243984844275,0.0
2025-03-29 02:00:00,59.78930441446275,FR,1045.308069945179,14.667215624706081,6.192534437038925,0.0,2,5,3,1,58.566629408036796,45.290677431238095,39.27402826351573,63.8828422718154,50.39094589355782,9.09107498722331,44.02625722763626,9.308989199502422,50.882401036760115,11.290027237576219,215.1272141816222,0.0
2025-03-29 03:00:00,61.26839180020153,FR,1129.571661422764,12.738411955030678,4.840754381099051,0.0,3,5,3,1,59.78930441446275,43.12028940904523,40.26197214153408,63.04328474512001,54.15427758105071,7.869326757054008,45.776792199191874,10.442826895444066,50.808447164055174,11.212452116989551,162.2671391360685,0.0
2025-03-29 04:00:00,62.71032168578639,FR,807.9001615903135,15.40080247658882,5.233964284427856,0.0,4,5,3,1,61.26839180020153,58.566629408036796,33.880072077567725,65.1552310560089,55.12426902479513,8.598905629134233,48.17931299987677,10.768329684347254,50.7065759402959,11.086839515393537,237.18471692290436,0.0
2025-03-29 05:00:00,59.93533608489029,FR,1062.123619832016,10.441075620319515,9.107473936165029,0.0,5,5,3,1,62.71032168578639,59.78930441446275,36.62426181331735,71.38489442806699,57.56504546707049,7.216763746647651,50.121902522507845,10.595570207783952,50.22951100933022,10.382320289562259,109.01606010923054,0.0
2025-03-29 06:00:00,54.916282442326334,FR,1098.8060372565478,12.089546101409066,3.707196140668887,439.08994543855306,6,5,3,1,59.93533608489029,61.26839180020153,34.946730428406084,61.444697355576345,59.53104430595068,2.6676751771219336,51.7860318570012,9.50786995424779,49.95749372127813,10.158823099523396,146.15712493809517,1627.792551136316
2025-03-29 07:00:00,58.20605116717277,FR,1035.0976663093156,10.566678629701471,7.846620302723354,357.75550540199356,7,5,3,1,54.916282442326334,62.71032168578639,37.657951448759455,65.56251528205432,59.47094793247334,2.697639543416513,53.49837350020232,8.53242013424791,49.65097438315806,9.771088451595949,111.65469726338975,2807.171612098337
2025-03-29 08:00:00,51.99155310892055,FR,822.9516711231354,10.076255413585239,5.662284068563783,498.7775931868673,8,5,3,1,58.20605116717277,59.93533608489029,42.59842346070346,59.36639840431164,58.17132271488298,4.051965877714316,54.281134304220394,7.844703771757199,49.34368916251677,9.56608266347458,101.53092315980582,2824.2204196585863
2025-03-29 09:00:00,57.09609357567716,FR,719.2287170056635,12.425538027077522,5.66068959223573,560.7222003811939,9,5,3,1,51.99155310892055,54.916282442326334,38.68840167524423,56.1320888924523,57.47593967746226,3.761783426540466,55.81510862925648,6.131045499124052,49.3838560243178,9.59779695127272,154.39399526234956,3174.074323833342
2025-03-29 10:00:00,47.83627644759673,FR,744.8891858017109,14.712306398149419,7.800953721330822,689.1828575124208,10,5,3,1,57.09609357567716,58.20605116717277,56.890373023319874,59.065447615043375,54.99693213776397,4.458846367073941,55.06060058127955,6.530773925793224,48.915973892340865,9.376462444962677,216.45195955302833,5376.283576988929
2025-03-29 11:00:00,40.551749677300826,FR,863.9553264031335,15.09027691617927,6.303837661591059,635.5670022210666,11,5,3,1,47.83627644759673,51.99155310892055,45.290677431238095,53.80631740620353,51.76633440316573,6.649232242299493,54.66568993511811,7.2760190910263285,48.36370023696992,9.465818924693979,227.71645740697295,4006.5112050656876
2025-03-29 12:00:00,39.20183831875115,FR,608.7200309188866,15.869226706953617,6.76496106689234,737.8747574668743,12,5,3,1,40.551749677300826,57.09609357567716,43.12028940904523,49.87631570701931,49.14726038256987,8.097512505873311,54.33915234426027,7.902243087017229,47.91893034579207,9.640818484442104,251.83235627668992,4991.694006506033
2025-03-29 13:00:00,39.28858223084167,FR,296.4676110315184,15.698535564158002,7.560104393519,756.6008464010094,13,5,3,1,39.20183831875115,47.83627644759673,58.566629408036796,48.75131899523519,45.994348893181346,7.527752429171971,52.73264841282735,8.86554999423502,47.52464964727568,9.79752148651195,246.4440188591336,5719.981383016466
2025-03-29 14:00:00,31.35038629133206,FR,404.33974212966905,19.46830628245627,4.961118306086632,687.8690363287536,14,5,3,1,39.28858223084167,40.551749677300826,59.78930441446275,39.27402826351573,42.55415442358326,8.840869160005537,50.36273856923312,10.464593165044352,47.19449789843469,10.212355826334173,379.0149495075262,3412.5996683207504
2025-03-29 15:00:00,27.7411053072271,FR,-423.2619147192886,17.538114489991024,4.399261603437777,611.6749245983668,15,5,3,1,31.35038629133206,39.20183831875115,61.26839180020153,40.26197214153408,37.66165637884159,7.143445172117708,47.568798028151924,11.691942000953325,46.6727951136719,10.879904219300817,307.5854598640331,2690.9180095712927
2025-03-29 16:00:00,31.64984191799457,FR,296.74043818220144,22.708173831990692,3.453434019337682,475.6063329549627,16,5,3,1,27.7411053072271,39.28858223084167,62.71032168578639,33.880072077567725,34.963917290574564,5.36835704984703,44.98042471416927,11.471180859013524,46.57986885702302,11.002749413288997,515.6611587839068,1642.4750900391125
2025-03-29 17:00:00,31.228262906418752,FR,-330.9056689001541,21.67726746241939,3.9729140124953677,398.24411747961403,17,5,3,1,31.64984191799457,31.35038629133206,59.93533608489029,36.62426181331735,33.41000282876088,4.74003436783164,42.588168615963305,11.054681454683545,46.355035569235575,11.266988854452741,469.9039246372664,1582.18963472861
2025-03-29 18:00:00,28.062729823388857,FR,-72.48818828062643,18.583328110474362,11.521923923070728,412.4809452648334,18,5,3,1,31.228262906418752,27.7411053072271,54.916282442326334,34.946730428406084,31.553484746200507,4.164316101036366,40.35037256438518,11.050211887270535,46.068202210693194,11.651124843561426,345.3400836615466,4752.574071057712
2025-03-29 19:00:00,29.817780095704254,FR,-206.89689206976294,20.528724345141512,8.113094233926851,298.38078440938455,19,5,3,1,28.062729823388857,31.64984191799457,58.20605116717277,37.657951448759455,29.9750177236776,1.728538783854871,37.984683308429474,9.854078196664018,45.74152840431589,12.001816991395803,421.42852323880584,2420.791421506349
2025-03-29 20:00:00,35.78288802030708,FR,-191.94899703640044,18.978149053130988,2.9215863400372353,173.04902403112277,20,5,3,1,29.817780095704254,31.228262906418752,51.99155310892055,42.59842346070346,30.713768011840102,2.9497267125098268,36.633961217711686,8.815758241262749,45.457547760966044,12.159024175405733,360.1701414828566,505.57766476610357
2025-03-29 21:00:00,30.53908338392497,FR,378.61196688243,20.18803511228907,2.9788191589661377,81.6171492964139,21,5,3,1,35.78288802030708,28.062729823388857,57.09609357567716,38.68840167524423,31.18009769128975,2.584316131462602,34.420877035065665,6.139064949770171,45.11799283216107,12.46618920207306,407.5567616950164,243.12272802435734
2025-03-29 22:00:00,34.391117773009796,FR,156.45975973762148,21.093283200138853,6.587467195890261,0.0,22,5,3,1,30.53908338392497,29.817780095704254,47.83627644759673,56.890373023319874,31.636977000458952,2.9062349335349458,33.300447145516756,4.4673857476326715,44.18052386339816,12.388142373385723,444.92659616125997,0.0
2025-03-29 23:00:00,41.72854323247442,FR,439.89125379488235,13.397710948298714,6.718264667209212,0.0,23,5,3,1,34.391117773009796,35.78288802030708,40.551749677300826,45.290677431238095,33.38702372146823,5.010542647152896,33.39851327511456,4.650209196212265,44.03210160511634,12.395600046375987,179.49865865416322,0.0
2025-03-30 00:00:00,48.12399671442465,FR,490.6158842241632,16.072920744397493,6.721502743088006,0.0,0,6,3,1,41.72854323247442,30.53908338392497,39.20183831875115,43.12028940904523,36.730568203307534,7.032527530901848,34.14202647475401,6.137784910452389,44.240589409507145,12.4216495856826,258.3387812556833,0.0
2025-03-30 01:00:00,54.33061286852648,FR,724.8176879958846,14.265501170169038,5.113823485345883,0.0,1,6,3,1,48.12399671442465,34.391117773009796,39.28858223084167,58.566629408036796,40.816040332111236,9.045558634712954,35.39552902789442,8.402560217502378,44.06408872036088,12.237975811958501,203.5045236360942,0.0
2025-03-30 02:00:00,63.207772029395834,FR,765.3643782120511,14.805099977991263,5.372826552447478,0.0,2,6,3,1,54.33061286852648,41.72854323247442,31.35038629133206,59.78930441446275,45.386854333626026,12.327316313462937,38.05031117273307,11.47810747178789,44.206524870983095,12.447064406913066,219.1909853583169,0.0
2025-03-30 03:00:00,62.436090830950846,FR,596.9549457555598,12.975775271226336,6.279494120771993,0.0,3,6,3,1,63.207772029395834,48.12399671442465,27.7411053072271,61.26839180020153,50.70302224146368,11.49316277690205,40.94155996637671,12.923872032349001,44.255178997264316,12.518732820038528,168.3707438893689,0.0
2025-03-30 04:00:00,58.76890148964786,FR,1132.2660657816473,10.404936684714862,5.795521085039939,0.0,4,6,3,1,62.436090830950846,54.33061286852648,31.64984191799457,62.71032168578639,54.76598619423668,8.489971463449784,43.201481597347815,13.509196475509174,44.09095315575854,12.289865051320694,108.2627074129251,0.0
2025-03-30 05:00:00,59.901488909611416,FR,884.2115965122717,10.94644142492037,1.1851343269582078,0.0,5,6,3,1,58.76890148964786,63.207772029395834,31.228262906418752,59.93533608489029,57.79481047375952,5.687774385680434,45.59091709761387,13.732846284605618,44.08954285678859,12.287969604838073,119.82457986921268,0.0
2025-03-30 06:00:00,54.38990747656645,FR,688.6836202680497,10.00645442979279,5.164135811302891,396.8957768755328,6,6,3,1,59.901488909611416,62.436090830950846,28.062729823388857,54.916282442326334,58.83912893411648,3.8282896098574235,47.784848568712,12.74550400876813,44.06761056654859,12.268259165433442,100.12913025551974,2049.623694717821
2025-03-30 07:00:00,57.73446269624218,FR,897.3398809513517,14.10180903075995,3.920922203932651,441.2116318812448,7,6,3,1,54.38990747656645,58.76890148964786,29.817780095704254,58.20605116717277,59.40643723873577,3.232384407621948,50.111238785423495,11.670322778510524,44.04796104692648,12.244985283933453,198.8610179400229,1729.9564840765318
2025-03-30 08:00:00,53.934068471880416,FR,1233.1646600190816,12.65709868583572,5.974157910270302,668.4201527833383,8,6,3,1,57.73446269624218,59.901488909611416,35.78288802030708,51.99155310892055,57.86081997914986,3.268168362988062,51.62383715638794,10.787272451964993,44.12889918704982,12.306042219480943,160.2021471429843,3993.247543134664
2025-03-30 09:00:00,53.83408771027885,FR,1023.5977390159724,17.349632532859296,11.594253077660099,514.0574104713818,9,6,3,1,53.934068471880416,54.38990747656645,30.53908338392497,57.09609357567716,56.427152792371196,2.6964303079194587,53.56508751691743,8.501949759270008,43.99298227599155,12.173900664007446,301.0097490252497,5960.111713451799
2025-03-30 10:00:00,44.43540863734581,FR,680.2695731184282,14.563233317082188,6.3586984034018865,706.0453178187475,10,6,3,1,53.83408771027885,57.73446269624218,34.391117773009796,47.83627644759673,54.03823731698753,5.299628667266356,54.402111755612104,6.758276088622597,43.85127945056443,12.146983232727754,212.08776464777267,4489.529235143447
2025-03-30 11:00:00,47.275968232469246,FR,559.5579816875749,14.430684934375744,4.372940627655206,679.4339523313506,11,6,3,1,44.43540863734581,53.934068471880416,41.72854323247442,40.551749677300826,51.93398387079716,5.004269948609056,54.86439717227834,5.954489072919881,44.131455223696456,12.145117593874179,208.24466767521906,2971.1243339581138
2025-03-30 12:00:00,48.472462092029005,FR,435.6729897565235,14.125256984458554,6.843603003954506,738.5960077418338,12,6,3,1,47.275968232469246,53.83408771027885,48.12399671442465,39.20183831875115,50.947742973374254,5.006558383036653,54.893435953745374,5.919375412711007,44.51773121424969,12.12892960958482,199.52288487699516,5054.657857290819
2025-03-30 13:00:00,36.680124217179255,FR,785.9400741609078,14.803508241972658,5.965375774418427,710.1393967861361,13,6,3,1,48.472462092029005,44.43540863734581,54.33061286852648,39.28858223084167,47.438686560197105,6.464559584750977,53.42256189946644,7.925077383207819,44.40904546368042,12.18936109899845,219.1438562701524,4236.248354048132
2025-03-30 14:00:00,36.177567665846645,FR,326.3870904463108,16.364862644685555,5.840188980903684,616.4510814690537,14,6,3,1,36.680124217179255,47.275968232469246,63.207772029395834,31.35038629133206,44.47926975919146,6.943004808951341,51.17004486917066,8.694976919816664,44.61017802095187,12.00291594293593,267.8087293794247,3600.190813261727
2025-03-30 15:00:00,35.30292724361482,FR,232.4549388449404,20.980425643058876,6.213701186431344,608.9371930382588,15,6,3,1,36.177567665846645,48.472462092029005,62.436090830950846,27.7411053072271,41.390743014747464,6.008081844381381,48.90894790355932,9.02078295469618,44.92525393496802,11.634443898289662,440.17826016392246,3783.753758844001
2025-03-30 16:00:00,28.425303501105827,FR,273.04398891414917,22.104129054054233,9.113087129659085,432.10492743008575,16,6,3,1,35.30292724361482,36.680124217179255,58.76890148964786,31.64984191799457,38.722392158707464,7.701912652410674,46.3803147378475,10.183556046697843,44.79089816759765,11.811683817089257,488.5925212382845,3937.8098528253877
2025-03-30 17:00:00,31.123892459927223,FR,64.79491866076852,18.248623655468997,2.7382231293481705,470.7490408144519,17,6,3,1,28.425303501105827,36.177567665846645,59.901488909611416,31.228262906418752,36.03037952995046,6.894769533337998,43.982181700373815,10.098049839955916,44.786549398993834,11.81691240403242,333.01226531894264,1289.015911676598
2025-03-30 18:00:00,30.66040770415348,FR,-51.80842916414063,23.187124840539333,5.9472641536229105,364.9079232995263,18,6,3,1,31.123892459927223,35.30292724361482,54.38990747656645,28.062729823388857,33.06170379863787,3.43051599417344,42.00472338600606,10.197600101921358,44.89478597735904,11.668029910465757,537.6427583707562,2170.2038116122512
2025-03-30 19:00:00,32.66135211654002,FR,-22.23288296152984,20.079637498857238,3.1472377400369247,291.34634264627306,19,6,3,1,30.66040770415348,28.425303501105827,57.73446269624218,29.817780095704254,32.39190844853133,2.9399918438422423,39.91529750436422,9.201714306477545,45.01326814489386,11.521796151680162,403.19184208551377,916.9362049980799
2025-03-30 20:00:00,30.75758941424156,FR,52.66704622496791,20.67466499126613,6.111025292684499,227.90591625435746,20,6,3,1,32.66135211654002,31.123892459927223,53.934068471880416,35.78288802030708,31.48857873993049,2.309178028253648,37.98392424956098,8.388099005518363,44.80388070297446,11.740423137525385,427.4417725010853,1392.7388185828136
2025-03-30 21:00:00,37.90205596270631,FR,139.00216210475784,22.672744450944435,3.162626977027813,120.89361859519397,21,6,3,1,30.75758941424156,30.66040770415348,53.83408771027885,30.53908338392497,31.92176685977907,3.2285922544441727,36.65625493726327,6.752701851456272,45.11067122709034,11.44391839112463,514.0533409378316,382.34141951967166
2025-03-30 22:00:00,43.91842810111982,FR,395.52590872739574,20.104678042806505,4.165266372789833,0.0,22,6,3,1,37.90205596270631,32.66135211654002,44.43540863734581,34.391117773009796,34.50395429311474,5.3629751631527585,36.613173225911105,6.7000031180953705,45.507642490761604,11.218939181578016,404.198079204906,0.0
2025-03-30 23:00:00,52.57648237771181,FR,380.9796546101991,16.509611694761418,4.409820171524189,0.0,23,6,3,1,43.91842810111982,30.75758941424156,47.275968232469246,41.72854323247442,38.07938594607884,8.744103125481073,37.05488273801465,7.583362253910949,45.959639955146486,11.278431477121098,272.56727831180297,0.0
2025-03-31 00:00:00,58.987586603409916,FR,646.5280154431158,13.959101238254963,6.95163343868942,0.0,0,0,3,0,52.57648237771181,37.90205596270631,48.472462092029005,48.12399671442465,42.800582429288234,11.23094062418534,37.93114311396306,9.410099059467383,46.412289533854214,11.582961504120815,194.85650737985122,0.0
2025-03-31 01:00:00,68.54198732809424,FR,613.2662065295439,10.180753061626588,6.83690888788483,0.0,1,0,3,0,58.987586603409916,43.91842810111982,36.680124217179255,54.33061286852648,48.78068829788061,13.97079864683308,40.58629837320598,12.880253206193911,47.004430136336204,12.343636776359746,103.64773290181914,0.0
2025-03-31 02:00:00,56.994253130207824,FR,765.7270380632182,11.92273028958837,2.508565247107233,0.0,2,0,3,0,68.54198732809424,52.57648237771181,36.177567665846645,63.207772029395834,53.15346558387498,10.989263313614114,42.32102216190274,13.613439290886971,46.7455335155367,12.050695631794278,142.151497558268,0.0
2025-03-31 03:00:00,67.50939589854414,FR,453.9132536868523,12.025738640078448,5.109868221999699,0.0,3,0,3,0,56.994253130207824,58.987586603409916,35.30292724361482,62.436090830950846,58.08802223984796,9.286632159191413,45.004894549813514,15.187750703872775,46.956921226686426,12.377952098791244,144.61838983947584,0.0
2025-03-31 04:00:00,65.48530416815674,FR,1116.2782368327155,9.833133396873011,3.5808402905016568,0.0,4,0,3,0,67.50939589854414,68.54198732809424,28.425303501105827,58.76890148964786,61.68250158435411,6.444041831378134,48.09322793873442,15.2776015109825,47.23677133829096,12.727603634438124,96.69051240069936,0.0
2025-03-31 05:00:00,75.94558461521322,FR,1052.2606083241328,11.220652465051876,2.4829901786493327,0.0,5,0,3,0,65.48530416815674,56.994253130207824,31.123892459927223,59.901488909611416,65.577351957271,6.886583635036051,51.82836895167492,16.202795136011147,47.905275326024366,13.79806053633821,125.90304174147474,0.0
2025-03-31 06:00:00,60.36106287297974,FR,1199.6020219719305,11.650827012300182,4.565965899151261,408.6378422633723,6,0,3,0,75.94558461521322,67.50939589854414,30.66040770415348,54.38990747656645,65.80626466886598,6.642219945567918,54.30342354907711,14.890661538121057,48.154073467541586,13.972798872940901,135.7417700705436,1865.82645287731
2025-03-31 07:00:00,58.62841916530025,FR,403.71183750579644,11.398699892929477,4.383034423088362,473.85750697047115,7,0,3,0,60.36106287297974,65.48530416815674,32.66135211654002,57.73446269624218,64.15400330840032,7.046316924629758,56.46734580314046,13.25685218498995,48.19132165375234,14.00061218175504,129.93035924907048,2076.9337646904087
2025-03-31 08:00:00,57.38039843926099,FR,1350.687642848365,11.213087329827797,9.853432972691046,622.0608718231873,8,0,3,0,58.62841916530025,75.94558461521322,30.75758941424156,53.934068471880416,64.21836085990918,6.969185891538581,58.685913221892086,10.505249870433385,48.334918735726525,14.079524698462091,125.73332746634468,6129.435105443532
2025-03-31 09:00:00,46.60101628703937,FR,825.635464962239,13.783177608269614,5.865919650721394,553.5712195563046,9,0,3,0,57.38039843926099,60.36106287297974,37.90205596270631,53.83408771027885,60.73363092465839,9.690486280863388,59.41082658225317,9.153901513155672,48.03354075975822,14.03403476608579,189.9759849811049,3247.2042948691346
2025-03-31 10:00:00,50.942788246703614,FR,971.6365633475033,15.467053346833126,2.244764998491527,634.2084963736428,10,0,3,0,46.60101628703937,58.62841916530025,43.91842810111982,44.43540863734581,58.30987827108286,10.075339815363096,59.99618992771848,8.253453831510523,48.304681576814794,14.024354254229676,239.2297392337818,1423.649034405494
2025-03-31 11:00:00,45.88357235349489,FR,421.4283371261544,13.565790449024107,3.2467169192048386,699.6463353274524,11,0,3,0,50.942788246703614,57.38039843926099,52.57648237771181,47.275968232469246,53.299542894129814,6.329874231594251,59.43844742570042,8.993409182302756,48.24666508185752,14.031673051730085,184.03067050683367,2271.5535943673017
2025-03-31 12:00:00,46.560736459397155,FR,622.554781012514,19.87364066488988,6.41903151840552,732.3244768862885,12,0,3,0,45.88357235349489,46.60101628703937,58.987586603409916,48.472462092029005,50.99948849186605,5.729598330980373,58.40287658036602,9.734936038757493,48.167009847164536,14.035761175098418,394.9615932771647,4700.81389883292
2025-03-31 13:00:00,43.932704838349345,FR,159.90736481400836,18.111701465629157,8.553150473286573,677.2906573237922,13,0,3,0,46.560736459397155,50.942788246703614,68.54198732809424,36.680124217179255,48.550202770707564,4.896658654515074,56.352103039553946,9.99352069441229,48.46920070637996,13.85460015339918,328.03372998007336,5792.968906241567
2025-03-31 14:00:00,48.54986325143137,FR,125.24620786083912,19.46992391229936,1.2042983030708063,609.4608368018686,14,0,3,0,43.932704838349345,45.88357235349489,56.994253130207824,36.177567665846645,47.078446906069296,2.4048942810002325,55.648403882989236,10.238498174240341,48.98471302244599,13.605294585331144,379.0779371507265,733.972651548604
2025-03-31 15:00:00,41.60432647598951,FR,529.2528801800837,21.761691323262152,0.6164161572686329,641.5577498614704,15,0,3,0,48.54986325143137,46.560736459397155,67.50939589854414,35.30292724361482,46.245665270894314,3.301347769916395,53.48964809777635,10.241295876994595,49.24727132379493,13.388861847482644,473.57120924894326,395.46656283551835
2025-03-31 16:00:00,32.54688758222299,FR,28.850817955111445,21.4522014058345,8.118195278290287,561.0567681272792,16,0,3,0,41.60432647598951,43.932704838349345,65.48530416815674,28.425303501105827,43.17968182681421,5.721651938508405,50.74478004894854,11.111081282088154,49.41900399384148,13.134186985315052,460.19694515648774,4554.768405863686
2025-03-31 17:00:00,30.511356694133347,FR,60.523661491410394,23.216368463072882,5.15549328228853,394.772960757696,17,0,3,0,32.54688758222299,48.54986325143137,75.94558461521322,31.123892459927223,40.61764588358729,7.449533853442187,46.95859438885856,9.343475348483588,49.39348167026674,13.17182491340451,538.9997646131651,2035.2493472154554
2025-03-31 18:00:00,38.05704155777703,FR,174.01354613775084,21.87038667850388,2.63967946379399,417.77214005527486,18,0,3,0,30.511356694133347,41.60432647598951,60.36106287297974,30.66040770415348,39.200363399983935,6.8798547115329605,45.09992594592499,8.625867799466025,49.701674747501045,12.795613325245316,478.31381346728,1102.7845386491756
2025-03-31 19:00:00,30.571805588692655,FR,116.17346444998675,19.71997498865637,5.445523099791593,317.9232696739481,19,0,3,0,38.05704155777703,32.54688758222299,58.62841916530025,32.66135211654002,36.97354685837448,7.196758815086481,42.761874814541024,8.425663736706001,49.614610308840746,12.923074983989721,388.8774135532329,1731.2585089707563
2025-03-31 20:00:00,48.77993216279066,FR,97.07107913649598,21.003176153420366,-0.8952305504870326,181.7148248623896,20,0,3,0,30.571805588692655,30.511356694133347,57.38039843926099,30.75758941424156,37.01189167693437,7.271004029515305,42.04516929150183,7.368617010018874,50.36554125669696,12.287694193480313,441.13340853160594,-162.67666269321177
2025-03-31 21:00:00,48.67670569501803,FR,219.43880989997126,17.059940915505397,4.3830159407410445,106.49251970351025,21,0,3,0,48.77993216279066,38.05704155777703,46.60101628703937,37.90205596270631,38.190621546772455,8.613692611682355,42.218143408833384,7.508323718774003,50.814484995543275,12.006134928104466,291.0415840405351,466.7584114301652
2025-03-31 22:00:00,44.082558384369044,FR,730.6831170476548,18.42720895834162,5.0319072732328936,0.0,22,0,3,0,48.67670569501803,30.571805588692655,50.942788246703614,43.91842810111982,40.11323334713013,8.386454219384092,41.64645758697217,7.029540882667083,50.82132375734533,12.00208217213154,339.5620299943856,0.0
2025-03-31 23:00:00,41.75509169328221,FR,359.0667180420221,16.87930314499729,6.224805206622382,0.0,23,0,3,0,44.082558384369044,48.77993216279066,45.88357235349489,52.57648237771181,41.9871891803216,6.94395381105139,41.30241753195445,6.903208689659249,50.37043247882743,12.135800738718956,284.9108746607154,0.0
2025-04-01 00:00:00,60.960594343810946,FR,540.2198093429935,15.22434211025359,2.3484730229616475,0.0,0,1,4,0,41.75509169328221,48.67670569501803,46.560736459397155,58.987586603409916,45.804447977993924,9.982061184370341,42.50240568898893,8.871361128741956,50.45264113467747,12.203207267145384,231.78059269004072,0.0
2025-04-01 01:00:00,57.203375814273365,FR,839.5404017527827,14.126398977120466,4.547639250353441,0.0,1,1,4,0,60.960594343810946,44.082558384369044,43.932704838349345,68.54198732809424,50.24304301559071,7.4552415608383695,43.608294936982595,9.840123824350254,49.98019898826826,11.680737190034481,199.55514806079015,0.0
2025-04-01 02:00:00,67.02007250451538,FR,971.1051865915967,9.496428972791064,2.5254156754275483,0.0,2,1,4,0,57.203375814273365,41.75509169328221,48.54986325143137,56.994253130207824,53.28306640587817,10.017791228369209,45.147479041406264,11.91016214163939,50.39794146219774,12.113742489449745,90.18216323526553,0.0
2025-04-01 03:00:00,55.17565442096891,FR,1090.9594517053497,11.249639437965044,4.887032438895357,0.0,3,1,4,0,67.02007250451538,60.960594343810946,41.60432647598951,67.50939589854414,54.36622452686998,9.768363699021869,46.27842303682121,12.184317581270413,49.88403556729878,11.60728725198822,126.55438748421847,0.0
2025-04-01 04:00:00,61.57171902469613,FR,1060.7587462980562,11.89227238917074,2.5855722828206744,0.0,4,1,4,0,55.17565442096891,57.203375814273365,32.54688758222299,65.48530416815674,57.28108463359115,8.628922896388575,48.69715899036064,12.091168741953549,49.720969519654595,11.404297223713925,141.42614257823274,0.0
2025-04-01 05:00:00,65.02278844771578,FR,754.3619305984375,11.701969318944416,3.560063249226282,0.0,5,1,4,0,61.57171902469613,67.02007250451538,30.511356694133347,75.94558461521322,61.159034092663425,4.4930640075451596,51.57311163649251,11.460245537422844,49.26585301267553,10.493844923894954,136.93608594151644,0.0
2025-04-01 06:00:00,64.6374572685792,FR,1326.6863064602192,9.34086310024386,2.3846341379662648,339.4166509034412,6,1,4,0,65.02278844771578,55.17565442096891,38.05704155777703,60.36106287297974,61.7718445801248,4.706271351612783,53.78814627905936,11.175565636963375,49.44403611249218,10.72420773184356,87.25172345749733,809.3845327385242
2025-04-01 07:00:00,60.57670101880792,FR,753.6938345407966,14.278917673988165,5.678537411194037,409.199970481657,7,1,4,0,64.6374572685792,61.57171902469613,30.571805588692655,58.62841916530025,62.334065447547225,4.228613428065082,56.28855423156896,8.559351407153517,49.52521452305499,10.803831247521636,203.88748994053157,2323.657341039585
2025-04-01 08:00:00,63.4916113282186,FR,993.539794940026,10.679832930758845,6.0931671608600535,510.59805630389604,8,1,4,0,60.57670101880792,65.02278844771578,48.77993216279066,57.38039843926099,61.74598858483109,3.6527277908213596,57.51452749535463,8.4388493532008,49.77984839342823,11.065857999199993,114.05883142892107,3111.159309069872
2025-04-01 09:00:00,51.88239276167543,FR,702.6982205894021,15.283872801102763,3.9070237876318954,668.4139406726935,9,1,4,0,63.4916113282186,64.6374572685792,48.67670569501803,46.60101628703937,61.197111641615514,4.879051910242209,57.781668084242746,8.180428088482822,49.99990574653807,11.052399736426707,233.59676780028883,2611.509166192988
2025-04-01 10:00:00,52.85966593000096,FR,737.1723306814015,15.336650907150808,4.452740917466779,528.7184584977997,10,1,4,0,51.88239276167543,60.57670101880792,44.082558384369044,50.942788246703614,59.74510279249966,5.928717059016868,58.51309371304541,7.174792604229572,50.07977565000879,11.066426937086057,235.21286104780972,2354.246313973114
2025-04-01 11:00:00,50.28071381982288,FR,695.1620046119567,14.353727890787768,0.8826072415055113,751.9223085055833,11,1,4,0,52.85966593000096,63.4916113282186,41.75509169328221,45.88357235349489,57.2880903545175,6.344251915834466,59.223562223590456,5.6176539830739705,50.26298987777245,11.03027484718696,206.02950436277868,663.6520745365689
2025-04-01 12:00:00,48.38096169730986,FR,564.2714430900546,20.501991597181938,3.180436774759025,716.9011740550854,12,1,4,0,50.28071381982288,51.88239276167543,60.960594343810946,46.560736459397155,54.578674425972615,6.041950027818431,58.1752595030487,6.385322953803685,50.33883259601881,11.009950938901632,420.3316594509188,2280.0588578327147
2025-04-01 13:00:00,45.78199934990799,FR,454.97462829579655,15.821197973250293,3.67938083668911,627.722956808313,13,1,4,0,48.38096169730986,52.85966593000096,57.203375814273365,43.932704838349345,52.11289081448928,6.122914945788735,57.223478131018254,7.325382567889181,50.41588653400043,10.969565037415736,250.31030530877916,2309.631818030333
2025-04-01 14:00:00,33.54579859616259,FR,572.7422538117296,21.170126920195244,9.02137625283255,599.3432716720918,14,1,4,0,45.78199934990799,50.28071381982288,67.02007250451538,48.54986325143137,47.121922025813284,7.116929863134428,54.43395530532219,9.349552848426958,49.79071717336422,11.495479179762214,448.1742738171754,5406.901158357576
2025-04-01 15:00:00,29.181636431381147,FR,237.15346970952243,22.24602101940057,1.5558560192242723,681.307024775702,15,1,4,0,33.54579859616259,48.38096169730986,55.17565442096891,41.60432647598951,43.3384626374309,9.659791191381226,52.267787139523215,11.841289855200477,49.27310508817221,12.141638808600474,494.88545119561195,1060.0156354370563
2025-04-01 16:00:00,41.81978997002756,FR,18.155971049651022,19.54412263171978,6.708144548277474,477.7246560028635,16,1,4,0,29.181636431381147,45.78199934990799,61.57171902469613,32.54688758222299,41.49848331076867,8.46046973048704,50.621793051634164,11.803171906757152,49.6594760209974,11.72668605156311,381.9727294437013,3204.646046743341
2025-04-01 17:00:00,36.6650001107731,FR,209.85452051313726,23.994619701940625,5.773507617704215,382.9191402560843,17,1,4,0,41.81978997002756,33.54579859616259,65.02278844771578,30.511356694133347,39.22919769259371,7.392358001771569,48.2586440235556,11.492500552788464,49.91587783002405,11.351071463342153,575.7417746407572,2210.7865732332516
2025-04-01 18:00:00,31.855013017461737,FR,237.8940977849281,20.6956392254679,4.341062879752872,406.8657271182365,18,1,4,0,36.6650001107731,29.181636431381147,64.6374572685792,38.05704155777703,36.47487291261902,6.298265942229167,45.526773669295814,11.135975516696877,49.657459974177584,11.698080597937047,428.30948295072557,1766.229705036638
2025-04-01 19:00:00,44.92873150140848,FR,-228.48447617193267,21.421830903062535,7.297031039162866,276.34097802841364,19,1,4,0,31.855013017461737,41.81978997002756,60.57670101880792,30.571805588692655,36.332661604535765,6.050860229387303,44.222776209512524,10.079510659572168,50.25566522054074,11.027529471811581,458.89483923940503,2016.468694065958
2025-04-01 20:00:00,40.201011504983185,FR,186.4673120777523,20.70040668711618,4.524001015986325,128.10372117318002,20,1,4,0,44.92873150140848,36.6650001107731,63.4916113282186,48.77993216279066,37.441863756005866,6.047811118508938,42.281892890909575,8.074900136338647,49.898210193132094,11.214895061928647,428.5068370120042,579.5413647390953
2025-04-01 21:00:00,48.67599101173072,FR,286.68115786890587,18.978369753771197,4.558108462108457,113.34387535493937,21,1,4,0,40.201011504983185,31.855013017461737,51.88239276167543,48.67670569501803,40.6909228527308,5.958456952686277,42.01469274508085,7.775850005130706,49.898180414661795,11.214898447307833,360.17851851085743,516.6336773835153
2025-04-01 22:00:00,46.766029051943114,FR,190.48729932800137,19.731299999673713,3.6735487647375087,0.0,22,1,4,0,48.67599101173072,44.92873150140848,52.85966593000096,44.082558384369044,41.515296033050056,6.466391169820965,41.50688967190936,7.179324240870164,50.00999169247738,11.167673954016971,389.32419967712383,0.0
2025-04-01 23:00:00,60.62450396314654,FR,645.7318401110631,18.432334473956214,6.226927835609855,0.0,23,1,4,0,46.766029051943114,40.201011504983185,50.28071381982288,41.75509169328221,45.50854667511229,9.539719354841774,42.36887218385301,8.772667687509735,50.79621720372173,11.22531792700339,339.7509541597947,0.0
2025-04-02 00:00:00,62.9679366851999,FR,469.9888825934947,12.043105784887882,5.972728538394367,0.0,0,2,4,0,60.62450396314654,48.67599101173072,48.38096169730986,60.960594343810946,50.69403395306866,9.078621868658017,43.58445343284384,10.518387651451608,50.87985646794627,11.311492499043945,145.03639694599997,0.0
2025-04-02 01:00:00,56.531254298141086,FR,654.5248132455688,16.891748392320206,2.5284354957801747,0.0,1,2,4,0,62.9679366851999,46.766029051943114,45.78199934990799,57.203375814273365,52.627787752524085,8.837475676082345,44.48022467852993,11.160656700054506,50.851851404774095,11.295977384223747,285.3311637494523,0.0
2025-04-02 02:00:00,65.68884569941984,FR,715.3856351432261,9.834736994280568,1.1412956815750648,0.0,2,2,4,0,56.531254298141086,60.62450396314654,33.54579859616259,67.02007250451538,56.875760118263536,7.725279711336534,47.15881193713469,12.114262117530755,50.79638362122844,11.216119228227091,96.72205174667079,0.0
2025-04-02 03:00:00,66.37467246286649,FR,856.6692001095673,14.311775568695856,3.3738287959812854,0.0,3,2,4,0,65.68884569941984,62.9679366851999,29.181636431381147,55.17565442096891,59.8255403601195,7.337378749532771,50.25823160642514,11.851744951378361,51.263009372974174,11.631497572175295,204.82691992871958,0.0
2025-04-02 04:00:00,71.41175192712673,FR,713.7576845131789,13.859586767109251,2.1797129419773067,0.0,4,2,4,0,66.37467246286649,56.531254298141086,41.81978997002756,61.57171902469613,63.93316083931676,5.131078277142415,52.72422843618341,12.962859121535933,51.67301074390878,12.17155955781118,192.08814535502987,0.0
2025-04-02 05:00:00,60.17195264622434,FR,694.9527366256754,9.099917581084792,3.6527409215418896,0.0,5,2,4,0,71.41175192712673,65.68884569941984,36.6650001107731,65.02278844771578,63.857735619829725,5.192401455896164,54.68314114747101,12.060131900486681,51.470892585513305,11.978990365951631,82.80849998253609,0.0
2025-04-02 06:00:00,67.83281159974769,FR,1318.9010126449944,10.474178712752181,6.2546663401408775,372.4736956416154,6,2,4,0,60.17195264622434,66.37467246286649,31.855013017461737,64.6374572685792,64.66854810558769,5.40129891740216,57.68129102932818,10.197317662204108,51.604032349311986,12.148253361425768,109.70841970667094,2329.6986867174896
2025-04-02 07:00:00,68.11915081045207,FR,813.5706434808687,9.435686561852467,2.8651867605990198,544.889018262738,7,2,4,0,67.83281159974769,71.41175192712673,44.92873150140848,60.57670101880792,66.59986419097287,3.71971417084031,59.613825971748476,9.7483938499728,51.9183010906305,12.483400060111975,89.03218089352323,1561.2088011221942
2025-04-02 08:00:00,51.583664234365536,FR,734.734232000958,11.88193447317595,3.69414330814945,474.2620253407073,8,2,4,0,68.11915081045207,60.17195264622434,40.201011504983185,63.4916113282186,64.2490006134638,7.220502983148237,60.562380365863675,8.102592603831967,51.422136628386625,12.237635364446247,141.18036682484703,1751.9918872217786
2025-04-02 09:00:00,51.30420234525953,FR,422.87536787253083,12.628483738243382,3.89583554038939,579.4142350805923,9,2,4,0,51.583664234365536,67.83281159974769,48.67599101173072,51.88239276167543,61.73725559386264,8.78492412921681,60.781397976991066,7.781236521014935,51.39804536103596,12.237259013303076,159.47860152707756,2257.3025696345044
2025-04-02 10:00:00,43.37540246630692,FR,622.2076504620995,15.941177154511692,5.476651835183169,673.9311932296263,10,2,4,0,51.30420234525953,68.11915081045207,46.766029051943114,52.85966593000096,57.06453068372601,9.98428847981869,60.49884576152139,8.375310818193812,51.00286771671537,12.340707088268935,254.12112907152547,3690.8865061882157
2025-04-02 11:00:00,48.33220148904059,FR,364.7915638697609,18.166928264801328,-1.2571344248466296,685.3787967508869,11,2,4,0,43.37540246630692,51.583664234365536,60.62450396314654,50.28071381982288,55.09123882419539,10.40830725502665,59.474487222012556,9.080567974700775,50.921679702932785,12.352068897446776,330.0372825784374,-861.6132794555012
2025-04-02 12:00:00,49.396478805995926,FR,828.4030320272739,19.642865695629563,2.0232436535919875,650.8848209811342,12,2,4,0,48.33220148904059,51.30420234525953,62.9679366851999,48.38096169730986,52.018516691903436,8.427303087367044,58.34353239874556,9.443791712062295,50.963992915794705,12.344724201556874,385.8421727365407,1316.8985832694368
2025-04-02 13:00:00,49.735710219943684,FR,572.5538953172664,16.984263845693388,3.6592116276815263,744.1669320126973,13,2,4,0,49.396478805995926,43.37540246630692,56.531254298141086,45.78199934990799,48.9546099268187,2.9917494885096616,57.77723705889577,9.760771144618072,51.12873086871286,12.298860417192543,288.46521838012757,2723.06429055695
2025-04-02 14:00:00,39.53948295745081,FR,112.36993096445539,18.813503087572922,5.636802155976303,769.1109274254165,14,2,4,0,49.735710219943684,48.33220148904059,65.68884569941984,33.54579859616259,46.94724638066625,4.523460265521248,55.59812349706502,10.707002292949127,51.37846771709986,11.983103267085218,353.9478984261159,4335.326133896522
2025-04-02 15:00:00,44.995285012915716,FR,596.9337704755882,16.77810826095945,2.2528393481101707,607.2939463664871,15,2,4,0,39.53948295745081,49.396478805995926,66.37467246286649,29.181636431381147,45.89576015860894,4.012525691418706,53.81650787623579,10.52803704736437,52.03736974133047,11.112675150806187,281.5049168164757,1368.13569824353
2025-04-02 16:00:00,28.53089856946055,FR,263.34039550609964,19.173751178967432,-0.5164611689611673,479.7965855132001,16,2,4,0,44.995285012915716,49.735710219943684,71.41175192712673,41.81978997002756,43.42167617580122,8.23360768935098,50.243103429763615,11.264481578375216,51.48366593297351,11.94389559923107,367.632734272955,-247.79630541772403
2025-04-02 17:00:00,26.486517854099365,FR,-47.92918984625868,23.039520630093623,4.476067135054853,363.1386395332085,17,2,4,0,28.53089856946055,39.53948295745081,60.17195264622434,36.6650001107731,39.78072890331101,10.218696826831877,47.4359838637532,12.674269804612386,51.059562505612114,12.652634360650714,530.8195108645097,1625.4329298831256
2025-04-02 18:00:00,35.31970720576141,FR,-499.88114297471463,24.32702616384901,1.9659194654713221,362.8987990610591,18,2,4,0,26.486517854099365,44.995285012915716,67.83281159974769,31.855013017461737,37.43460030327192,9.127113192472368,44.72655849758768,11.320496353013487,51.20392476345793,12.442002402138723,591.8042019765942,713.429813070302
2025-04-02 19:00:00,39.093298868492404,FR,475.22560137361415,18.275874162829716,0.8573109249418582,314.6072013799308,19,2,4,0,35.31970720576141,28.53089856946055,68.11915081045207,44.92873150140848,35.66086507803004,7.0580185887210245,42.30773750242437,8.655013855971815,50.96078173708643,12.625628027706492,334.00757641558675,269.7161908083979
2025-04-02 20:00:00,39.45916459304843,FR,-210.9271952449385,18.894962753354687,1.9879534636961327,198.75838732476905,20,2,4,0,39.093298868492404,26.486517854099365,51.583664234365536,40.201011504983185,35.64747868396298,7.049261796409711,41.297362532314615,8.167692303653142,50.92987144908914,12.653991846433374,357.0196174506609,395.12242452093216
2025-04-02 21:00:00,32.44229459121221,FR,-182.6331399846522,19.09430398488118,2.8675935278108815,102.39243453876574,21,2,4,0,39.45916459304843,35.31970720576141,51.30420234525953,48.67599101173072,33.55531361367906,5.386821942268476,39.725536886144,7.876610531387362,50.25346743156754,13.201730297517148,364.5924446670493,293.619882580164
2025-04-02 22:00:00,45.98283644732863,FR,454.5140864019278,18.570134033080098,2.0271549140461556,0.0,22,2,4,0,32.44229459121221,39.093298868492404,43.37540246630692,46.766029051943114,36.46396992665707,6.6861968435079,39.94282305122914,8.021089519110799,50.22083440637527,13.211689833859843,344.8498780065597,0.0
2025-04-02 23:00:00,43.79841683621234,FR,858.5409587165938,15.126278255095233,-1.1744878710755575,0.0,23,2,4,0,45.98283644732863,39.45916459304843,48.33220148904059,60.62450396314654,39.3492864236759,5.0560932553060765,39.56500766349345,7.689944124781914,49.519747442753015,13.081410253363094,228.8042938505669,-0.0
2025-04-03 00:00:00,57.53959521713408,FR,776.8545637021036,16.28842008237916,5.030776636896845,0.0,0,3,4,0,43.79841683621234,32.44229459121221,49.396478805995926,62.9679366851999,43.052601092238014,8.487437577424007,40.243600697754964,8.90040733433947,49.293566548250276,12.884220454023037,265.31262878005276,0.0
2025-04-03 01:00:00,59.609066271020694,FR,742.1913465617323,13.235517474508809,5.786394325680025,0.0,1,3,4,0,57.53959521713408,45.98283644732863,49.735710219943684,56.531254298141086,46.471895659326066,10.473528500477027,41.066380368678054,10.216685438911396,49.42180871378691,12.974394263441171,175.17892281802804,0.0
2025-04-03 02:00:00,56.13159201301129,FR,868.9508683330572,13.030944690682096,4.5396882258015925,0.0,2,3,4,0,59.609066271020694,43.79841683621234,39.53948295745081,65.68884569941984,49.250633562653206,10.452531051153722,42.44905612330809,11.077721107163887,49.023589810186564,12.594515145266726,169.80551953161591,0.0
2025-04-03 03:00:00,60.57845812825728,FR,1024.2365023493353,13.239379918106678,0.9612729022729476,0.0,3,3,4,0,56.13159201301129,57.53959521713408,44.995285012915716,66.37467246286649,53.93999415216072,7.212984969571807,43.747653882919884,12.254240883772392,48.78208087957784,12.299446338232523,175.2811806159664,0.0
2025-04-03 04:00:00,59.27252653002024,FR,1084.7984198495724,11.519149295162698,2.8336611752275447,0.0,4,3,4,0,60.57845812825728,59.609066271020694,28.53089856946055,71.41175192712673,56.15494249927599,6.258103971577367,46.30945621296653,11.994501279233637,48.27627982136507,11.555469531963766,132.6908004842473,0.0
2025-04-03 05:00:00,64.683174462759,FR,1039.2011979384095,10.30920692254879,3.2236016126636646,0.0,5,3,4,0,59.27252653002024,56.13159201301129,26.486517854099365,60.17195264622434,59.63573543703376,2.9383949259116346,49.49251093035483,11.304107296383142,48.46424739705402,11.791661288688832,106.27974737192791,0.0
2025-04-03 06:00:00,69.17826590226169,FR,1020.8402207903753,10.976715942896428,4.434233022246401,282.8936125757443,6,3,4,0,64.683174462759,60.57845812825728,35.31970720576141,67.83281159974769,61.57551388455503,4.6316404223261705,52.31405748839652,11.664781270977858,48.52030799299211,11.89053186212158,120.48829289103662,1254.4161986659453
2025-04-03 07:00:00,57.89839814452641,FR,970.4442875646298,11.370498242500405,4.5733252205587425,372.2954580151103,7,3,4,0,69.17826590226169,59.27252653002024,39.093298868492404,68.11915081045207,61.29040253013932,4.825494752891556,53.881149094732685,10.969649998325796,48.09444329857853,11.327785156267996,129.2882302827048,1702.6282076399723
2025-04-03 08:00:00,62.897594244070326,FR,782.2197841188841,11.471882736075903,1.7682966455655893,517.551534511635,8,3,4,0,57.89839814452641,64.683174462759,39.45916459304843,51.583664234365536,62.41806956864915,4.117449200807885,55.83435156565118,10.230027456636174,48.5658570489829,11.708331395559467,131.60409351027636,915.1846423842476
2025-04-03 09:00:00,54.5692068167262,FR,797.418375219919,12.627088443367398,3.4006353559497016,622.6265947600513,9,3,4,0,62.897594244070326,69.17826590226169,32.44229459121221,51.30420234525953,61.41652768339397,5.233906742874732,57.67826091777735,7.165576299559296,48.701898901960675,11.760384957067304,159.4433625566225,2117.3260116955976
2025-04-03 10:00:00,49.6071991937957,FR,411.4086371609229,17.479278693069187,4.151205052353063,742.9269324709018,10,3,4,0,54.5692068167262,57.89839814452641,45.98283644732863,43.37540246630692,59.80563979402322,7.159087073676227,57.9802911466496,6.688285127753292,48.96155709893937,11.70633963698955,305.52518362998245,3084.0420356023706
2025-04-03 11:00:00,49.14408386149059,FR,609.7415971923106,16.568842707951333,5.682210167861351,723.3779848919304,11,3,4,0,49.6071991937957,62.897594244070326,43.79841683621234,48.33220148904059,57.215791360478484,7.821728448978388,58.425763398756125,5.77326433068754,48.99538553112478,11.705614928869315,274.5265486808321,4110.385740959981
2025-04-03 12:00:00,40.632555914919244,FR,302.28177856981654,16.161230477498076,4.179578603217264,687.8659361593983,12,3,4,0,49.14408386149059,54.5692068167262,57.53959521713408,49.396478805995926,52.458173029254745,7.771621287919995,57.01684345690489,7.73791529969665,48.630222077329925,11.828610229055558,261.1853705468127,2874.9897486538334
2025-04-03 13:00:00,39.45567843272764,FR,149.8726140055854,19.40320174737821,4.348678898318855,636.7555788178793,13,3,4,0,40.632555914919244,49.6071991937957,59.609066271020694,49.735710219943684,49.38438641062162,8.772346534204102,55.33739447038047,9.17732866731125,48.20188741952925,11.972096747140656,376.48423804946077,2769.04554899212
2025-04-03 14:00:00,33.17961959240769,FR,285.97883023069585,18.465000895056704,2.9382187794265398,714.6089199605111,14,3,4,0,39.45567843272764,49.14408386149059,56.13159201301129,39.53948295745081,44.43139063534451,7.969504342982026,53.42473010199683,11.171773661247466,47.93689311265246,12.239567454788817,340.9562580544449,2099.677348573691
2025-04-03 15:00:00,46.675832949641205,FR,424.8470666756463,22.391926960081378,5.5914838139748255,549.2521021277561,15,3,4,0,33.17961959240769,40.632555914919244,60.57845812825728,44.995285012915716,43.11582832416368,6.47213993314687,52.26617800377883,11.082987235347012,48.00691594334936,12.226807329453225,501.39839298561924,3071.1342388389958
2025-04-03 16:00:00,35.60772362039365,FR,250.65061930824336,21.425468735862744,3.5900911154868127,606.4234277386162,16,3,4,0,46.675832949641205,39.45567843272764,59.27252653002024,28.53089856946055,40.78258239526334,6.180817060202631,50.29411109464328,11.804872933320919,48.301783653804904,11.8150949731407,459.05071055143185,2177.1153601474653
2025-04-03 17:00:00,31.50480251091221,FR,-297.0630338691696,20.795906115396992,1.048389703220677,426.3674333055568,17,3,4,0,35.60772362039365,33.17961959240769,64.683174462759,26.486517854099365,37.84270217016694,5.573465996016014,47.52924676532271,12.011980950923379,48.51087884783877,11.451034216741323,432.469711160406,446.9992268661745
2025-04-03 18:00:00,36.66734525391561,FR,-197.9256273140675,21.891987407879846,5.577305463818199,429.52910363089256,18,3,4,0,31.50480251091221,46.675832949641205,69.17826590226169,35.31970720576141,37.18183372666633,5.409164693545875,44.82000337796054,10.217566994184685,48.56703043317853,11.38666048925772,479.25911266676974,2395.6150165495105
2025-04-03 19:00:00,36.61133137534172,FR,205.191324453109,17.503512641959304,4.166372068645873,293.3598987170818,19,3,4,0,36.66734525391561,35.60772362039365,57.89839814452641,39.093298868492404,36.70777588376868,5.293430486265474,43.046081147195146,9.56775699701854,48.463615120963915,11.487269570010296,306.3729548072292,1222.246488075632
2025-04-03 20:00:00,38.51779033585278,FR,-129.5101805998812,17.72704937334761,1.8844774813108534,168.15022552787707,20,3,4,0,36.61133137534172,31.50480251091221,62.897594244070326,39.45916459304843,37.5974710076762,5.023563527697792,41.01443082151035,7.285435797661888,48.42439119358077,11.520910491938396,314.2482794851039,316.87531348462574
2025-04-03 21:00:00,45.85033859162872,FR,101.51997940732124,16.659958525507665,1.8115795887693311,76.54280799340209,21,3,4,0,38.51779033585278,36.66734525391561,54.5692068167262,32.44229459121221,37.459888614674114,4.727801749308617,40.2878584694189,6.158309135314752,48.983059693598115,11.026705507667932,277.55421807163555,138.66338862793722
2025-04-03 22:00:00,50.2159751951291,FR,360.01041980491016,18.196390944475045,3.3637166138493413,0.0,22,3,4,0,45.85033859162872,36.61133137534172,49.6071991937957,45.98283644732863,39.89459721046336,6.862666258931614,40.338589802863346,6.243971577239299,49.15944047475648,11.010472261921652,331.1086434041734,0.0
2025-04-03 23:00:00,47.66825860068396,FR,176.92158647601212,20.111208333415455,3.6969351141029874,0.0,23,3,4,0,50.2159751951291,38.51779033585278,49.14408386149059,43.79841683621234,42.588506558758645,6.032896679963678,40.2156043644628,6.06678592219829,49.320683881609455,10.956754020597064,404.46070063003924,0.0
2025-04-04 00:00:00,51.31214126976048,FR,521.075101229192,19.803591325342992,3.1651500548302307,0.0,0,4,4,0,47.66825860068396,45.85033859162872,40.632555914919244,57.53959521713408,45.02930589473279,6.120062985585309,41.10556981069956,6.864398447012862,49.06120663380222,10.826617894433394,392.1822293812002,0.0
2025-04-04 01:00:00,56.40081655477823,FR,362.60442356761945,15.3599914110389,3.393182870453588,0.0,1,4,4,0,51.31214126976048,50.2159751951291,39.45567843272764,59.609066271020694,48.327553424638886,6.007565127551674,42.51766465420378,8.121877949382984,48.92752956229213,10.709897346920846,235.92933614718876,0.0
2025-04-04 02:00:00,49.32138512097015,FR,629.7264712097573,13.962231221834314,6.170480272720579,0.0,2,4,4,0,56.40081655477823,47.66825860068396,33.17961959240769,56.13159201301129,50.12815255549177,3.626499690093102,43.862811781583986,7.763506662898604,48.6437709417904,10.600385306103394,194.9439006919649,0.0
2025-04-04 03:00:00,55.57183740394799,FR,917.5097774217811,8.445388993300547,4.913651828037589,0.0,3,4,4,0,49.32138512097015,51.31214126976048,46.675832949641205,60.57845812825728,51.74840235754499,3.5025777908504736,44.60414548610955,8.450850832631284,48.435161744944196,10.402727063460556,71.32459524816203,0.0
2025-04-04 04:00:00,71.40296547668761,FR,614.4139551858855,10.321650195579524,3.1518367060978667,0.0,4,4,4,0,55.57183740394799,56.40081655477823,35.60772362039365,59.27252653002024,55.27956740447141,8.607891899521446,47.58708230746738,10.93805649717022,48.940596701055334,11.21513957948017,106.53646275990683,0.0
2025-04-04 05:00:00,73.22140851663129,FR,1071.057860736614,9.507104239292195,4.653186685102785,0.0,5,4,4,0,71.40296547668761,49.32138512097015,31.50480251091221,64.683174462759,59.53842572379596,10.253091343123108,51.0634661412773,11.944979551379463,49.29635645330001,11.853483602638827,90.38503101676763,0.0
2025-04-04 06:00:00,63.1573741019736,FR,996.0724402146637,9.854933393752603,0.7055177165127389,301.0139387641597,6,4,4,0,73.22140851663129,55.57183740394799,36.66734525391561,69.17826590226169,61.51263119583148,9.462235659953176,53.27096854528213,11.481389732581185,49.04548596162133,11.471976657222022,97.1197121953002,212.37066671539537
2025-04-04 07:00:00,65.70981319148297,FR,1093.4609040279638,11.111629563248242,3.566419623461436,382.920045625595,7,4,4,0,63.1573741019736,71.40296547668761,36.61133137534172,57.89839814452641,63.06413063528226,9.216423418429565,55.69584202996057,10.68842458245678,49.37096158857786,11.839005239579764,123.4683115508523,1365.6535649358705
2025-04-04 08:00:00,61.93361243919879,FR,977.7955287051517,11.16841667995265,6.389178223034039,440.6327826444644,8,4,4,0,65.70981319148297,73.22140851663129,38.51779033585278,62.897594244070326,65.1661685216537,6.4902379094293225,57.64716053857274,9.316647920459529,49.33079568004155,11.792663014952577,124.73353113704457,2815.2813792269026
2025-04-04 09:00:00,72.6148989508646,FR,1126.3814765880427,9.086773987456771,2.3344737327830702,507.79274852189707,9,4,4,0,61.93361243919879,63.1573741019736,45.85033859162872,54.5692068167262,68.00667877947313,5.012730690295992,59.87754056850906,9.438664473167925,50.08269951896398,12.682885783494843,82.56946149912103,1185.428833122088
2025-04-04 10:00:00,59.16943791228031,FR,775.0449005295815,15.678497903801563,1.0752976663296483,585.3365161689392,10,4,4,0,72.6148989508646,65.70981319148297,50.2159751951291,49.6071991937957,65.9677575187386,5.783704837514327,60.623662461604994,8.946545533245807,50.48112613223418,12.8167883703817,245.81529651951,629.4109898539867
2025-04-04 11:00:00,49.03964770385955,FR,543.5284143262099,13.20280582737817,1.097746011460563,652.6229913196493,11,4,4,0,59.16943791228031,61.93361243919879,47.66825860068396,49.14408386149059,61.937464049943294,7.794126823129408,60.737944886869634,8.77308709944147,50.4767746256662,12.817279774123502,174.31408171545095,716.4142857086066
2025-04-04 12:00:00,41.03106532401399,FR,524.4595006064568,17.131972908567622,0.2226577139619077,797.6629568763284,12,4,4,0,49.03964770385955,72.6148989508646,51.31214126976048,40.632555914919244,58.24974592028337,11.469401046303055,59.881188558057424,10.168331324582402,50.49337918437849,12.804223765924634,293.50449573989494,177.60581049017904
2025-04-04 13:00:00,34.191693358175684,FR,479.2500832560172,22.05874634464561,0.8323999723912776,661.7800554064137,13,4,4,0,41.03106532401399,59.16943791228031,56.40081655477823,39.45567843272764,52.99672594806549,14.249966864690489,58.03042829167387,12.591764959583584,50.274046472938835,13.044350638719532,486.588290297416,550.865699849397
2025-04-04 14:00:00,40.18632723468805,FR,259.772014065141,17.195158758184803,1.6609075914666265,661.9963966379552,14,4,4,0,34.191693358175684,49.03964770385955,49.32138512097015,33.17961959240769,49.37217841398037,14.287911563997959,57.26917346781703,13.415352112994762,50.565992624700506,12.719488624869262,295.67348471917956,1099.5148406995318
2025-04-04 15:00:00,33.07045355863774,FR,154.56494764750292,14.886390706204363,-0.4092102497105996,617.5114427406082,15,4,4,0,40.18632723468805,41.03106532401399,55.57183740394799,46.675832949641205,42.78143751527588,9.855121166617868,55.394058147374515,15.13632836895653,49.999101816742034,13.194715296856428,221.60462825776764,-252.69201168303692
2025-04-04 16:00:00,28.32013731254664,FR,-73.41103945357031,20.01546397449526,2.4331604565458904,531.5532593107926,16,4,4,0,33.07045355863774,34.191693358175684,71.40296547668761,35.60772362039365,37.639887415320274,7.315278367946362,51.80382246702943,16.074336887294415,49.695452387248416,13.617387597825228,400.61879811431754,1293.354371103104
2025-04-04 17:00:00,31.770565629662507,FR,-115.54309665472383,23.113717740191518,4.206478136219979,436.7144927495826,17,4,4,0,28.32013731254664,40.18632723468805,73.22140851663129,31.50480251091221,34.76170706962076,4.946864845049566,48.349585559782035,15.496817051521774,49.70652585052968,13.602051498382579,534.2439477732441,1837.0299655215176
2025-04-04 18:00:00,30.18970568217253,FR,-280.5210543599387,24.814536531489402,0.5864114283528437,290.23531182003785,18,4,4,0,31.770565629662507,33.07045355863774,63.1573741019736,36.66734525391561,32.95481379598052,4.1077128168088795,45.60227985813194,15.555189424201844,49.43662420170704,13.932291592522954,615.7612232726221,170.19730376282138
2025-04-04 19:00:00,45.60867979915869,FR,366.9524354928537,18.087453823980397,5.440491635930222,331.95971162807854,19,4,4,0,30.18970568217253,28.32013731254664,65.70981319148297,36.61133137534172,34.85764486947769,6.651802464539851,43.927185408771585,14.217847124738858,49.811513719366076,13.691147946432144,327.1559858346231,1806.0240345783698
2025-04-04 20:00:00,44.03083711826615,FR,-181.78534897047632,20.87527082442919,3.423507965701874,265.35983218189426,20,4,4,0,45.60867979915869,31.770565629662507,61.93361243919879,38.51779033585278,35.49839651674071,7.409744993984595,42.43528746536054,13.047776407840622,50.04122400196664,13.538824797538107,435.77693199326455,908.4614992520275
2025-04-04 21:00:00,42.73964188482851,FR,7.865569847544691,18.018475691534597,4.463084959894799,18.379691878574135,21,4,4,0,44.03083711826615,30.18970568217253,72.6148989508646,45.85033859162872,37.10992790443917,7.816394710750282,39.94568270985753,8.98278789085106,49.9116116391833,13.595461622564907,324.6654662464232,82.0301263907648
2025-04-04 22:00:00,53.8281573393427,FR,106.31854688616028,17.599896113128285,1.0862546809424103,0.0,22,4,4,0,42.73964188482851,45.60867979915869,59.16943791228031,50.2159751951291,41.36126457557185,8.936170625184698,39.50057599544606,8.024893990357738,50.062119228525525,13.618951464818792,309.7563431929081,0.0
2025-04-04 23:00:00,50.7076058769747,FR,549.5753528376274,21.836153095268266,4.110974242779916,0.0,23,4,4,0,53.8281573393427,44.03083711826615,49.03964770385955,47.66825860068396,44.51743795012388,8.18388336233994,39.63957250987232,8.217276414837142,50.188758698370975,13.609851738650523,476.8175819999939,0.0
2025-04-05 00:00:00,44.88481146634257,FR,441.01006434159444,12.236338442956345,0.2180559878560584,0.0,0,5,4,1,50.7076058769747,42.73964188482851,41.03106532401399,51.31214126976048,46.96662224748555,4.329890609832702,39.96071802173304,8.350822575909037,49.92095328989523,13.649962691715452,149.72797849057133,0.0
2025-04-05 01:00:00,60.39169542688474,FR,878.9579370860072,14.492656597935458,4.182418790319701,0.0,1,5,4,1,44.88481146634257,53.8281573393427,34.191693358175684,56.40081655477823,49.430458185439896,6.865936505239594,42.14405152745879,9.972865296446905,50.087239909566335,13.756229035494735,210.03709526568215,0.0
2025-04-05 02:00:00,58.52554116307137,FR,615.3018751512263,13.797216682265192,2.7456024682337468,0.0,2,5,4,1,60.39169542688474,50.7076058769747,40.18632723468805,49.32138512097015,51.846242192907425,7.130974308555968,43.67231935482406,10.998064921038228,50.470746411320555,13.861844406692526,190.3631881773769,0.0
2025-04-05 03:00:00,52.96156194330847,FR,909.3522230380341,14.120365178273644,3.5084262286162518,0.0,3,5,4,1,58.52554116307137,44.88481146634257,33.07045355863774,55.57183740394799,53.549895535987424,5.570514045231923,45.329911720213296,10.751113566809957,50.361984933793906,13.830284874705367,199.38471276780288,0.0
2025-04-05 04:00:00,58.61690074904695,FR,765.9432912402679,11.504252168778285,0.05073457739698117,0.0,4,5,4,1,52.96156194330847,60.39169542688474,28.32013731254664,71.40296547668761,54.3480194376048,5.948583617376463,47.854642006588314,9.918629707485085,49.82923223680888,13.217206992828968,132.34781796283988,0.0
2025-04-05 05:00:00,55.61847868220107,FR,1411.992738699212,11.600060888905803,0.6117841040934751,0.0,5,5,4,1,58.61690074904695,58.52554116307137,31.770565629662507,73.22140851663129,55.16649823847586,5.679264842908917,49.841968094299865,8.719661353392349,49.09577682704096,12.320688495520491,134.5614126263221,0.0
2025-04-05 06:00:00,52.48855564493381,FR,762.4803161940974,10.214619522200177,3.596380225153454,401.34931316598664,6,5,4,1,55.61847868220107,52.96156194330847,30.18970568217253,63.1573741019736,56.43378893490773,3.258600471919642,51.700205591196635,6.147533754618167,48.65124272466429,11.97901275534497,104.33845198331298,1443.4047332490752
2025-04-05 07:00:00,62.45791611386234,FR,1044.9270551899397,11.887459149696962,0.505227780198283,495.8816870037477,7,5,4,1,52.48855564493381,58.61690074904695,45.60867979915869,65.70981319148297,56.778159049403996,3.8211496959007274,53.10430861742194,6.541319504234164,48.51574701309678,11.794644984665151,141.31168503571402,250.5332039658832
2025-04-05 08:00:00,64.92444486883176,FR,1059.768078078639,11.327501351141008,3.3283363728449307,496.80262559708774,8,5,4,1,62.45791611386234,55.61847868220107,44.03083711826615,61.93361243919879,57.844643000364066,5.089012188767542,54.845442596635756,6.685714995246106,48.64036503099814,11.957256298541354,128.31228686010135,1653.526248899649
2025-04-05 09:00:00,45.2276570394927,FR,936.3132100835734,14.189805454709374,-0.33235182427380705,556.6765111881933,9,5,4,1,64.92444486883176,52.48855564493381,42.73964188482851,72.6148989508646,56.555658849728104,7.139540581446817,55.05277719285777,6.303838451912783,47.49922995135765,10.822808554216191,201.3505788424999,-185.0124540237744
2025-04-05 10:00:00,51.38640953856028,FR,712.9424682244584,13.344744786268155,4.098272213980021,657.016044473036,10,5,4,1,45.2276570394927,62.45791611386234,53.8281573393427,59.16943791228031,55.35057698131365,7.329724210182054,54.84929820945922,6.385835783104753,47.17493710245264,10.571610230430961,178.0822134106311,2692.630599202905
2025-04-05 11:00:00,41.42602281565425,FR,603.4453826045753,16.004405829344368,-0.3182161784224786,731.155845426071,11,5,4,1,51.38640953856028,64.92444486883176,50.7076058769747,49.03964770385955,52.98516767022252,9.261476719440708,54.07583295434919,7.412640371488364,46.85770273211076,10.627309472232858,256.141005950352,-232.6656189627408
2025-04-05 12:00:00,38.373140608192635,FR,508.762294395822,16.49686671565758,3.251430326473586,706.9530199326708,12,5,4,1,41.42602281565425,45.2276570394927,44.88481146634257,41.03106532401399,50.632598497432326,11.035687347917834,53.533193716170025,8.32840589820882,46.74695586895154,10.704239278765328,272.14661143417084,2298.6084884011716
2025-04-05 13:00:00,34.2619553382692,FR,341.1900771230419,20.064594669372212,3.3980923184065412,609.2242150916239,13,5,4,1,38.373140608192635,51.38640953856028,60.39169542688474,34.191693358175684,45.93327170150013,10.99626993948747,51.35571537545207,9.678610121241402,46.749883451455425,10.700665160534848,402.5879592461998,2070.2001254901015
2025-04-05 14:00:00,29.849055206952855,FR,442.77582335898205,18.833053656862887,0.7532868142553897,612.9676691270115,14,5,4,1,34.2619553382692,41.42602281565425,58.52554116307137,40.18632723468805,40.087373424520315,7.714660911452953,48.9660082124422,11.172336202945726,46.31916378363314,11.173926679234457,354.6839100422766,461.7404627182383
2025-04-05 15:00:00,32.09481542478339,FR,588.5512097249967,16.30281397796547,3.3108835852839933,593.7887302355729,15,5,4,1,29.849055206952855,38.373140608192635,52.96156194330847,33.07045355863774,37.89856648873543,7.826789607718704,47.227112669231765,12.08086263659825,46.27851219472253,11.225876093097986,265.78174360014634,1965.9653600635834
2025-04-05 16:00:00,26.27665527847982,FR,-44.51105889378596,23.013228582365677,2.6677149777816513,521.2167197837086,16,5,4,1,32.09481542478339,34.2619553382692,58.61690074904695,28.32013731254664,33.71360744538869,5.556200044866803,44.53209221335118,12.889235931142284,46.19336710996975,11.374769606004342,529.6086897842125,1390.4576500372216
2025-04-05 17:00:00,31.35571417977433,FR,-256.9235090603498,19.002247031151352,1.069146738729063,539.2137746253727,17,5,4,1,26.27665527847982,29.849055206952855,55.61847868220107,31.770565629662507,32.03522267274204,4.087376954260487,42.51019517148229,12.895061045881619,46.176081632891076,11.397931531630602,361.0853922329004,576.4986486185052
2025-04-05 18:00:00,30.346255152998822,FR,-17.656409670250962,19.492222108432788,0.12972108296212337,280.70060288005016,18,5,4,1,31.35571417977433,32.09481542478339,52.48855564493381,30.18970568217253,30.697408430209737,2.663763415628615,40.66500346382103,12.921601233895853,46.182604527508836,11.388425784987913,379.946722724476,36.41278619372103
2025-04-05 19:00:00,30.97823138946382,FR,532.9789543863296,19.257143587480456,-1.7784209322306186,284.69279630591166,19,5,4,1,30.346255152998822,26.27665527847982,62.45791611386234,45.60867979915869,30.15012110540884,2.0520187158780527,38.04169640345449,11.172072303815892,45.57300251043822,11.804454547643886,370.83757914883967,-506.303628205701
2025-04-05 20:00:00,30.084820023310904,FR,-93.74761548616544,22.53266172697999,2.846130545713927,249.45565541641446,20,5,4,1,30.97823138946382,31.35571417977433,64.92444486883176,44.03083711826615,30.18941524146851,2.0473526043604235,35.138394332994416,7.461701956150832,44.991918464815086,12.219620892635456,507.7208445025088,709.983360681745
2025-04-05 21:00:00,34.89564843856993,FR,474.26997049553967,14.579661339819523,-0.9827750916095708,216.08511385584825,21,5,4,1,30.084820023310904,30.346255152998822,45.2276570394927,42.73964188482851,30.65622074376627,2.7629296124938474,34.277393616250855,6.754236338667909,44.665085404554304,12.386244722940694,212.56652478382802,-212.3630675651458
2025-04-05 22:00:00,45.20539277402135,FR,585.5401628152879,23.989203051738755,2.337518849997156,0.0,22,5,4,1,34.89564843856993,30.97823138946382,51.38640953856028,53.8281573393427,33.81101032635653,5.847230617252617,33.762308885872606,5.438380324668627,44.305803547665924,12.233010194530324,575.481863057552,0.0
2025-04-05 23:00:00,47.82535027685851,FR,259.87282910714026,18.56149318204851,1.6199340189500413,0.0,23,5,4,1,45.20539277402135,30.084820023310904,41.42602281565425,50.7076058769747,36.55594967587056,7.9512970305784965,34.2955861743063,6.473440788637237,44.18570956432774,12.181469137868737,344.52902914723325,0.0
2025-04-06 00:00:00,44.303456248991125,FR,613.796615837055,15.590670090687182,3.50511600199093,0.0,0,6,4,1,47.82535027685851,34.89564843856993,38.373140608192635,44.88481146634257,38.88214985853594,7.811682669394594,34.78977914437284,7.016604236020984,44.16148643027143,12.180596502803494,243.06899387664785,0.0
2025-04-06 01:00:00,53.272736567682585,FR,955.088847176968,13.77730243639595,1.542739452134811,0.0,1,6,4,1,44.303456248991125,45.20539277402135,34.2619553382692,60.39169542688474,42.5979007215724,8.566074508751237,36.374010913490615,8.804873230291964,43.86486314447134,11.850376920805983,189.81406242392177,0.0
2025-04-06 02:00:00,59.58792656150702,FR,674.1744518025026,13.334851651131853,1.4879348784203568,0.0,2,6,4,1,53.272736567682585,47.82535027685851,29.849055206952855,58.52554116307137,47.51508514460508,8.413081908874252,38.8522501930368,10.767773941625117,43.9091292027395,11.90935908624161,177.8182685576939,0.0
2025-04-06 03:00:00,49.800766309333895,FR,812.8373185728015,12.892950547835838,3.610571859691131,0.0,3,6,4,1,59.58792656150702,44.303456248991125,32.09481542478339,52.96156194330847,49.99927145639908,5.7069571900632905,40.32774610008267,10.968867243573182,43.77742938465722,11.822057040713519,166.22817382894044,0.0
2025-04-06 04:00:00,62.285395101364664,FR,816.6765191024906,12.500630196418818,2.816946509282775,0.0,4,6,4,1,49.800766309333895,53.272736567682585,26.27665527847982,58.61690074904695,52.8459385109563,6.959788550338173,43.32847441865641,11.677987395727008,43.930283316003795,12.04390138349251,156.26575530761798,0.0
2025-04-06 05:00:00,56.68345115439563,FR,780.0115670059608,11.997081904586707,2.779142365480096,0.0,5,6,4,1,62.285395101364664,59.58792656150702,31.35571417977433,55.61847868220107,54.32228865721248,6.61265184132935,45.43911916654152,11.605953983802022,43.9746571690119,12.090707920396145,143.92997422536183,0.0
2025-04-06 06:00:00,62.25554764272129,FR,870.1444909867986,11.07899118223647,3.0853656307315918,356.3088951830984,6,6,4,1,56.68345115439563,49.800766309333895,30.346255152998822,52.48855564493381,57.31430388950085,5.049405633910518,48.098226874018394,11.48844211125036,44.381615168919716,12.54555134751222,122.74404561607345,1099.343219121877
2025-04-06 07:00:00,54.01073259349155,FR,738.174859792083,10.856441589274306,-0.9243137952996721,429.462920946969,7,6,4,1,62.25554764272129,62.285395101364664,30.97823138946382,62.45791611386234,57.43730322713568,4.9390491017504985,50.01760197435403,10.222447637702357,44.029649188904266,12.127912242638882,117.86232398132482,-396.95850240097593
2025-04-06 08:00:00,46.35295116315851,FR,939.8293955440646,11.613252497511017,3.660407811088503,627.3431097859777,8,6,4,1,54.01073259349155,56.68345115439563,30.084820023310904,64.92444486883176,55.23147399407759,6.496377674779756,51.37327956934134,8.221603035035708,43.25583695116788,11.301054721561274,134.86763357094586,2296.331619293145
2025-04-06 09:00:00,44.08278271917259,FR,699.5587443815455,12.458758276974123,3.3717680391417444,563.740672475764,9,6,4,1,46.35295116315851,62.25554764272129,34.89564843856993,45.2276570394927,54.27847672905071,7.750691877890659,52.13887409272488,6.86326001303997,43.20813385448787,11.294784137987197,155.2206578040712,1900.802781818055
2025-04-06 10:00:00,48.81198808841433,FR,796.7571823581495,16.253418814771763,0.11346419396154506,632.9550918713021,10,6,4,1,44.08278271917259,54.01073259349155,45.20539277402135,51.38640953856028,52.03290889355898,6.868514100510249,52.43942370225764,6.606186938619881,43.10086629406513,11.22575117627493,264.17362316837676,71.81773931303299
2025-04-06 11:00:00,45.977848169870796,FR,318.23039331053513,16.339886622878048,1.5282733665467778,787.6517043114105,11,6,4,1,48.81198808841433,46.35295116315851,47.82535027685851,41.42602281565425,50.24864172947151,6.809067350455876,52.28546519334199,6.743593664724701,43.29052568382414,11.2346724289338,266.991894848509,1203.7471218143066
2025-04-06 12:00:00,36.28718440149407,FR,566.1760464428914,10.577183210475301,1.937819738639918,658.3969347575072,12,6,4,1,45.977848169870796,44.08278271917259,44.303456248991125,38.373140608192635,45.920581189266976,5.8340525158499,51.61744253938391,7.9034749605748145,43.20361084187837,11.28233651804212,111.8768046679606,1275.8545760331158
2025-04-06 13:00:00,40.41688725335042,FR,537.2962697705245,19.026863857663724,1.7474407450917149,660.5682750543469,13,6,4,1,36.28718440149407,48.81198808841433,53.272736567682585,34.2619553382692,43.65494029924346,4.565570481991549,50.546121763189554,8.506969244021825,43.46006633834009,11.139295616517154,362.0215482580701,1154.303918744917
2025-04-06 14:00:00,25.861408744007136,FR,-148.74712851429095,19.22788163025374,2.6841542470322497,645.7576201530111,14,6,4,1,40.41688725335042,45.977848169870796,59.58792656150702,29.849055206952855,40.239683229384895,8.289376171899047,47.735578611731235,10.569444691958507,43.29391440238402,11.378317341527717,369.71143198704925,1733.313058687143
2025-04-06 15:00:00,31.521808291822676,FR,221.25792337624088,19.714029538263766,4.879167877557547,639.5240975217692,15,6,4,1,25.861408744007136,36.28718440149407,49.800766309333895,32.09481542478339,38.14618749149324,8.700624919020308,46.21233211027197,11.519243823706447,43.270039105177325,11.403411790597085,388.64296063553627,3120.345433552197
2025-04-06 16:00:00,24.376324861722726,FR,312.52109660243923,19.61491681153625,4.179967769240838,535.3901253676657,16,6,4,1,31.521808291822676,40.41688725335042,62.285395101364664,26.27665527847982,34.0735769537113,8.424218003140016,43.05324292363514,11.902377477338256,43.190858671145776,11.532404790436328,384.74496152348746,2237.913468006654
2025-04-06 17:00:00,26.744249511864343,FR,-224.89111688277526,22.964505209624946,-0.6080040729676321,375.9553984282691,17,6,4,1,24.376324861722726,25.861408744007136,56.68345115439563,31.35571417977433,30.867977177376897,6.406081373630219,40.55830945342421,11.923379856344434,42.99871430998286,11.774051289271101,527.3684995228913,-228.58241349855655
2025-04-06 18:00:00,30.834439056826575,FR,334.5144773675407,22.59737584675247,3.2605742945072778,323.3915718436406,18,6,4,1,26.744249511864343,31.521808291822676,62.25554764272129,30.346255152998822,29.959186286598978,5.845807136683548,37.93988373793298,10.024272954373687,43.019055305975684,11.751642745671328,510.64139515939195,1054.4422462136781
2025-04-06 19:00:00,27.870904797376106,FR,100.84088872867486,18.805278976696552,4.674300952966,229.04561255350734,19,6,4,1,30.834439056826575,24.376324861722726,54.01073259349155,30.97823138946382,27.868189210603262,2.815354430042653,35.761564754923356,9.002614780606551,42.889583364638696,11.906169715447598,353.63851739138534,1070.6281250315405
2025-04-06 20:00:00,32.69986061236977,FR,-74.01507304390105,20.50045825166376,2.7900513552735857,171.1389477388477,20,6,4,1,27.870904797376106,26.744249511864343,46.35295116315851,30.084820023310904,29.0079311886637,3.1985907168007928,34.6238072090243,8.38386145128044,42.99854338918282,11.795341247609587,420.2687885282087,477.4864530788674
2025-04-06 21:00:00,42.810969137483795,FR,135.29279387518497,16.81026443547067,4.198395164267114,123.80480951619988,21,6,4,1,32.69986061236977,30.834439056826575,44.08278271917259,34.89564843856993,30.889457996273887,6.543979410546244,34.51782274388356,8.260547370351023,43.32834841830422,11.668909813352418,282.58499039045006,519.7815135858248
2025-04-06 22:00:00,38.543977297276825,FR,361.6653825043443,14.857037791617236,6.040975205296711,0.0,22,6,4,1,42.810969137483795,27.870904797376106,48.81198808841433,45.20539277402135,33.250733402199565,6.274318542655059,33.662155177955434,7.094836952616847,43.05078944010654,11.701500218156385,220.73157194154274,0.0
2025-04-06 23:00:00,49.49922489906231,FR,385.7915557312215,15.098513251512806,4.063853406109143,0.0,23,6,4,1,38.543977297276825,32.69986061236977,45.977848169870796,47.82535027685851,37.043229300065896,8.151274236215517,33.9556032387214,7.697738555363767,43.1205342160317,11.736132638048302,227.9651024061078,0.0
2025-04-07 00:00:00,48.54269819969579,FR,607.7511984892739,16.77154734397071,2.515051505178638,0.0,0,0,4,0,49.49922489906231,42.810969137483795,36.28718440149407,44.303456248991125,39.994605823877436,8.644551194216257,34.97689605523821,8.77308677931411,43.29716929731106,11.786503653744779,281.28480031105096,0.0
2025-04-07 01:00:00,60.42509593011287,FR,445.2748039353871,15.695908665157026,4.106611262064687,0.0,1,0,4,0,48.54269819969579,38.543977297276825,40.41688725335042,53.272736567682585,45.42030434600022,9.668845840433356,36.64424677830174,11.406912734441358,43.595184270745655,12.134967065972655,246.3615488249514,0.0
2025-04-07 02:00:00,68.03883404793757,FR,783.8721648072155,13.692482478387452,2.306209980088963,0.0,2,0,4,0,60.42509593011287,49.49922489906231,25.861408744007136,59.58792656150702,51.31013325192819,11.037033924752237,40.15903222029595,13.988307301459333,43.94730541601359,12.727357142494913,187.4840764209474,0.0
2025-04-07 03:00:00,50.789570214304305,FR,570.8104912122777,13.203465401549485,2.064240400465091,0.0,3,0,4,0,68.03883404793757,48.54269819969579,31.521808291822676,49.800766309333895,52.63990009806495,10.261638322626967,41.764679047169416,14.012558110561026,43.98850557872069,12.748711956096145,174.3314986099143,0.0
2025-04-07 04:00:00,60.584117862112606,FR,910.7674896224793,12.145123735524951,1.3136058424677153,0.0,4,0,4,0,50.789570214304305,60.42509593011287,24.376324861722726,62.285395101364664,56.31325685887091,7.873504457938763,44.78199513053524,13.824996112733107,43.91761902708519,12.646875681521308,147.50403055121154,0.0
2025-04-07 05:00:00,67.88193058502756,FR,802.1813848515762,9.505477918910234,5.143261031559397,0.0,5,0,4,0,60.584117862112606,68.03883404793757,26.744249511864343,56.68345115439563,59.37704113986512,8.258848560859759,48.21013521996551,14.044269973624855,44.384222336694855,13.32665879155011,90.35411046689003,0.0
2025-04-07 06:00:00,63.38732736954053,FR,852.8940114820467,11.666243045850182,0.3795769820111776,417.31128781013746,6,0,4,0,67.88193058502756,50.789570214304305,30.834439056826575,62.25554764272129,61.8511460015059,6.372050490327809,50.922875912691666,13.5169304934502,44.43137982531232,13.394477374898168,136.10122680484773,158.40175918616993
2025-04-07 07:00:00,64.68275774306068,FR,1230.1815481866217,12.754505617120651,5.081169763251412,466.69919758677116,7,0,4,0,63.38732736954053,60.584117862112606,27.870904797376106,54.01073259349155,62.56075630366388,6.418383952673013,53.99053032483206,11.888865846163833,44.8760475398777,13.894142272837195,162.67741353716224,2371.377851311598
2025-04-07 08:00:00,57.357435732902005,FR,1151.2747260110732,13.326949861221518,3.016162561375923,520.1042376778547,8,0,4,0,64.68275774306068,67.88193058502756,32.69986061236977,46.35295116315851,60.780523251157945,6.066763448199592,56.045328251543076,9.826557443873641,45.33456773028369,14.124667579008907,177.60759260351224,1568.7189296969102
2025-04-07 09:00:00,57.65344384595291,FR,975.3810147747092,15.128969717405099,-0.7821780357087027,711.1091094376357,9,0,4,0,57.357435732902005,63.38732736954053,42.810969137483795,44.08278271917259,61.92450218976605,4.150552971159897,57.28220114391549,8.899709204430662,45.90001194389953,14.342332716446377,228.8857247101605,-556.2139263944947
2025-04-07 10:00:00,52.793177178147026,FR,531.5374470654842,15.30505445221609,2.7517328998780233,697.5607474385482,10,0,4,0,57.65344384595291,64.68275774306068,38.543977297276825,48.81198808841433,60.62601207577179,5.614329108578822,58.46963446732135,6.897716299457362,46.06589482263839,14.400382526631343,234.24469178529958,1919.5008583901576
2025-04-07 11:00:00,55.51814596956242,FR,566.1278326123002,15.758922382959318,-2.183618701408068,716.7612602513944,11,0,4,0,52.793177178147026,57.357435732902005,49.49922489906231,45.977848169870796,58.56538130652759,4.594958203079661,58.971211223196356,6.3859752387661555,46.463407230958886,14.528949065472439,248.34363467213618,-1565.1332923297603
2025-04-07 12:00:00,47.08087174352218,FR,742.6195399958367,18.501513745996547,3.2674503475572516,636.1847791730831,12,0,4,0,55.51814596956242,57.65344384595291,48.54269819969579,36.28718440149407,55.847638702191205,5.829138037958154,58.84939235184856,6.61290534597491,46.913144203543375,14.366400615542917,342.3060108932992,2078.702177819724
2025-04-07 13:00:00,43.91193826983955,FR,398.93386017672054,17.56527257566591,3.7868972798731617,623.6586583279969,13,0,4,0,47.08087174352218,52.793177178147026,60.42509593011287,40.41688725335042,52.38583545665435,5.698971440663723,57.47329588015911,7.856419974401224,47.05877132923043,14.315310504497656,308.53880065744096,2361.7312767916374
2025-04-07 14:00:00,37.1096242247396,FR,713.8659079963389,16.977912727920582,0.8317224025910728,667.7446654316462,14,0,4,0,43.91193826983955,55.51814596956242,68.03883404793757,25.861408744007136,49.01120020529395,7.780851100290418,54.895861728225945,9.056826695824578,47.527446974260954,13.764687371827927,288.2495205968877,555.3781974501809
2025-04-07 15:00:00,34.41417616469679,FR,225.11017728560083,19.328565912827862,2.2635297058063446,604.7634333037039,15,0,4,0,37.1096242247396,47.08087174352218,50.789570214304305,31.521808291822676,45.13798892508459,8.379526969881663,53.53124555742533,10.79805914287316,47.64796230229737,13.63046627682596,373.59346024653115,1368.8999962683679
2025-04-07 16:00:00,33.26861492143691,FR,105.39712140578708,18.80540121766095,5.924749181395752,494.2938717495843,16,0,4,0,34.41417616469679,43.91193826983955,60.584117862112606,24.376324861722726,41.88389521563291,8.600322529116653,51.25495364570235,11.989510672851486,48.01847438811879,13.080125767645944,353.643114957204,2928.5672120172862
2025-04-07 17:00:00,36.975690762766625,FR,-44.786205985034464,19.269176009263983,1.0049409053713065,447.63580076648526,17,0,4,0,33.26861492143691,37.1096242247396,67.88193058502756,26.744249511864343,38.79348601450028,5.490385071588273,48.67943366051393,11.398059547486332,48.44478444023972,12.5109543863159,371.30114407599467,449.8475268988815
2025-04-07 18:00:00,33.49252329614319,FR,26.708180956456463,20.31653837063555,-0.10138086021802106,429.4313464021799,18,0,4,0,36.975690762766625,34.41417616469679,63.38732736954053,30.834439056826575,36.52876127327045,3.984148987429635,46.18819998773082,11.155587847429937,48.55553795021125,12.359124403940573,412.76173136550653,-43.53611930283598
2025-04-07 19:00:00,38.62184590827793,FR,-13.456880420642964,18.669447259903677,4.979761118820377,294.18345794163287,19,0,4,0,33.49252329614319,33.26861492143691,64.68275774306068,27.870904797376106,35.64707921301017,2.216877847988559,44.01645733483226,9.664941311604647,49.00349382983216,11.756979851712774,348.54826099032493,1464.963345657873
2025-04-07 20:00:00,49.999642326746084,FR,208.6090334454988,18.973683407696434,5.94160869495677,117.94957451236306,20,0,4,0,38.62184590827793,36.975690762766625,57.357435732902005,32.69986061236977,37.795415563344584,6.3362082122029335,43.40330788431927,8.948475579520945,49.72431806793117,11.232571009534032,360.00066205549496,700.8102174891078
2025-04-07 21:00:00,47.13512860857006,FR,337.78707276564296,14.8696013602055,2.0238256575908746,96.93718522756124,21,0,4,0,49.999642326746084,33.49252329614319,57.65344384595291,42.810969137483795,39.915574303990134,7.064908972165327,42.52678161453736,7.8767084642784795,49.904491379226435,11.151243632397623,221.10504461142526,196.18396263817755
2025-04-07 22:00:00,44.79831898405337,FR,92.80210789840987,17.946114325500805,4.039360384711893,0.0,22,0,4,0,47.13512860857006,38.62184590827793,52.793177178147026,38.543977297276825,41.83719164775954,6.43534212310473,41.86054343169622,7.241938608492366,50.16508894950879,10.945392607622225,322.0630193839452,0.0
2025-04-07 23:00:00,56.326833949556324,FR,104.3438867371836,16.257611440977016,4.699386144956942,0.0,23,0,4,0,44.79831898405337,49.999642326746084,55.51814596956242,49.49922489906231,45.06238217889116,8.136000990826561,41.927934096695715,7.38297414291796,50.449572659946035,11.0158356916416,264.30992976578676,0.0
2025-04-08 00:00:00,52.150855607876125,FR,132.75892537934067,13.31583592662864,0.5314658488184119,0.0,0,1,4,0,56.326833949556324,47.13512860857006,47.08087174352218,48.54269819969579,48.17210423084665,6.153619327808086,42.350432752058545,7.835842332229859,50.599912551953544,11.013300992194187,177.311486424894,0.0
2025-04-08 01:00:00,47.58545236464718,FR,731.0077879337691,15.01140270082949,1.0458226431594433,0.0,1,1,4,0,52.150855607876125,44.79831898405337,43.91193826983955,60.42509593011287,49.66603864024152,4.125065827953377,42.65655892662585,7.972949993892904,50.06492740339248,10.825529597072958,225.34221104647094,0.0
2025-04-08 02:00:00,55.79055939006105,FR,529.3266787652253,14.444704703005812,4.47818334020465,0.0,2,1,4,0,47.58545236464718,56.326833949556324,37.1096242247396,68.03883404793757,50.63119148412735,4.8350839361421185,44.213303523735966,8.591217959771134,49.55458262598096,10.212713289538659,208.6494939570382,0.0
2025-04-08 03:00:00,53.79383310981147,FR,422.9752720027772,8.441406888675372,5.386462871312199,0.0,3,1,4,0,55.79055939006105,52.150855607876125,34.41417616469679,50.789570214304305,51.74097556766758,4.6320687710326895,45.82827493582886,8.401111098397031,49.67976024662709,10.246863309515618,71.25735026017603,0.0
2025-04-08 04:00:00,62.81102671925845,FR,1010.7284227984121,9.490570393722434,3.1421960342438897,0.0,4,1,4,0,53.79383310981147,47.58545236464718,33.26861492143691,60.584117862112606,54.743093523535094,5.050734287864738,48.290142585647324,8.708953778734658,49.77254811567483,10.359363105257415,90.0709263982008,0.0
2025-04-08 05:00:00,65.08866184507262,FR,1481.5628166310923,9.153409199341372,0.25680560689107135,0.0,5,1,4,0,62.81102671925845,55.79055939006105,36.975690762766625,67.88193058502756,56.203398172787814,6.622343941232192,50.632890175839485,9.1582872015275,49.65616191817671,10.160849415011459,83.78489997058725,0.0
2025-04-08 06:00:00,72.78474086113191,FR,998.7858176920213,8.8258445438444,5.990556537294062,452.6486012250832,6,1,4,0,65.08866184507262,53.79383310981147,33.49252329614319,63.38732736954053,59.64237904833045,9.020371208699384,53.90724163958854,9.491011302745752,50.04772081365968,10.86936744212638,77.89553191210797,2711.6170371659355
2025-04-08 07:00:00,64.46166524502495,FR,1150.6610680348626,12.715889040088614,0.9544925182712509,495.0251484967159,7,1,4,0,72.78474086113191,62.81102671925845,38.62184590827793,64.68275774306068,62.455081195060075,6.88801512638138,56.0605599176508,8.59695205363721,50.03850862624153,10.856510507154594,161.69383407984574,472.49780059623026
2025-04-08 08:00:00,59.281859022436784,FR,949.3785736017325,11.333967713608592,1.3461587515522764,506.1849637537501,8,1,4,0,64.46166524502495,65.08866184507262,49.999642326746084,57.357435732902005,63.036964467122694,6.3379132389135115,56.83407797562503,8.41775998267148,50.11869292997215,10.919839131295795,128.45882413312196,681.4053188612825
2025-04-08 09:00:00,61.367522814505854,FR,833.7754599550452,12.125366081394422,2.701109982874423,598.4283259023215,9,1,4,0,59.281859022436784,72.78474086113191,47.13512860857006,57.65344384595291,64.29924608457176,4.661269139890073,58.02011082611967,7.914589121578927,50.273446220328516,11.056721995341142,147.0245026078303,1616.4207251295893
2025-04-08 10:00:00,42.515886810068,FR,933.8152965975537,9.783974818560285,5.124755155324728,594.5261739586755,10,1,4,0,61.367522814505854,64.46166524502495,44.79831898405337,52.793177178147026,60.91672276637335,10.122137228731297,57.829908144954224,8.280200857815656,49.84522578832522,11.153484672230555,95.72616325022176,3046.801074970208
2025-04-08 11:00:00,50.85730845180621,FR,571.3546137135303,16.230828940775446,3.8547824042189864,772.8601830917171,11,1,4,0,42.515886810068,59.281859022436784,56.326833949556324,55.51814596956242,58.54483053416229,10.604902776496765,57.37411435347505,8.517596371273715,49.651024225085386,11.090815263242861,263.4398081047138,2979.2078347034153
2025-04-08 12:00:00,49.66309349645095,FR,553.4784628143807,13.78666339213759,2.97656145183836,794.8644347386555,12,1,4,0,50.85730845180621,61.367522814505854,52.150855607876125,47.08087174352218,54.691222640048785,8.358567561158093,57.166800844189616,8.684916869983086,49.75861679812408,11.077314946368764,190.07208748810677,2365.9628358803698
2025-04-08 13:00:00,34.83099373056434,FR,434.93003868794233,17.64214726717753,3.0734075113507515,695.9087256135001,13,1,4,0,49.66309349645095,42.515886810068,47.58545236464718,43.91193826983955,49.75277738763868,10.019640242502764,56.10392929134938,10.545293137441517,49.38024410898762,11.435020858734314,311.24536019677964,2138.8111045150604
2025-04-08 14:00:00,44.88777927138658,FR,116.38190927139038,19.200382818773242,2.233859788401471,704.2854235338209,14,1,4,0,34.83099373056434,50.85730845180621,55.79055939006105,37.1096242247396,47.35376409579698,8.947616153678007,55.19536428145984,11.033145174877761,49.7043339025979,11.179496866298875,368.65470038744274,1573.2748871895017
2025-04-08 15:00:00,38.544689322531326,FR,344.855079314031,22.279983944873536,3.2631094801515514,606.251712361988,15,1,4,0,44.88777927138658,49.66309349645095,53.79383310981147,34.41417616469679,43.549958513801236,6.240190985360404,53.924602299186496,12.04135250529646,49.87643861750768,10.963584618768307,496.3976845838225,1978.2657099665146
2025-04-08 16:00:00,33.354966291031005,FR,31.99534676869903,17.58153262151647,-2.912289704274067,458.1637280562036,16,1,4,0,38.544689322531326,34.83099373056434,62.81102671925845,33.26861492143691,42.023138427295066,7.531021210213117,51.46993059683421,13.027147529340786,49.88003659124076,10.957910079543579,309.1102893214478,-1334.305508089905
2025-04-08 17:00:00,38.16733938140656,FR,-134.11194504310313,14.48447516005194,1.5536155329749424,419.99549733769936,17,1,4,0,33.354966291031005,44.88777927138658,65.08866184507262,36.975690762766625,39.90814358222846,6.2220062590093015,49.226487058195374,12.784454073613311,49.92968861701743,10.899439979753675,209.80002066216167,652.5115284433858
2025-04-08 18:00:00,46.950909989266485,FR,107.30196871408072,20.87724171405482,2.629474320948101,356.5963983385979,18,1,4,0,38.16733938140656,38.544689322531326,72.78474086113191,33.49252329614319,39.456112997697716,5.41816076496004,47.073667818873254,10.411690484478232,50.4904547292309,10.3493224399236,435.8592215870706,937.6610723739233
2025-04-08 19:00:00,38.08230289908834,FR,-162.65650950274164,23.759276377406145,-0.15519771612447508,236.6859482769457,19,1,4,0,46.950909989266485,33.354966291031005,64.46166524502495,38.62184590827793,39.997997859118385,5.010311788868486,44.875387623378536,9.110180344509438,50.46797377051467,10.376774130674033,564.5032139779697,-36.73311861133761
2025-04-08 20:00:00,40.86374126502057,FR,72.62352958160635,21.97146608533423,2.919477086737659,164.06733612824817,20,1,4,0,38.08230289908834,38.16733938140656,59.281859022436784,49.999642326746084,39.32732485805738,4.464456447258944,43.340544476927185,7.938555006631671,50.08731122627611,10.560643515458896,482.74532193899233,478.99082850850624
2025-04-08 21:00:00,40.482700593710376,FR,144.62281007788545,18.980116437143167,1.7378880091422961,97.94264870925271,21,1,4,0,40.86374126502057,46.950909989266485,61.367522814505854,47.13512860857006,39.650326736587225,4.466615055614803,41.60014262519423,5.560203985283645,49.81012672565694,10.727483226966706,360.2448199675122,170.21335477544648
2025-04-08 22:00:00,42.17921479756861,FR,467.1791131663154,16.44022145197167,5.657781847745519,0.0,22,1,4,0,40.482700593710376,38.08230289908834,42.515886810068,44.79831898405337,41.12103482101016,3.2722795828963473,41.57208662415261,5.556011023583215,49.70099738455341,10.793801352694512,270.2808813898695,0.0
2025-04-08 23:00:00,54.47244342145783,FR,465.53012402472973,17.773412596008026,5.292869901544252,0.0,23,1,4,0,42.17921479756861,40.86374126502057,50.85730845180621,56.326833949556324,43.8385521610187,5.979388936168807,41.87334787162359,6.169401064743729,49.623731112549315,10.750860634926138,315.89419530793674,0.0
2025-04-09 00:00:00,49.91081334343955,FR,494.9946082509712,12.906887701836926,1.2152193128782134,0.0,0,2,4,0,54.47244342145783,40.482700593710376,49.66309349645095,52.150855607876125,44.33186938671421,6.39516807527936,41.89399119220597,6.198183055065943,49.53039601819779,10.737682699651751,166.58775014782927,0.0
2025-04-09 01:00:00,58.133906226633414,FR,792.9627823913178,14.54959381515796,1.8451550279811484,0.0,1,2,4,0,49.91081334343955,42.17921479756861,34.83099373056434,47.58545236464718,47.673803274638395,7.601564056627465,43.83590056687839,7.331060744122504,49.969914929113884,10.869685451192895,211.69068018608277,0.0
2025-04-09 02:00:00,58.442703710822485,FR,1028.0415098034628,13.484471658566793,1.998935319897754,0.0,2,2,4,0,58.133906226633414,54.47244342145783,44.88777927138658,55.79055939006105,50.60363034893871,7.835915166116051,44.965477603498044,8.464524289222378,50.080420942478945,10.944656412038132,181.83097591069108,0.0
2025-04-09 03:00:00,65.54269184367271,FR,965.1154518636463,13.680913344891922,1.2435114987952938,0.0,3,2,4,0,58.442703710822485,49.91081334343955,38.544689322531326,53.79383310981147,54.78029555726577,8.03844485098099,47.215311146926496,10.043469601191399,50.56995672305649,11.372368298051823,187.16738995044187,0.0
2025-04-09 04:00:00,66.23690466589973,FR,935.0832258608954,16.43930694115786,2.5368804191707923,0.0,4,2,4,0,65.54269184367271,58.133906226633414,33.354966291031005,62.81102671925845,58.789910535320956,6.310111891772895,49.955472678165556,10.397526523168533,50.71270163749988,11.552767281493065,270.250812705601,0.0
2025-04-09 05:00:00,70.18426967041435,FR,720.5956666745024,11.380492745754344,0.6302663133393587,0.0,5,2,4,0,66.23690466589973,58.442703710822485,38.16733938140656,65.08866184507262,61.408548243480375,7.336686957668246,52.62355020224954,11.176333049785967,50.92501863022246,11.870899344027732,129.51561513616724,0.0
2025-04-09 06:00:00,61.85247230548176,FR,786.9772673849254,9.591690407127976,-0.11440021876051354,419.3174698631422,6,2,4,0,70.18426967041435,65.54269184367271,46.950909989266485,72.78474086113191,63.39882473715408,4.76165591339151,53.86534706193414,11.315733486650853,50.4695074404037,11.185592043929613,92.00052486619083,-47.97001028244851
2025-04-09 07:00:00,61.477653699737274,FR,921.9179722736008,10.909757644321969,3.392252898915076,425.4776364367512,7,2,4,0,61.85247230548176,66.23690466589973,38.08230289908834,64.46166524502495,63.956115982671385,4.182700687983444,55.81495962865489,10.320918418998486,50.34517362601671,11.038922415281597,119.02281185784165,1443.3277456261042
2025-04-09 08:00:00,55.48354308756957,FR,811.1102614603628,8.087435093856804,3.4058896195581605,394.8431456086349,8,2,4,0,61.477653699737274,70.18426967041435,40.86374126502057,59.281859022436784,63.46292254546257,5.047816621286693,57.03327644720064,9.197303374805317,50.186910462063906,10.931937549407273,65.40660639734662,1344.792170982141
2025-04-09 09:00:00,54.99902860820785,FR,816.1591299961846,11.16893641431837,0.5381989317945544,579.421845316927,9,2,4,0,55.48354308756957,61.85247230548176,40.482700593710376,61.367522814505854,61.70564533955176,5.936096097394816,58.24297044840876,7.646452364093517,49.921556536801496,10.724063617735448,124.7451406270869,311.84421820799963
2025-04-09 10:00:00,55.45806582033168,FR,761.3299849794214,12.877101583628427,3.9375413126397385,649.8996832601126,10,2,4,0,54.99902860820785,61.477653699737274,42.17921479756861,42.515886810068,59.90917219862376,5.9215239369175805,59.34954136697235,5.8633532844713026,50.46081399556249,10.660690195776969,165.81974519508574,2559.006851908174
2025-04-09 11:00:00,53.46417874449014,FR,735.3480734226067,13.816526372498412,1.1387683303160212,637.5441282047282,11,2,4,0,55.45806582033168,55.48354308756957,54.47244342145783,50.85730845180621,57.12249037763638,3.5969144504127466,59.26551931055838,5.946234266553801,50.56943359109098,10.67817174166267,190.89640100194413,726.0150623784816
2025-04-09 12:00:00,41.19794090612799,FR,485.9002443881818,16.47460021392258,2.9082542647226464,674.2390803095878,12,2,4,0,53.46417874449014,54.99902860820785,49.91081334343955,49.66309349645095,53.68006847774408,6.70530988738878,58.53944660744909,7.516862306639226,50.21671889982753,10.847870416567966,271.412452208578,1960.8586807530337
2025-04-09 13:00:00,46.571954559991845,FR,467.89080621398,15.782152429891076,4.042611813871596,764.5837991443414,13,2,4,0,41.19794090612799,55.45806582033168,58.133906226633414,34.83099373056434,51.195785287786514,5.958168742082294,57.575950635228956,8.276208603583775,50.70592560105367,10.37843655103594,249.0763353203168,3090.9154991157416
2025-04-09 14:00:00,45.94719834937669,FR,262.8948829620242,20.79240056551641,2.334698659239258,686.3552494396406,14,2,4,0,46.571954559991845,53.46417874449014,58.442703710822485,44.88777927138658,49.6063944980877,5.856700320176934,56.534658521775135,8.918403164221434,50.75006806263659,10.354840568515678,432.3239212768871,1602.4326806285553
2025-04-09 15:00:00,38.919381801177764,FR,-248.64670386404782,19.46379117104323,3.3114056129289526,551.2591676963868,15,2,4,0,45.94719834937669,41.19794090612799,65.54269184367271,38.544689322531326,46.92645336358269,6.535195850678322,54.31604935156722,9.74681138913354,50.765680249246856,10.335903340855022,378.8391667499804,1825.4427020883581
2025-04-09 16:00:00,44.81538492332534,FR,-120.87978065597011,20.085283065488067,1.3690645008715405,445.1200415202285,16,2,4,0,38.919381801177764,46.571954559991845,66.23690466589973,33.354966291031005,45.15267321408163,5.026616093722081,52.53092270635269,9.317234091569365,51.24319769225912,9.744365496050357,403.4185958207817,609.398047471811
2025-04-09 17:00:00,31.134484055357273,FR,-11.780424288857276,19.772420326678358,2.0089906217904896,424.2357999053937,17,2,4,0,44.81538492332534,45.94719834937669,70.18426967041435,38.16733938140656,41.431057432559484,5.84226506972167,49.27677390509793,9.409919703801433,50.95016205367373,10.247444159585791,390.9486055748435,852.2857434377227
2025-04-09 18:00:00,29.37417218368742,FR,-241.93894856822152,20.72463428027599,1.9902049268860034,339.32716103247816,18,2,4,0,31.134484055357273,38.919381801177764,61.85247230548176,46.950909989266485,39.46042931215272,7.6508064043001,46.570248894948406,10.108837315612824,50.217797978441276,11.13531265439224,429.5104660511907,675.3305877130783
2025-04-09 19:00:00,28.279370379274475,FR,137.02283285470673,21.713160831730313,0.9087670955662062,284.22329358228376,19,2,4,0,29.37417218368742,44.81538492332534,61.477653699737274,38.08230289908834,36.41166528203316,7.891092548210765,43.80372528490984,10.200517789225103,49.80934245678237,11.76196823358581,471.4613533045874,258.29277700103313
2025-04-09 20:00:00,47.10285989096481,FR,373.1374645765202,17.66402323604416,2.0483754624151196,148.23416437161703,20,2,4,0,28.279370379274475,31.134484055357273,55.48354308756957,40.86374126502057,36.604275538964515,8.179234280094114,43.10533501852611,9.59720296623715,50.06930573286337,11.623792971877245,312.01771688350794,303.63922499042985
2025-04-09 21:00:00,46.05133337318188,FR,390.1989797461895,17.149274916454004,-0.6953128090808094,128.0876053528015,21,2,4,0,47.10285989096481,29.37417218368742,54.99902860820785,40.482700593710376,37.792934134298534,9.054381218211134,42.35969374894061,8.912282335947962,50.30133209867469,11.478785696237207,294.0976301601185,-89.06095268629052
2025-04-09 22:00:00,46.15051329034029,FR,207.31142581395818,16.720752053693044,1.4196162943624746,0.0,22,2,4,0,46.05133337318188,28.279370379274475,55.45806582033168,42.17921479756861,38.01545552880103,9.275196125825103,41.58406437144133,8.030058821771034,50.466802869206845,11.38485141085809,279.58354924108016,0.0
2025-04-09 23:00:00,51.7206074703357,FR,668.7357048187296,13.372135843797581,1.8321728019073422,0.0,23,2,4,0,46.15051329034029,47.10285989096481,53.46417874449014,54.47244342145783,41.4464760979641,9.999983243072826,41.43876676526179,7.808266850174156,50.35214303791008,11.356577681422767,178.81401702497604,0.0
2025-04-10 00:00:00,48.563787236492004,FR,529.7334914404223,13.120174669813471,1.8895642836559237,0.0,0,3,4,0,51.7206074703357,46.05133337318188,41.19794090612799,49.91081334343955,44.64474527343153,8.28903330962262,42.052587292792126,8.072658428748163,50.29601695012061,11.362180868152555,172.13898336641503,0.0
2025-04-10 01:00:00,70.00483493862059,FR,561.9923283276524,12.549146817366807,1.9189288969051264,0.0,1,3,4,0,48.563787236492004,46.15051329034029,46.571954559991845,58.133906226633414,51.59898936665588,9.259373121236765,44.00532732434451,11.40968926183351,50.790638979786735,11.960830855235036,157.4810858438275,0.0
2025-04-10 02:00:00,61.477096854524206,FR,627.3194672918121,14.127019989669595,2.2783953889264263,0.0,2,3,4,0,70.00483493862059,51.7206074703357,45.94719834937669,58.442703710822485,53.99469552724912,9.71190333790121,45.29948553310681,12.480475010532407,50.91707202744097,12.060853958664056,199.57269378852433,0.0
2025-04-10 03:00:00,63.69476668796521,FR,793.0594532956482,11.990326475908615,3.3608068248188117,0.0,3,3,4,0,61.477096854524206,48.563787236492004,38.919381801177764,65.54269184367271,56.93526774637966,9.494397512011334,47.36410094033909,13.348182801594133,50.840075145953165,11.968972569024755,143.7679289988751,0.0
2025-04-10 04:00:00,68.19742725895846,FR,855.3773381839735,11.211876974081397,4.150957936911729,0.0,4,3,4,0,63.69476668796521,70.00483493862059,44.81538492332534,66.23690466589973,60.60975340781604,8.720460532948143,49.31260446830853,14.591047583218131,50.92176358733061,12.084755328978272,125.70618528193663,0.0
2025-04-10 05:00:00,67.40161610780842,FR,1017.0461576196318,12.202167023743357,1.1023933349501498,0.0,5,3,4,0,68.19742725895846,61.477096854524206,31.134484055357273,70.18426967041435,63.22325484739482,7.827672761723901,52.33486547267946,14.235183387191842,50.8058196888887,11.903906790379477,148.8928800753298,0.0
2025-04-10 06:00:00,65.52197442115116,FR,1032.1147962099728,10.239584369754782,-0.004477922131604917,352.5598950940543,6,3,4,0,67.40161610780842,63.69476668796521,29.37417218368742,61.85247230548176,66.04961937817134,3.124624988757567,55.347182325801434,12.673747666162946,50.95871561037492,12.074307167571217,104.84908806532644,-1.5787357569579734
2025-04-10 07:00:00,58.874656098977574,FR,983.5721171752172,11.646546256574341,0.3178349641604781,415.49745614530565,7,3,4,0,65.52197442115116,68.19742725895846,28.279370379274475,61.477653699737274,64.19458957156418,3.5778753759625443,57.896789469110026,9.383899885086814,50.85025737700994,11.987087783251804,135.6420397065258,132.05961908271303
2025-04-10 08:00:00,62.734703452161085,FR,1020.4003358414893,11.323853685780652,1.4275179462568297,456.37672260579484,8,3,4,0,58.874656098977574,67.40161610780842,47.10285989096481,55.48354308756957,64.40419067117033,3.4202007578011946,59.199443099209724,8.81716799408949,51.15238905886792,12.198464279320916,128.22966229696806,651.4859617736471
2025-04-10 09:00:00,66.63061739096358,FR,1091.682645550542,12.993797663306346,1.698081153013666,613.636098596175,9,3,4,0,62.734703452161085,65.52197442115116,46.05133337318188,54.99902860820785,64.89349912167005,3.507307317889296,60.91438343402486,7.989904331882625,51.637038591482735,12.582942007906517,168.83877771494545,1042.0038938350003
2025-04-10 10:00:00,60.29866358588231,FR,939.9108270882648,12.434859432642073,0.8619316562517694,650.0586927317844,10,3,4,0,66.63061739096358,58.874656098977574,46.15051329034029,55.45806582033168,63.577038509490684,3.5015477810435187,62.09339595865335,6.522344018637715,51.83873016504734,12.685231177975126,154.62572910956754,560.306165687167
2025-04-10 11:00:00,57.64516879446037,FR,332.4299288612799,9.892551541524472,0.178332195068029,713.0860626730023,11,3,4,0,60.29866358588231,62.734703452161085,51.7206074703357,53.46417874449014,61.95096395726602,3.6331572531020253,62.58710940233041,5.855980895859075,52.01293808379611,12.737127100463422,97.86257600171821,127.1662028288946
2025-04-10 12:00:00,43.25268914486019,FR,-10.784226980390883,15.806814835192261,1.8583238686194417,673.3199846780417,12,3,4,0,57.64516879446037,66.63061739096358,48.563787236492004,41.19794090612799,58.23941641121752,8.002737184694292,62.144517894694424,7.084125852234909,52.09855259374328,12.667989849536214,249.85539523405416,1251.2465987456817
2025-04-10 13:00:00,37.275900858170644,FR,557.4544596965943,20.17797125656509,3.1334187637957607,749.1151041418262,13,3,4,0,43.25268914486019,60.29866358588231,70.00483493862059,46.571954559991845,54.639623871083025,11.67504543140053,59.4171067213236,9.626816233682577,51.71121702283406,12.98253050871342,407.150524030767,2347.291323560814
2025-04-10 14:00:00,38.540074454853695,FR,-23.37573968308405,20.30825272506038,3.960624455238947,609.2702022639613,14,3,4,0,37.275900858170644,57.64516879446037,61.477096854524206,45.94719834937669,50.60718570486514,12.471048566353467,57.50568818801772,11.310478512346602,51.40258686056226,13.211538578160418,412.4251287449224,2413.090462935025
2025-04-10 15:00:00,37.13083184650273,FR,101.49352902818974,21.29965470009891,1.6557194173511756,683.0893876161864,15,3,4,0,38.540074454853695,43.25268914486019,63.69476668796521,38.919381801177764,45.69055478078832,10.558953112661726,55.29202695122919,12.523514941408617,51.328063945784145,13.289827069771508,453.67529034344557,1131.0043628626436
2025-04-10 16:00:00,40.90236345288975,FR,-167.03530710409115,22.481627841087462,1.9445698792809498,437.618174508587,16,3,4,0,37.13083184650273,37.275900858170644,68.19742725895846,44.81538492332534,42.457838091956226,7.801085108707939,53.017438300723455,12.444972360205698,51.165021384515995,13.39677254318311,505.4235903851589,850.9791207753127
2025-04-10 17:00:00,26.541106902301042,FR,-343.35900066053813,20.5110076313368,0.9171689058731964,462.3251690137268,17,3,4,0,40.90236345288975,38.540074454853695,67.40161610780842,31.134484055357273,37.27382777659634,5.757224757893323,49.61239586693119,13.680146506828654,50.97363066980532,13.724187541001575,420.7014340527564,424.03026942196044
2025-04-10 18:00:00,43.24519729754758,FR,108.2925456409576,20.714367017078953,2.707687182818265,373.77153412633123,18,3,4,0,26.541106902301042,37.13083184650273,65.52197442115116,29.37417218368742,37.272579135377576,5.755669307816379,47.755997773297544,12.808670551252533,51.55159004954948,13.050573251807224,429.0850009182484,1012.0563922561868
2025-04-10 19:00:00,36.38293213090092,FR,168.86811891599518,18.733143201236075,1.0737082551861887,219.6354808170738,19,3,4,0,43.24519729754758,40.90236345288975,58.874656098977574,28.279370379274475,37.123751014165954,5.767099926400602,45.88168744262449,12.67871531616095,51.88923845586726,12.516176403530219,350.9306541980174,235.82442888507995
2025-04-10 20:00:00,37.48823298378179,FR,-48.31478203756319,18.671620645121592,3.916821150050218,196.2196968930506,20,3,4,0,36.38293213090092,26.541106902301042,62.734703452161085,47.10285989096481,36.948444102320636,5.7313120268039555,43.77781490359288,11.68354949164099,51.4886290014013,12.82606937482321,348.6294175153309,768.5574588471437
2025-04-10 21:00:00,37.718983215110754,FR,-371.76184902225583,19.602532883856533,-0.8011674603004044,166.48856007271638,21,3,4,0,37.48823298378179,43.24519729754758,66.63061739096358,46.05133337318188,37.04646933042198,5.740078384586466,41.368512055605144,9.275385771455861,51.141447744815,13.089709540258927,384.25929546267673,-133.3852168425295
2025-04-10 22:00:00,38.15415328556372,FR,140.75111034950322,19.641455675293734,2.051306178662893,0.0,22,3,4,0,37.718983215110754,36.38293213090092,60.29866358588231,46.15051329034029,36.5884343025343,5.474354154530902,39.523136197245265,7.118970264801837,50.808266077949305,13.321978496812234,385.7867810445284,0.0
2025-04-10 23:00:00,54.43661725854618,FR,448.9512785292485,15.690467829091743,3.372780201951302,0.0,23,3,4,0,38.15415328556372,37.48823298378179,57.64516879446037,51.7206074703357,41.23768602857516,6.895772100604499,39.25575690258575,6.400447893469236,50.921433152458086,13.341587085680855,246.19078069576295,0.0
2025-04-11 00:00:00,54.55782230892591,FR,204.21768624517426,13.763794549263375,3.1382345562128267,0.0,0,4,4,0,54.43661725854618,37.718983215110754,43.25268914486019,48.563787236492004,43.12312353047154,8.829779679109743,40.197851332924564,7.735104753181714,51.17118461380949,13.351633298563328,189.4420403943322,0.0
2025-04-11 01:00:00,51.326270541831185,FR,666.0815065070915,13.408127171879054,8.156632851528812,0.0,1,4,4,0,54.55782230892591,38.15415328556372,37.275900858170644,70.00483493862059,45.61367993229325,8.654123405074566,41.36871547322961,8.295689715756879,50.3929110972766,12.736290506803522,179.77787425728138,0.0
2025-04-11 02:00:00,54.35559708432999,FR,746.9380301654008,13.486137815812102,3.470165572703633,0.0,2,4,4,0,51.326270541831185,54.43661725854618,38.540074454853695,61.477096854524206,48.42490728238462,8.21522357149073,42.68667569235263,9.029329990047428,50.096181940185176,12.548396320198488,181.8759131870772,0.0
2025-04-11 03:00:00,61.468869218490106,FR,969.4116905134914,8.482976875347413,0.7624563298837974,0.0,3,4,4,0,54.35559708432999,54.55782230892591,37.13083184650273,63.69476668796521,52.38322161628118,7.732633578653924,44.71484547335158,10.310447136269975,50.00343621229038,12.45136943945327,71.96089666767897,0.0
2025-04-11 04:00:00,72.91370176591195,FR,956.9287755750499,6.137817934781564,2.579637029389672,0.0,4,4,4,0,61.468869218490106,51.326270541831185,40.90236345288975,68.19742725895846,58.17647969633922,7.957779901829867,47.38245699943676,13.019583793273933,50.199947650080105,12.783777044015284,37.67280900052623,0.0
2025-04-11 05:00:00,63.69861319230684,FR,788.3491249682231,9.304780090133978,-0.7819271433650856,0.0,5,4,4,0,72.91370176591195,54.35559708432999,26.541106902301042,67.40161610780842,59.720145685299336,7.985502664337103,50.47891585693724,11.990161016491554,50.045655861934215,12.587984622172309,86.57893252575367,-0.0
2025-04-11 06:00:00,56.88683953416496,FR,1239.3143003328983,7.978385784434989,2.609366024974296,453.3953169081777,6,4,4,0,63.69861319230684,61.468869218490106,43.24519729754758,65.52197442115116,60.108315222839174,7.73712157814824,51.61571937665536,11.888231415077254,49.68585857497646,12.245136864843175,63.65463972527432,1183.0743358226528
2025-04-11 07:00:00,61.59831305577441,FR,951.2569985391402,9.754818851131672,1.1044534095663006,349.0025534255809,7,4,4,0,56.88683953416496,72.91370176591195,36.38293213090092,58.874656098977574,61.82032230849637,6.43156632197978,53.71700112039482,11.156980112964032,49.799344281509654,12.346203681570456,95.15649081839383,385.4570600782278
2025-04-11 08:00:00,59.01374381774276,FR,927.551793990233,11.140219243720434,4.601346074688141,472.43450441803265,8,4,4,0,61.59831305577441,63.69861319230684,37.48823298378179,62.734703452161085,62.59668009739851,5.574290958036601,55.510793689891564,9.978752537417629,49.64430429674223,12.199190791751018,124.10448479815908,2173.834652451152
2025-04-11 09:00:00,43.73606169388055,FR,666.8997987786346,11.462058836170794,1.6714849743767481,672.358957574273,9,4,4,0,59.01374381774276,56.88683953416496,37.718983215110754,66.63061739096358,59.64121217663024,9.56457865067395,56.01221689645572,9.117461843056978,48.690364476030425,11.698008669546178,131.37879276384098,1123.8378949730106
2025-04-11 10:00:00,53.300089022518364,FR,661.3435497616979,16.41079450651646,2.537033691977325,745.9940085014402,10,4,4,0,43.73606169388055,61.59831305577441,38.15415328556372,60.29866358588231,56.37227671939797,7.174134827857119,57.2743782078686,7.284715022922954,48.398757202556936,11.481278663220406,269.3141763351108,1892.6119335813728
2025-04-11 11:00:00,48.52456301021999,FR,452.44897974588037,15.329959269579154,1.965528560313773,682.9024779866596,11,4,4,0,53.300089022518364,59.01374381774276,54.43661725854618,57.64516879446037,53.84326835571684,6.736128816566602,56.78170702050809,7.683107104778244,48.01873196154691,11.31161025987671,235.00765120695584,1342.2643243918271
2025-04-11 12:00:00,49.289799351083204,FR,465.41078801531546,16.582605761083713,6.7143469468292425,638.0473648736679,12,4,4,0,48.52456301021999,43.73606169388055,54.55782230892591,43.25268914486019,52.57709499186988,6.763560330194176,56.34270510735453,7.966987726511203,48.270278220139545,11.268057872731434,274.98281382752674,4284.071376271956
2025-04-11 13:00:00,51.46870543419027,FR,712.9321734772083,18.4831731547492,2.5941587108867568,792.8662142916318,13,4,4,0,49.289799351083204,53.300089022518364,51.326270541831185,37.275900858170644,50.88882705493919,5.127833889562522,56.354574681717786,7.958936624954497,48.861645077473696,11.03600904147616,341.62768986844145,2056.8207963724426
2025-04-11 14:00:00,44.80183420309072,FR,-24.3802285862711,16.08443956731284,6.901758330080984,732.8310109120134,14,4,4,0,51.46870543419027,48.52456301021999,54.35559708432999,38.540074454853695,48.52017545249718,3.710729014309523,55.55842777494785,8.62688765412691,49.12255173365025,10.853899133855348,258.7091961945389,5057.822534103657
2025-04-11 15:00:00,35.50776383228511,FR,-176.2656701686218,21.353367188054293,4.864947767359113,631.4347228034035,15,4,4,0,44.80183420309072,49.289799351083204,61.468869218490106,37.13083184650273,47.14879247556461,6.387464492114476,53.395002326097426,10.133589451905387,49.05492389972451,10.936606354160899,455.96629026787366,3071.896944935438
2025-04-11 16:00:00,29.898776316826655,FR,361.22136360650245,19.764121706701292,4.200777697793352,484.3798825531291,16,4,4,0,35.50776383228511,51.46870543419027,72.91370176591195,40.90236345288975,43.24857369128265,8.630792339833922,49.810425205340316,10.20912549998329,48.59644110238853,11.508907777896033,390.6205068373012,2034.772207888948
2025-04-11 17:00:00,47.87022906712444,FR,-24.827648574907407,21.580937566193533,3.9741105377576194,438.1351987439804,17,4,4,0,29.898776316826655,44.80183420309072,63.69861319230684,26.541106902301042,43.139518034100064,8.554591262801571,48.491393194908454,9.226902998482203,49.485154525922844,10.512101059142141,465.7368662359433,1741.1977102909814
2025-04-11 18:00:00,35.89353787031695,FR,-133.8145477319833,18.082305018484636,4.024238839555083,341.9819959477585,18,4,4,0,47.87022906712444,35.50776383228511,56.88683953416496,43.24519729754758,40.90680778730569,8.374645739935145,46.74195138958779,9.477192758305963,49.17883538312157,10.804872497230273,326.96975478151467,1376.2172305215386
2025-04-11 19:00:00,37.2426180833606,FR,225.01802433468112,16.767213342369832,-0.61870091556864,275.95589944489683,19,4,4,0,35.89353787031695,29.898776316826655,61.59831305577441,36.38293213090092,38.53579322883408,6.615373011575327,44.71231014188663,8.570995150308738,49.21465563114072,10.76194695472484,281.13944326854494,-170.73416764312523
2025-04-11 20:00:00,39.502012897968875,FR,-54.13580983959211,20.845829555522936,2.678877454821067,247.55007190656676,20,4,4,0,37.2426180833606,47.87022906712444,59.01374381774276,37.48823298378179,37.652489677980434,5.92966711361865,43.08633256523881,7.379160409008731,49.29856312756519,10.674035994395473,434.54860985791356,663.1563065698357
2025-04-11 21:00:00,43.76992889525087,FR,511.6485521161134,19.030093518806467,4.9269601854912235,146.48347864157859,21,4,4,0,39.502012897968875,35.89353787031695,43.73606169388055,37.718983215110754,39.02951718847473,6.280935367085188,43.089154832019666,7.379437969361672,49.55068586423769,10.45790644516391,362.1444593345199,721.7182670993117
2025-04-11 22:00:00,45.70663458527286,FR,385.5851742678536,15.335867574538268,3.138849876174369,0.0,22,4,4,0,43.76992889525087,37.2426180833606,53.300089022518364,38.15415328556372,41.66416023321577,4.833552512463925,42.45636696224921,6.720390475253618,49.86537258505891,10.210775799439586,235.18883426377425,0.0
2025-04-11 23:00:00,47.45245430433542,FR,273.00819581959865,14.136318100201537,0.4262645495154298,0.0,23,4,4,0,45.70663458527286,39.502012897968875,48.52456301021999,54.43661725854618,41.59453110608426,4.728131090488237,42.36702457009216,6.639018480546275,49.57436579530012,10.174290133835834,199.8354894300856,0.0
2025-04-12 00:00:00,46.45693776678193,FR,931.4616426531006,16.82132653009292,3.131835341967641,0.0,0,5,4,1,47.45245430433542,43.76992889525087,49.289799351083204,54.55782230892591,43.35509775549509,4.106585519426876,42.130952771400395,6.417136509476831,49.23682893937746,10.136076990294391,282.957026232008,0.0
2025-04-12 01:00:00,52.61230868945646,FR,508.2665379505927,10.934531350728388,6.644855275633562,0.0,1,5,4,1,46.45693776678193,45.70663458527286,51.46870543419027,51.326270541831185,45.916712856511076,4.319317958217678,42.226253042672575,6.57496811041655,49.29041386219518,10.150991578040395,119.56397586006199,0.0
2025-04-12 02:00:00,53.11386708897925,FR,898.4190744018614,15.475354106762984,5.730427674192018,0.0,2,5,4,1,52.61230868945646,47.45245430433542,44.80183420309072,54.35559708432999,48.185355221679465,3.822375243811088,42.91892244982995,7.2718716647781285,49.238675112388904,10.127188884915384,239.48658472970595,0.0
2025-04-12 03:00:00,54.58356380155493,FR,913.4119066745722,9.475728920615945,3.1126362243905166,0.0,3,5,4,1,53.11386708897925,46.45693776678193,35.50776383228511,61.468869218490106,49.98762770606348,3.8731054533065628,44.5085724472691,7.58285166457663,48.951787386683264,9.859653922760927,89.78943857699741,0.0
2025-04-12 04:00:00,60.100745277924474,FR,1193.360959771979,11.913247574569992,5.139542797238753,0.0,4,5,4,1,54.58356380155493,52.61230868945646,29.898776316826655,72.91370176591195,52.38664615483875,4.9884113118067175,47.025403194027255,7.299766494090508,48.417914199683786,8.79520438349217,141.9254677729978,0.0
2025-04-12 05:00:00,58.72168386202058,FR,1295.2651524899047,9.65490071991636,2.5036302023864763,0.0,5,5,4,1,60.100745277924474,53.11386708897925,47.87022906712444,63.69861319230684,54.264851081119595,4.879380455385969,47.92969109360194,8.047749041561675,48.21054214425519,8.471987331344433,93.21710791144146,0.0
2025-04-12 06:00:00,66.92251924266894,FR,1006.4008298131533,11.532469380725178,-0.1710989305308579,271.60702873172727,6,5,4,1,58.72168386202058,54.58356380155493,35.89353787031695,56.88683953416496,57.67578132710077,5.44955319724478,50.51543954129793,8.780424028195178,48.62869546544286,9.140161240632544,132.9978500173638,-46.47167214066253
2025-04-12 07:00:00,44.572179334239074,FR,832.2793390752976,9.589155124495093,1.3877122668634712,457.92216466612825,7,5,4,1,66.92251924266894,60.100745277924474,37.2426180833606,61.59831305577441,56.335759767897876,7.53365560147781,51.12623631220447,7.992792135613127,47.91927322704555,8.741814102339465,91.9518960016305,635.4642051758606
2025-04-12 08:00:00,60.83489592609342,FR,1025.0071304800426,11.016477951507973,6.362421780138975,650.5778275792211,8,5,4,1,44.572179334239074,58.72168386202058,39.502012897968875,59.01374381774276,57.622597907416896,7.532672207921667,52.90397656454818,7.5314079572931805,47.99515456489349,8.84954446863673,121.3627864560613,4139.250539865535
2025-04-12 09:00:00,58.450920871076555,FR,718.0103166428526,12.356677887305446,2.6886580794639716,505.48348619000393,9,5,4,1,60.83489592609342,66.92251924266894,43.76992889525087,43.73606169388055,58.26715741900384,7.384624591834679,54.12739256253366,7.092377264462954,48.608273697276665,9.049125043528301,152.6874884106234,1359.072259180369
2025-04-12 10:00:00,38.20461219306667,FR,1152.6774495053246,11.40776840830921,2.7498762843725437,651.4948607720801,10,5,4,1,58.450920871076555,44.572179334239074,45.70663458527286,53.300089022518364,54.617801904860876,10.880260146764954,53.5022240298498,8.153391426705182,47.97929549604951,9.231612956748146,130.13718005761763,1791.5302670277351
2025-04-12 11:00:00,42.96579769086164,FR,656.716588767808,16.0652320529367,3.1801136782228383,720.1011859549125,11,5,4,1,38.20461219306667,60.83489592609342,47.45245430433542,48.52456301021999,51.99182087633438,11.571110588168095,53.128335978726994,8.549294326517508,47.74768027440958,9.286905081730687,258.09168091470474,2290.0036311597046
2025-04-12 12:00:00,38.95156319703716,FR,426.9356897375783,14.86234353064082,7.588063249918614,706.153910082809,12,5,4,1,42.96579769086164,58.450920871076555,46.45693776678193,49.289799351083204,47.32999486872908,9.860829960028468,52.50288809791493,9.321401962822575,47.31692043465765,9.450585869522211,220.889255222781,5358.3405338856965
2025-04-12 13:00:00,30.186366485874437,FR,407.5265386217213,16.688672657704295,7.031707901496726,682.4176365753868,13,5,4,1,38.95156319703716,38.20461219306667,52.61230868945646,51.46870543419027,44.93235939400165,12.148961683140602,50.63405958094976,11.329281465471299,46.43015631181117,10.025095317027288,278.51179507600693,4798.561487227869
2025-04-12 14:00:00,30.27992561739756,FR,-19.425257905939162,16.28052067537929,8.217350537668867,588.1480731522624,14,5,4,1,30.186366485874437,42.96579769086164,53.11386708897925,44.80183420309072,39.83986434255234,10.432530490932061,48.73123112498462,12.708519169503315,45.82507678740728,10.552044804328228,265.0553534614525,4833.018885146652
2025-04-12 15:00:00,26.299328057730115,FR,-47.87619829540387,14.05758991734507,3.461699649972497,609.1267105623,15,5,4,1,30.27992561739756,38.95156319703716,54.58356380155493,35.50776383228511,34.48126554032793,6.463368676697876,46.37421147966589,14.073976734831595,45.44139196346749,11.096855644516157,197.61583428424174,2108.613720742412
2025-04-12 16:00:00,39.192758077653124,FR,307.07007969666586,19.44070837629381,4.371039048266789,487.1618011492038,16,5,4,1,26.299328057730115,30.186366485874437,60.100745277924474,29.898776316826655,34.64595652109234,6.588592963183196,44.63187921297661,13.50276710556488,45.82864120350194,10.685419070572319,377.9411421721003,2129.4032556471507
2025-04-12 17:00:00,34.68182201661244,FR,-114.34176893881335,24.972320796658877,0.7465049719310173,331.0905805369546,17,5,4,1,39.192758077653124,30.27992561739756,58.72168386202058,47.87022906712444,33.265293908717474,5.2228716224096114,42.62855739252593,12.996130116117236,45.27912424306393,10.912566350296144,623.6168059712414,247.16076453036348
2025-04-12 18:00:00,36.9552211752153,FR,-209.3821965363879,21.70234168208293,6.733658923009148,409.7296110256866,18,5,4,1,34.68182201661244,26.299328057730115,66.92251924266894,35.89353787031695,32.93257023841383,4.837553399993279,40.13128255357146,10.553099329101393,45.323361047434695,10.87495240426795,470.9916344858742,2758.979451304182
2025-04-12 19:00:00,35.781331944012045,FR,124.36763736092306,19.743323736655107,1.4442309682367296,307.33262520622003,19,5,4,1,36.9552211752153,39.192758077653124,44.572179334239074,37.2426180833606,33.86506448143677,4.740593836517281,39.398711937719206,10.52187137499453,45.26247412496184,10.926132424904026,389.798832170369,443.8592948723151
2025-04-12 20:00:00,28.97737947743275,FR,304.1281290403801,18.591382202778277,4.213341198297858,177.58304884255395,20,5,4,1,35.781331944012045,34.68182201661244,60.83489592609342,39.502012897968875,33.6479734581093,4.962249944603626,36.74391890033082,8.433303153996158,44.8239477324395,11.369590580436315,345.6394922097809,748.2179758076733
2025-04-12 21:00:00,35.156903760012725,FR,290.2372715397395,18.229319873957465,1.5851850155069114,113.96636099499355,21,5,4,1,28.97737947743275,36.9552211752153,58.450920871076555,43.76992889525087,35.1242360751564,3.415195341767043,34.802750807742164,4.939945736660406,44.46507168513791,11.538978072969819,332.3081030670606,180.6577677211151
2025-04-12 22:00:00,43.87530945103216,FR,449.20953716116304,18.141322535325642,2.6020564172952074,0.0,22,5,4,1,35.156903760012725,35.781331944012045,38.20461219306667,45.70663458527286,35.9046613040529,4.789401399546897,35.27530891257262,5.530844323135203,44.38876647121122,11.536465711662997,329.10758333071396,0.0
2025-04-12 23:00:00,39.21012529427688,FR,219.23145973484705,13.421132253855172,2.105265208673199,0.0,23,5,4,1,43.87530945103216,28.97737947743275,42.96579769086164,47.45245430433542,36.65937851699697,4.913349095445665,34.962336212857224,5.14919559096245,44.0453360957921,11.563947762862709,180.1267909754716,0.0
2025-04-13 00:00:00,52.756224623845824,FR,215.63786665163127,16.706213972323063,2.564039549420964,0.0,0,6,4,1,39.21012529427688,35.156903760012725,38.95156319703716,46.45693776678193,39.292879091768725,8.223308053500086,36.112724665091285,7.239312984310445,44.3078063815031,11.691845544686467,279.09758528904234,0.0
2025-04-13 01:00:00,51.57444804974578,FR,929.6762529423577,14.651231389067465,2.7015446644746426,0.0,1,6,4,1,52.756224623845824,43.87530945103216,30.186366485874437,52.61230868945646,41.92506510939102,9.327910055572206,37.895064795413894,8.214767799552256,44.26456218818183,11.661674953610268,214.65858121599578,0.0
2025-04-13 02:00:00,53.95688690690008,FR,685.4640322315729,13.533493273388864,2.6832524809224454,0.0,2,6,4,1,51.57444804974578,39.21012529427688,30.27992561739756,53.11386708897925,46.088316347635576,7.850805529762537,39.86814490287244,9.023110497349942,44.299688013928524,11.690722059194556,183.1554401808616,0.0
2025-04-13 03:00:00,61.702592555958205,FR,803.3867873022643,12.061035489253072,5.446457894333214,0.0,3,6,4,1,53.95688690690008,52.756224623845824,26.299328057730115,54.58356380155493,50.512597813626485,7.937757601965872,42.81841694439144,9.925920180984175,44.596314212028666,12.047857263850883,145.4685770730221,0.0
2025-04-13 04:00:00,61.78991069689519,FR,1198.651530262031,10.58281066046314,1.5700644846475593,0.0,4,6,4,1,61.702592555958205,51.57444804974578,39.192758077653124,60.100745277924474,53.49836468793699,8.302714554052335,44.70151299599495,11.232996726125123,44.66669610448577,12.146896862092703,111.99588147521229,0.0
2025-04-13 05:00:00,58.19173912002946,FR,1094.208915024666,11.564973765069904,4.220872924800333,0.0,5,6,4,1,61.78991069689519,53.95688690690008,34.68182201661244,58.72168386202058,56.66196699222909,4.527671502688904,46.66067275461304,11.375870316269195,44.644615073569476,12.120689791826717,133.74861818675515,0.0
2025-04-13 06:00:00,65.19920331657673,FR,1091.1775544163215,11.416836407765185,6.215708375383716,364.3477927150855,6,6,4,1,58.19173912002946,61.702592555958205,36.9552211752153,66.92251924266894,58.73579677435091,5.183126604658412,49.014337933059814,12.084998693904309,44.572810243315644,11.98734500275616,130.34415356167267,2264.6796267317272
2025-04-13 07:00:00,52.42171173820465,FR,1415.963382124751,9.876415328563366,2.7533973417458073,398.9889199111597,7,6,4,1,65.19920331657673,61.78991069689519,35.781331944012045,44.572179334239074,58.877007389094054,4.955544746273107,50.40103624924254,11.361584756013752,44.89987409348087,12.093936822506231,97.54357974228142,1098.575031469418
2025-04-13 08:00:00,58.457039701202426,FR,804.3090558161908,10.101973839580694,2.3439522892773956,493.0858636735752,8,6,4,1,52.42171173820465,58.19173912002946,28.97737947743275,60.83489592609342,59.62703285481111,4.367623536107445,52.857674601223344,9.310048081515973,44.800796750777074,11.966787930821766,102.0498754555727,1155.7697389679984
2025-04-13 09:00:00,55.186001198430326,FR,1039.1214162095212,12.385665748759916,3.318740820412098,556.7185919994855,9,6,4,1,58.457039701202426,65.19920331657673,35.156903760012725,58.450920871076555,58.54093429522314,4.554510519889376,54.526766054424805,7.459712211740792,44.66475843108349,11.82255533421417,153.40471604000453,1847.6047167510405
2025-04-13 10:00:00,47.02383115853747,FR,761.4026249794169,16.417297244584464,6.139240487494019,599.7971447295923,10,6,4,1,55.186001198430326,52.42171173820465,43.87530945103216,38.20461219306667,56.07992103883018,6.155747393980648,54.78914286338358,7.097597380300646,45.03222588797811,11.749867150506342,269.52764881704064,3682.298915207223
2025-04-13 11:00:00,46.30990077247397,FR,683.127978323912,12.013340866025972,4.7644801894534385,794.3126093520219,11,6,4,1,47.02383115853747,58.457039701202426,39.21012529427688,42.96579769086164,54.099614647570924,7.16840247014432,55.38079081990001,5.870774803021198,45.17156351637862,11.74412353232684,144.32035876332966,3784.4866914907766
2025-04-13 12:00:00,34.5531996450896,FR,805.6936852825064,12.861691787316435,3.3138363383315257,766.5669530994202,12,6,4,1,46.30990077247397,55.186001198430326,52.756224623845824,38.95156319703716,48.99194736898974,8.476577735452318,53.86387207167032,8.41218629688487,44.9882983683808,11.878949675539339,165.42311563192303,2540.277424944937
2025-04-13 13:00:00,41.84406005549805,FR,472.15762870666435,17.383365826094686,5.344018229922803,784.0924143083869,13,6,4,1,34.5531996450896,47.02383115853747,51.57444804974578,30.186366485874437,47.22900542187197,8.717144877658345,53.05300640548301,9.094244144898413,45.47403560044845,11.478985933414142,302.1814074438366,4190.2041560082025
2025-04-13 14:00:00,33.24449837313699,FR,357.65921580992676,18.278966483545677,2.1716806278738763,591.9641403467754,14,6,4,1,41.84406005549805,46.30990077247397,53.95688690690008,30.27992561739756,43.02691520052773,8.288490626631907,51.32697402766942,10.726211648076925,45.59755946527093,11.32326985056757,334.1206157065862,1285.5570559871046
2025-04-13 15:00:00,29.23859218246406,FR,360.9480768686869,19.43691221891383,5.738983948432619,601.0500609108365,15,6,4,1,33.24449837313699,34.5531996450896,61.702592555958205,26.299328057730115,38.70234703120002,7.396736098819878,48.62164066321157,11.90105033123926,45.72002880380151,11.119532809762006,377.7935566057617,3449.416651771738
2025-04-13 16:00:00,35.67645198971945,FR,-6.003247800796302,20.21864195254847,5.193479542950258,460.3246187397953,16,6,4,1,29.23859218246406,41.84406005549805,61.78991069689519,39.192758077653124,36.81111716973035,6.196885749551407,46.445519104280265,11.659305696212005,45.57351605013761,11.231874705632958,408.793482405353,2390.686490541504
2025-04-13 17:00:00,26.481711598161343,FR,-150.80484661233547,19.60865709940076,3.760647985268955,405.801921926029,17,6,4,1,35.67645198971945,33.24449837313699,58.19173912002946,34.68182201661244,33.50641897401159,5.346971357814745,43.803016810791256,12.329268973112063,45.23184478270213,11.692865666652295,384.4994332418798,1526.0781801093908
2025-04-13 18:00:00,23.55513921842671,FR,-208.9618388042067,23.02083163872837,2.6990933306522606,304.09365082917134,18,6,4,1,26.481711598161343,29.23859218246406,65.19920331657673,36.9552211752153,31.6734089029011,6.644142939194988,40.33267813594542,11.598512252997361,44.67350803450262,12.403587805037924,529.9586893386771,820.7771448467137
2025-04-13 19:00:00,24.38982575617635,FR,-376.2342310197345,16.488008194408188,2.6029030829798083,321.392534536196,19,6,4,1,23.55513921842671,35.67645198971945,52.42171173820465,35.781331944012045,28.764369853014156,4.889919557765801,37.99668763744307,11.764074512799404,44.1988619433428,12.963958093443532,271.85441421887157,836.5536189909592
2025-04-13 20:00:00,37.65268809024709,FR,478.2287240958451,17.368141466871645,5.445899600238543,155.188516094912,20,6,4,1,24.38982575617635,26.481711598161343,58.457039701202426,28.97737947743275,29.49906813919917,5.920279157375478,36.262991669863446,9.852327132524792,44.560333135543395,12.637934281575772,301.65233801326633,845.1410777628939
2025-04-13 21:00:00,31.37735832893018,FR,-74.19506373761047,17.885850223272598,6.834225932524847,155.93159326940923,21,6,4,1,37.65268809024709,23.55513921842671,55.186001198430326,35.156903760012725,29.85552916361019,5.965672905004601,34.27893809740511,7.898810898841973,44.40285207591496,12.782921590147318,319.90363820934044,1065.6717384217134
2025-04-13 22:00:00,50.20240755481439,FR,205.74927528284536,13.668678337904213,3.1016494334891336,0.0,22,6,4,1,31.37735832893018,24.38982575617635,47.02383115853747,43.87530945103216,32.27652175779268,10.226351772943692,34.543819463761515,8.402304794923532,44.66648116357255,12.83669921708475,186.83276750509188,0.0
2025-04-13 23:00:00,34.91111729931799,FR,315.2278174709551,15.339020730846043,5.293038334649691,0.0,23,6,4,1,50.20240755481439,37.65268809024709,46.30990077247397,39.21012529427688,33.681422707985455,9.842866876292554,33.593920840998514,7.552558471677545,44.48735583044927,12.945680360108383,235.28555698132467,0.0
2025-04-14 00:00:00,62.67351431443407,FR,561.4813395618202,17.70848256967868,0.20221089034258544,0.0,0,0,4,0,34.91111729931799,31.37735832893018,34.5531996450896,52.756224623845824,40.20115189065334,13.909483731870806,35.937280396777226,11.306711871569428,44.90057623422377,13.372341446485596,313.5903549206136,0.0
2025-04-14 01:00:00,58.83116237654955,FR,792.5569650591196,13.170213390014226,3.2070294662323238,0.0,1,0,4,0,62.67351431443407,50.20240755481439,41.84406005549805,51.57444804974578,45.941374660715546,13.166221935772267,37.35287225686485,13.043465968579794,45.20293933117393,13.609739743148344,173.45452073851,0.0
2025-04-14 02:00:00,60.34742538529611,FR,922.094697671949,12.466495288647684,4.314147061804919,0.0,2,0,4,0,58.83116237654955,34.91111729931799,33.24449837313699,53.95688690690008,49.72383087655705,13.562721869722377,39.611449507878106,14.529308099745743,45.469211767773764,13.848869990923351,155.4135047818749,0.0
2025-04-14 03:00:00,60.423197280896,FR,736.937902879486,8.57172613652578,2.5568980935830554,0.0,3,0,4,0,60.34742538529611,62.67351431443407,29.23859218246406,61.702592555958205,54.564804035218025,10.554718208966461,42.2101665994141,15.275058227661487,45.41590363131284,13.785985999212327,73.47448895959919,0.0
2025-04-14 04:00:00,66.56427471122535,FR,899.588359134937,9.21882618423353,2.503252177967531,0.0,4,0,4,0,60.423197280896,58.83116237654955,35.67645198971945,61.78991069689519,57.291781894619845,11.290250009025975,44.784151826206255,16.617432791529133,45.61483546524327,14.064176119676976,84.98675621510974,0.0
2025-04-14 05:00:00,64.80839643700062,FR,1039.478903242194,9.376830187725716,3.0407058146089505,0.0,5,0,4,0,66.56427471122535,60.34742538529611,26.481711598161343,58.19173912002946,62.274661750900286,2.965789028576821,47.97804222944287,16.462380313440804,45.89052952011706,14.382680182641002,87.92494436944429,0.0
2025-04-14 06:00:00,69.9190637098381,FR,950.2617747632905,9.505749602007283,4.960650384199469,338.6261870023297,6,0,4,0,64.80839643700062,60.423197280896,23.55513921842671,65.19920331657673,63.48225331680096,4.324526711960533,51.84170260372715,15.628951560520015,46.087190369836286,14.68721954360039,90.35927549606161,1679.8061246531079
2025-04-14 07:00:00,63.398166619514335,FR,1304.4320283485326,13.055755995690275,4.0016068907339735,399.38989143728224,7,0,4,0,69.9190637098381,66.56427471122535,24.38982575617635,52.42171173820465,64.24342069062841,3.6988058998708224,55.09239767567198,13.280359703431463,46.544542656557525,15.059238451809664,170.45276461900255,1598.2013416649222
2025-04-14 08:00:00,61.12887047379049,FR,1031.2076922198696,12.27253116206207,-0.10019753910322127,489.0445274275406,8,0,4,0,63.398166619514335,64.80839643700062,37.65268809024709,58.457039701202426,64.37366153871082,3.544733924784043,57.04874620763393,12.159603129192467,46.65586893874869,15.160665395329037,150.61502112378457,-49.00105816013736
2025-04-14 09:00:00,55.40243384751913,FR,1000.5289478032373,9.867008899599199,0.13486462227659057,699.9779782045879,9,0,4,0,61.12887047379049,69.9190637098381,31.37735832893018,55.186001198430326,63.536867633148,4.969931733538894,59.05083583418301,9.155253162427503,46.66488696579406,15.166023410198889,97.35786462476979,94.4022656324933
2025-04-14 10:00:00,53.286835236502085,FR,882.5762537334825,13.720238153695423,3.162534571832372,653.1430322724277,10,0,4,0,55.40243384751913,63.398166619514335,50.20240755481439,47.02383115853747,61.32396105402746,6.164695361955749,59.307871474323655,8.924641460487782,46.92584546904259,15.226231789403162,188.24493499411957,2065.5874199129794
2025-04-14 11:00:00,51.21824450572368,FR,864.1042940483255,15.396856235805366,5.915373172107101,727.1805392777468,11,0,4,0,53.286835236502085,61.12887047379049,34.91111729931799,46.30990077247397,59.05893573214797,7.060021576349583,60.666798741524126,5.429060923198308,47.13035979126132,15.250543210048177,237.0631819460586,4301.5442533219575
2025-03-16 11:00:00,39.95732203863747,NL,464.26075992056747,16.65295971532819,5.090430413984448,665.5733963013831,11,6,3,1,39.44782242404014,52.24848016404843,44.53057569656677,45.16280642631955,49.28467809544083,8.805434583823091,49.1819880404986,7.949614429779158,42.04491341261177,9.821363976343319,277.3210672803436,3388.055059271485
2025-03-16 12:00:00,39.36338047556545,NL,517.3533528954157,15.40768106775888,4.765246231855954,762.8574608431286,12,6,3,1,39.95732203863747,50.55813593202802,37.62483124969489,38.11744602116019,47.45506887585524,9.642715660521874,49.326867142654486,7.732724836573266,42.09682734821199,9.802977177776699,237.3966358857754,3635.2036407259197
2025-03-16 13:00:00,29.468957072352033,NL,199.5138909780751,13.483673708842888,6.800841611994717,661.3072848503626,13,6,3,1,39.36338047556545,39.44782242404014,42.15148587797129,38.46236764996701,41.84068301777859,8.399829616168097,48.269989742186205,9.47336930256665,41.72210190747803,10.114875112099766,181.80945668654093,4497.44610112559
2025-03-16 14:00:00,34.047499147080295,NL,107.69643940161049,17.887992105565523,2.427486368685783,671.0315722350347,14,6,3,1,29.468957072352033,39.95732203863747,51.019553298443206,39.784158337392064,38.80718618161723,7.070849213183349,46.855651896239294,10.259837433760744,41.483074441215045,10.229791849226716,319.9802615687745,1628.919994558336
2025-03-16 15:00:00,26.849013835465232,NL,-154.885609962918,20.30508755275592,6.5480804046171635,560.9395596295182,15,6,3,1,34.047499147080295,39.36338047556545,51.08363711326863,28.68144041144258,34.855665832190105,5.678213281831777,44.836099956422345,11.643779193149976,41.406723333882645,10.335781532865777,412.29658052508347,3673.0773385846287
2025-03-16 16:00:00,26.972937111568626,NL,-137.6593511144001,17.33276543738431,9.672354319026983,562.896092496181,16,6,3,1,26.849013835465232,29.468957072352033,59.13983080244136,27.260721075789107,32.77651828011152,5.938398993479762,42.15552548218295,11.753620909978174,41.39473233537346,10.35305897159902,300.4247577073841,5444.530451418849
2025-03-16 17:00:00,24.994896989728154,NL,-273.2998342678009,18.608622964616135,2.897387063267657,474.86205272539246,17,6,3,1,26.972937111568626,34.047499147080295,53.4564495715188,35.899494128412094,30.282780771959963,5.440592610367432,39.7837294337004,12.13145774230327,40.940374121261634,10.83287358947563,346.28084863923897,1375.8591684032763
2025-03-16 18:00:00,37.8588366227892,NL,-215.17465059546655,18.892076840274203,6.003147407674069,442.43044166482065,18,6,3,1,24.994896989728154,26.849013835465232,50.34103579307904,32.43461934600905,30.032023463163924,4.951005870935717,38.74354616950958,11.670318436789193,41.166383174460805,10.703511292164903,356.91056733882493,2655.9751589562616
2025-03-16 19:00:00,30.105485500106198,NL,207.7654461770337,16.941615214488344,4.29977071686006,250.63513693915715,19,6,3,1,37.8588366227892,26.972937111568626,63.1552722208119,27.825599694121106,30.138111534456286,4.943341390342897,35.98939727611744,8.973796938245279,41.26137841637685,10.589471631036453,287.01832607578297,1077.673622427199
2025-03-16 20:00:00,27.33408368873939,NL,-142.8924796586079,19.14329207341146,6.47550948483935,208.4327402378953,20,6,3,1,30.105485500106198,24.994896989728154,52.24848016404843,35.33543855144872,29.01920895806613,4.6314300881798705,33.913197569841685,7.655353211212464,40.927988630430626,10.905391809493116,366.465631407938,1349.7081863615474
2025-03-16 21:00:00,39.892229651927536,NL,652.9230223742043,16.67205913564673,5.662030627284782,107.41600356165566,21,6,3,1,27.33408368873939,37.8588366227892,50.55813593202802,33.462416627349285,31.193078260809852,6.203375032593103,33.02437204649998,5.98379237075176,41.19589750645472,10.79240785736772,277.9575558225016,608.1927020266255
2025-03-16 22:00:00,33.32421839503746,NL,328.6635801761776,16.615716537318203,4.340761254364659,0.0,22,6,3,1,39.892229651927536,30.105485500106198,39.44782242404014,37.09978787704129,32.25162514138799,5.872279743624337,32.514071710749754,5.6372768924765095,41.03858211137123,10.881857282346033,276.0820360485096,0.0
2025-03-16 23:00:00,44.36508231376038,NL,387.55770218771397,12.737340873397589,6.599479642195426,0.0,23,6,3,1,33.32421839503746,27.33408368873939,39.95732203863747,44.53057569656677,35.47998936206003,6.386862686621941,32.881385067009994,6.27399572576266,41.0316865537543,10.879600486661268,162.23985252512483,0.0
2025-03-17 00:00:00,42.39288185358501,NL,308.3284439637573,12.332221326867426,9.232431292026764,0.0,0,0,3,0,44.36508231376038,39.892229651927536,39.36338047556545,37.62483124969489,36.23566356719267,6.966534033111512,33.13384351517829,6.6104650466558335,41.23035532891638,10.858197027938767,152.08368285484377,0.0
2025-03-17 01:00:00,49.1351447960443,NL,749.4714984330586,13.394798818369448,5.24192748899868,0.0,1,0,3,0,42.39288185358501,33.32421839503746,29.468957072352033,42.15148587797129,39.407273449849015,7.888293345524507,34.77269249215265,7.926142406182428,41.52134111716943,10.976883321780146,179.42063538459158,0.0
2025-03-17 02:00:00,59.81529712399369,NL,614.8724347524452,10.081022862318388,7.063250956749641,0.0,2,0,3,0,49.1351447960443,44.36508231376038,34.047499147080295,51.019553298443206,44.820809022391394,9.011250461848523,36.920008990228766,10.712505824833325,41.88783044323403,11.444657947082806,101.62702195058603,0.0
2025-03-17 03:00:00,64.8401256149178,NL,857.9553535223461,13.367579058629355,3.0371891567109506,0.0,3,0,3,0,59.81529712399369,42.39288185358501,26.849013835465232,51.08363711326863,48.97879168288978,11.651286605535327,40.08593497184981,12.863501971199877,42.461017464136084,12.241952902185957,178.69216988870608,0.0
2025-03-17 04:00:00,63.42543554541484,NL,1425.0296095459782,8.473872318374884,3.7108623188172603,0.0,4,0,3,0,64.8401256149178,49.1351447960443,26.972937111568626,59.13983080244136,53.99566120795267,9.91350970038864,43.12364317467033,13.758356248369736,42.63958432842664,12.523826325078682,71.80651206812013,0.0
2025-03-17 05:00:00,62.41832853718366,NL,943.7509331996042,9.398188089168965,6.5685476282140325,0.0,5,0,3,0,63.42543554541484,59.81529712399369,24.994896989728154,53.4564495715188,57.00453557852322,9.113305636626842,46.24226247029162,13.51477320462071,43.01299595199601,12.985461557634203,88.3259393593974,0.0
2025-03-17 06:00:00,60.89703582180905,NL,1209.8546652571351,10.827957148557536,8.591967129525209,360.73565915852635,6,0,3,0,62.41832853718366,64.8401256149178,37.8588366227892,50.34103579307904,60.08856123989389,5.654123203811437,48.16211240354327,13.847844303339878,43.45282928652643,13.416094660082756,117.24465601099824,3099.428925937668
2025-03-17 07:00:00,53.434418424366996,NL,822.3276281193567,6.477332629108278,6.334961770024598,519.4925686639915,7,0,3,0,60.89703582180905,63.42543554541484,30.105485500106198,63.1552722208119,60.805106844614336,4.0265420701779036,50.10619014723168,12.669910262687882,43.04779371167456,12.933467336439701,41.95583798811076,3290.9655622982646
2025-03-17 08:00:00,54.778140624507564,NL,906.0150037928271,6.457127105941872,4.997619011406969,574.2724842807609,8,0,3,0,53.434418424366996,62.41832853718366,27.33408368873939,52.24848016404843,59.96558076136665,4.736686172486349,52.39319489187903,10.471982042969094,43.15319623086035,13.021716065695475,41.69449046228925,2869.9950851694402
2025-03-17 09:00:00,52.91730105378947,NL,1187.7135177203759,7.860207873624679,5.622317883299986,640.9451030401364,9,0,3,0,54.778140624507564,60.89703582180905,39.892229651927536,50.55813593202802,57.97844333451192,4.783424461007809,53.47861750870086,9.705431165749486,43.25149477760041,13.0887767427751,61.7828678165914,3603.5971150361106
2025-03-17 10:00:00,56.857174486202,NL,604.6065884424465,14.573992492977382,3.122919604513843,630.3319150233601,10,0,3,0,52.91730105378947,53.434418424366996,33.32421839503746,39.44782242404014,56.88373315797646,3.969960335613721,55.43969718296457,7.355975783462648,43.976884446857156,13.348648840818745,212.4012571853611,1968.475894777205
2025-03-17 11:00:00,49.39732710910569,NL,971.8992341506464,12.122198963514396,7.429240581938134,643.6119977897577,11,0,3,0,56.857174486202,54.778140624507564,44.36508231376038,39.95732203863747,54.7135662532968,3.8976841453293174,55.85905091591,6.788807821193119,44.37021799146,13.364129538142837,146.9477077110295,4781.548373001944
2025-03-17 12:00:00,34.99356675020245,NL,621.5503870910951,19.647501128123334,7.984876053874219,747.7650279118876,12,0,3,0,49.39732710910569,52.91730105378947,42.39288185358501,39.36338047556545,50.396321408029024,7.934370481104814,55.24244132396146,8.2925775110895,44.18814241956988,13.464698726732628,386.0243005796077,5970.811065298219
2025-03-17 13:00:00,41.84434480643752,NL,238.09712226988606,14.659709184272392,5.31602926356124,731.8763788276635,13,0,3,0,34.99356675020245,56.857174486202,49.1351447960443,29.468957072352033,48.46464247170744,8.441435232144523,54.634874658160896,9.016225434404225,44.70378357515677,13.108766204291898,214.90707336744032,3890.676247157091
2025-03-17 14:00:00,35.243597653270356,NL,356.48154781110435,17.280653924193228,5.280125633708398,726.7424251121028,14,0,3,0,41.84434480643752,49.39732710910569,59.81529712399369,34.047499147080295,45.208885309834585,9.247974728292125,52.58723303560061,10.414528070775026,44.75362101291469,13.068703723934956,298.6210000477348,3837.2913079378195
2025-03-17 15:00:00,31.467597283529464,NL,320.9574993320724,20.90880903327428,6.751966388531497,567.2883421168303,15,0,3,0,35.243597653270356,34.99356675020245,64.8401256149178,26.849013835465232,41.63393468145791,9.801498602192334,49.80618900798492,11.266125862489508,44.946061989917375,12.825328295145036,437.17829518993216,3830.311818578595
2025-03-17 16:00:00,36.489787304739345,NL,171.34929055122004,22.477281571015233,5.346770457146209,513.5225672319827,16,0,3,0,31.467597283529464,41.84434480643752,63.42543554541484,26.972937111568626,38.23937015121414,6.417533579571114,47.56155165459529,10.98579010830117,45.34259741463282,12.38503594038222,505.228186822701,2745.6872915538434
2025-03-17 17:00:00,38.15842766335489,NL,-317.00785712262547,22.912428999908677,6.087944699975756,358.6124576596105,17,0,3,0,36.489787304739345,35.243597653270356,62.41832853718366,24.994896989728154,36.366220243589005,3.474999020954662,45.5398932484429,10.207898529444362,45.891077859367265,11.71827464281145,524.9794026758561,2183.212810954106
2025-03-17 18:00:00,38.2538462958255,NL,-165.42743516497373,21.192197460676006,10.419653507560431,330.3764446969564,18,0,3,0,38.15842766335489,31.467597283529464,60.89703582180905,37.8588366227892,36.909600167859516,3.4723327900923677,43.65296078794427,9.148927404162572,45.90753659574378,11.706774328702254,449.10923321228256,3442.4080808019867
2025-03-17 19:00:00,30.976884007682674,NL,-52.466640254835134,20.47230144094966,5.726158527735407,309.2418597430903,19,0,3,0,38.2538462958255,36.489787304739345,53.434418424366996,30.105485500106198,35.09835670140037,3.2077180065042468,41.78149958655391,9.26238337587847,45.94384486689279,11.656878782999803,419.1151262891095,1770.7679123006533
2025-03-17 20:00:00,36.07657645426282,NL,32.10061228777145,18.94454965280002,5.503529625184956,151.67523103859008,20,0,3,0,30.976884007682674,38.15842766335489,54.778140624507564,27.33408368873939,35.23718650156578,3.2331857576255705,40.22303590570018,8.411015315215549,46.308115398789596,11.176761743135602,358.89596154740536,834.7491274276532
2025-03-17 21:00:00,42.43582224842941,NL,250.58102891686178,18.383442133869483,4.925126317957082,134.53661634474963,21,0,3,0,36.07657645426282,38.2538462958255,52.91730105378947,39.892229651927536,37.065223995715776,3.7370490491761306,39.34957933858684,7.463815160271403,46.41409842364385,11.12521921060633,337.9509446893278,662.6098298884212
2025-03-17 22:00:00,49.30616228050437,NL,265.5402001866505,14.587044765520995,7.708593872227274,0.0,22,0,3,0,42.43582224842941,30.976884007682674,56.857174486202,33.32421839503746,39.20128649167661,6.196136582847708,38.72032832144537,6.035200366706764,47.08001275220497,10.780614699523268,212.78187499131346,0.0
2025-03-17 23:00:00,45.924893149510154,NL,83.52160570671896,12.788692010831086,5.857761582791195,0.0,23,0,3,0,49.30616228050437,36.07657645426282,49.39732710910569,44.36508231376038,40.49569740603582,6.723494285395045,38.430958824812414,5.5396316985582175,47.14500487036121,10.7682304559192,163.55064334789486,0.0
2025-03-18 00:00:00,51.2629375896648,NL,556.0395702011926,13.113153561366255,4.921463852584548,0.0,0,1,3,0,45.924893149510154,42.43582224842941,34.99356675020245,42.39288185358501,42.66387928834237,7.8578415070772065,39.78673972810094,6.525119472028839,47.514590526031206,10.75024075734477,171.95479632397252,0.0
2025-03-18 01:00:00,50.24440017050631,NL,731.526671608025,11.522431406337962,8.862817993773424,0.0,1,1,3,0,51.2629375896648,49.30616228050437,41.84434480643752,49.1351447960443,45.87513198214631,5.791958921223598,40.48674434177334,7.183300527340861,47.56080949996712,10.759891206311023,132.7664255137634,0.0
2025-03-18 02:00:00,52.84995782424472,NL,841.958089586208,9.832997616521284,9.059415938254675,0.0,2,1,3,0,50.24440017050631,45.924893149510154,35.243597653270356,59.81529712399369,48.67069554380996,3.8335203679251455,41.95394102268787,7.787661209988835,47.270587029144245,10.505923953811113,96.68784212651326,0.0
2025-03-18 03:00:00,65.21042182691174,NL,1049.709535704198,11.219190799749889,5.01936279774999,0.0,3,1,3,0,52.84995782424472,51.2629375896648,31.467597283529464,64.8401256149178,52.46646214022368,6.659147516615911,44.76584306796972,9.549599303214645,47.286016037977326,10.533085245168541,125.87024220119255,0.0
2025-03-18 04:00:00,69.34979428231911,NL,1079.797132802,11.096519655419023,2.487130026506168,0.0,4,1,3,0,65.21042182691174,50.24440017050631,36.489787304739345,63.42543554541484,55.80706747385947,9.271707213739358,47.50417698276804,11.477405480245757,47.532864318681675,10.987388779860817,123.13274846310071,0.0
2025-03-18 05:00:00,62.63651934122319,NL,1054.7989289902216,9.0383969589228,8.235237308901244,0.0,5,1,3,0,69.34979428231911,52.84995782424472,38.15842766335489,62.41832853718366,58.59233850581165,8.15181462485191,49.54401795592373,11.835050188858268,47.541955602183315,11.000323605913572,81.69261958706491,0.0
2025-03-18 06:00:00,67.42021878921561,NL,965.9668577082706,11.830600195595792,4.850950277707392,388.8703676382256,6,1,3,0,62.63651934122319,65.21042182691174,38.2538462958255,60.89703582180905,61.28521870573678,7.9115376289486345,51.97454899703957,12.291731696612167,47.81375489249192,11.417336036960247,139.96310098803121,1886.3908178868262
2025-03-18 07:00:00,62.63520850144231,NL,630.7707264413359,6.943450415381244,7.801461127552938,463.9202148841863,7,1,3,0,67.42021878921561,69.34979428231911,30.976884007682674,53.434418424366996,63.35035342755945,5.78439708658222,54.61274270485288,10.665067372675153,48.1971211457034,11.76349232063432,48.21150367085797,3619.255522704985
2025-03-18 08:00:00,55.15176289345548,NL,998.9363457187366,9.5041903600179,2.2800022938037294,601.0503113579689,8,1,3,0,62.63520850144231,62.63651934122319,36.07657645426282,54.778140624507564,63.73398760576125,4.967328781145547,56.2023415747856,8.93186059914125,48.21268874024289,11.772823706102898,90.32963439945716,1370.396088587615
2025-03-18 09:00:00,57.02747293613048,NL,875.090928025896,9.390640410233171,8.005404605826019,550.0415473740497,9,1,3,0,55.15176289345548,67.42021878921561,42.43582224842941,52.91730105378947,62.370162790631035,5.5679286695571815,57.41831246542736,7.810134653159371,48.3839459020071,11.873699180693558,88.18412731430422,4403.305136743888
2025-03-18 10:00:00,59.26174618743727,NL,784.3157674390746,8.22851560065081,3.797866070665838,740.4770512203315,10,1,3,0,57.02747293613048,62.63520850144231,49.30616228050437,56.857174486202,60.68882144148406,4.4495998465372955,58.247944457671764,7.387409637406562,48.484136389558564,11.958149599788957,67.70846899015378,2812.232668936387
2025-03-18 11:00:00,47.500105465713624,NL,354.0598073871987,12.973371585911678,8.224883995010469,734.6836174141931,11,1,3,0,59.26174618743727,55.15176289345548,45.924893149510154,49.39732710910569,58.1660857955658,6.79644355699802,58.37921215068872,7.158997565848253,48.40508548775057,11.958121280860043,168.3083703061405,6042.687526266392
2025-03-18 12:00:00,51.63198580608615,NL,263.7886919183476,14.20042524231805,6.791901892550287,688.1722356390527,12,1,3,0,47.500105465713624,57.02747293613048,51.2629375896648,34.99356675020245,55.53471363171089,5.412374590462086,58.409966168723834,7.126366265355414,49.09835294841238,11.62443539787782,201.65207706266364,4673.998309637444
2025-03-18 13:00:00,27.12519943901482,NL,561.2210481153203,18.72792157036922,4.855476918084129,744.8550465603211,13,1,3,0,51.63198580608615,59.26174618743727,50.24440017050631,41.84434480643752,49.61637878797297,11.772785047487318,56.48336610776621,11.386414414277905,48.48505522476978,12.38706212146351,350.7350463459007,3616.626485892118
2025-03-18 14:00:00,41.278521577228055,NL,222.08896922866913,18.085992389206496,5.949283131023858,597.7942157039719,14,1,3,0,27.12519943901482,47.500105465713624,52.84995782424472,35.243597653270356,47.304171901935064,11.83041774782448,55.51907975384815,12.18412614363935,48.736510388268016,12.165854747283914,327.10312070243526,3556.4470433112774
2025-03-18 15:00:00,35.28744262625011,NL,262.74674888125134,15.689033181777907,8.13599267079082,556.2616653389082,15,1,3,0,41.278521577228055,51.63198580608615,65.21042182691174,31.467597283529464,43.680833516955005,11.583450553365372,53.025498153793016,13.051519828104118,48.895670610881375,11.953239685012967,246.14576217892818,4525.740832239253
2025-03-18 16:00:00,31.93636910820567,NL,52.650973333873,22.08609862966315,6.975144663107888,494.5705138380151,16,1,3,0,35.28744262625011,27.12519943901482,69.34979428231911,36.489787304739345,39.12660400374974,9.397906144038584,49.9077127226169,13.264393745967643,48.70594485269246,12.19245429939076,487.79575267920853,3449.7008801277566
2025-03-18 17:00:00,33.46223393355265,NL,2.988314754614854,21.144306939984375,7.932181717822388,414.1377803826815,17,1,3,0,31.93636910820567,41.278521577228055,62.63651934122319,38.15842766335489,36.78695874838957,8.610796960721457,47.47652227197769,13.392292785265633,48.5102701139507,12.404922479523325,447.0817159722714,3285.0161302110496
2025-03-18 18:00:00,23.659601127240045,NL,167.65676119519955,19.85247810872474,10.71623692590839,297.17211786198743,18,1,3,0,33.46223393355265,35.28744262625011,67.42021878921561,38.2538462958255,32.12489463524856,6.201173445299481,43.82980413347972,13.425892996784645,47.90217656525965,13.25793477399336,394.120887057395,3184.56682278303
2025-03-18 19:00:00,34.074612184608306,NL,-106.17185878800896,17.884025893924857,3.6348725334553165,320.5674875688842,19,1,3,0,23.659601127240045,31.93636910820567,62.63520850144231,30.976884007682674,33.28313009284747,5.7101339863271,41.449754440410224,12.270976579611816,48.03124857263155,13.100135033142472,319.8383821745748,1165.2219556829157
2025-03-18 20:00:00,39.40820119107762,NL,66.21145349597738,15.753434983248482,9.997780906814667,162.0572799815084,20,1,3,0,34.074612184608306,33.46223393355265,55.15176289345548,36.07657645426282,32.97141002848907,5.216039595090634,40.13779096521207,11.489574145485461,48.170066269998834,12.985094537841052,248.1707137714371,1620.2131796094434
2025-03-18 21:00:00,48.16897531511918,NL,33.99155166571768,15.995124131691888,6.972067631923845,120.1378750025524,21,1,3,0,39.40820119107762,23.659601127240045,57.02747293613048,42.43582224842941,35.11833214330058,8.172902563139457,39.39958283012779,10.55208985964245,48.40894764777757,12.927625537367456,255.84399598823217,837.6093896734084
2025-03-18 22:00:00,41.83708555352433,NL,143.10075451353666,17.77973113988422,4.965787660231163,0.0,22,1,3,0,48.16897531511918,34.074612184608306,59.26174618743727,49.30616228050437,36.76845155085369,8.398345977732033,37.947527777301715,8.586177709459047,48.09773611748673,12.994815791192723,316.1188394065686,0.0
2025-03-18 23:00:00,44.27829632427066,NL,288.7560527550113,18.107080091842708,4.10272850539944,0.0,23,1,3,0,41.83708555352433,39.40820119107762,47.500105465713624,45.924893149510154,38.57112861597336,8.702067590976915,37.679043682181465,8.306124846557955,48.029127916435094,13.011122942223754,327.8663494524065,0.0
2025-03-19 00:00:00,49.6824472550612,NL,524.4267543267425,16.119207235030323,6.3851149753233525,0.0,0,2,3,0,44.27829632427066,48.16897531511918,51.63198580608615,51.2629375896648,42.90826963727688,5.7770736226864985,37.51658213626272,8.02263382282358,47.96327415249328,12.998037015009151,259.82884188585393,0.0
2025-03-19 01:00:00,60.353085629046824,NL,513.6597982185649,10.797919510113056,8.606655980726337,0.0,1,2,3,0,49.6824472550612,41.83708555352433,27.12519943901482,50.24440017050631,47.28801521134997,7.457452265266558,40.28557265209872,9.674270203624202,48.38446937993246,13.236761041566524,116.59506574688018,0.0
2025-03-19 02:00:00,60.474746492946494,NL,981.1512251147042,8.413036550895598,6.508257516122351,0.0,2,2,3,0,60.353085629046824,44.27829632427066,41.278521577228055,52.84995782424472,50.799106094994784,7.948582630674706,41.88525806174192,11.303319768144519,48.702168907795034,13.438562630029773,70.7791840067053,0.0
2025-03-19 03:00:00,58.498991696105556,NL,654.631930149373,10.021006100956651,9.785665617372114,0.0,3,2,3,0,60.474746492946494,49.6824472550612,35.28744262625011,65.21042182691174,52.520775491825844,8.3724023608801,43.81955381756321,12.03405165463669,48.422525985678114,13.146768037742907,100.42056327541042,0.0
2025-03-19 04:00:00,65.13493130503177,NL,875.6383730599475,5.561848209450083,3.8610043767743014,0.0,4,2,3,0,58.498991696105556,60.353085629046824,31.93636910820567,69.34979428231911,56.403749783743756,7.810203154006317,46.586100667298716,12.842727876564297,48.24690669495781,12.880515193975263,30.934155504963098,0.0
2025-03-19 05:00:00,63.48195769586506,NL,875.0167014896992,9.420736317006455,6.73917786118531,0.0,5,2,3,0,65.13493130503177,60.474746492946494,33.46223393355265,62.63651934122319,59.604360012342816,5.414930048876728,49.087744314158094,12.97699961078153,48.28213329306789,12.922667131498509,88.75027275456434,0.0
2025-03-19 06:00:00,67.24577925241994,NL,1269.3955768707465,8.493152563185719,4.2585688680511815,355.2876895635741,6,2,3,0,63.48195769586506,58.498991696105556,23.659601127240045,67.42021878921561,62.53158201190261,3.3209185657709606,52.719925824589744,11.189437245043912,48.27486497903473,12.911479181311675,72.13364046154814,1513.0170939772693
2025-03-19 07:00:00,57.316762906817374,NL,1002.2738684468492,8.207573342209557,7.490619522127355,503.77199966861565,7,2,3,0,67.24577925241994,65.13493130503177,34.074612184608306,62.63520850144231,62.02552822486437,3.9001140957362583,54.65677171810717,9.561786114590705,48.0532630792587,12.698172842449305,67.36426016774895,3773.5643754188677
2025-03-19 08:00:00,56.739050933492265,NL,1119.3816097859465,6.614920846341532,8.53713053707202,482.6842011267131,8,2,3,0,57.316762906817374,63.48195769586506,39.40820119107762,55.15176289345548,61.40291229828867,4.45579318233672,56.10100919664172,8.270937132751259,48.1194000809269,12.740814054787354,43.75717780336377,4120.738033201075
2025-03-19 09:00:00,53.25995414292762,NL,536.4413159858793,11.764302966876002,5.921832169515312,624.6613423487962,9,2,3,0,56.739050933492265,67.24577925241994,48.16897531511918,57.02747293613048,60.529739372759,5.523963999298,56.52525743229242,7.951483595864587,47.96242013121011,12.649165624776037,138.39882429644751,3699.139632173719
2025-03-19 10:00:00,44.253988614446826,NL,783.4100531738518,10.809004857770894,1.5549280436231507,663.0994130104892,10,2,3,0,53.25995414292762,57.316762906817374,41.83708555352433,59.26174618743727,57.04958225766151,8.044802049357722,56.72666602070263,7.566924830856209,47.33709689900218,12.435441966211307,116.83458601531478,1031.0718730000597
2025-03-19 11:00:00,49.15983704658626,NL,787.335681675948,10.711796698670591,7.627330770025171,701.2750432678573,11,2,3,0,44.253988614446826,56.739050933492265,44.27829632427066,47.500105465713624,54.662562149448384,7.877558451732996,57.13346108089561,6.9423016312159715,47.406252381538536,12.441001670317966,114.74258851365018,5348.856715767662
2025-03-19 12:00:00,45.114043887915564,NL,496.4567978550849,8.61229324501541,8.102911579899201,763.6176750053384,12,2,3,0,49.15983704658626,53.25995414292762,49.6824472550612,51.63198580608615,50.973939588697654,5.682972211063261,56.75276080030013,7.4915750347185845,47.134671468281425,12.415861641786838,74.17159493813806,6187.526501416461
2025-03-19 13:00:00,40.24949224267585,NL,563.6865524618098,15.558889686277775,8.038023986355578,724.6986443401639,13,2,3,0,45.114043887915564,44.253988614446826,60.353085629046824,27.12519943901482,48.12939447800739,6.127227883321915,55.07746135143588,8.75461777786292,47.6815170017673,11.76838622209062,242.0790482697609,5825.1450860856075
2025-03-19 14:00:00,35.9960733884762,NL,126.5423099799257,20.281769625930522,9.70099886007649,667.5450744658048,14,2,3,0,40.24949224267585,49.15983704658626,60.474746492946494,41.278521577228055,44.67223155383806,6.149700011309061,53.03757192606336,10.126973657615675,47.46141499390264,11.94147247646634,411.3501791593179,6475.854006442448
2025-03-19 15:00:00,27.775353574807188,NL,408.3160974438424,20.972822672026147,5.087327117134084,514.743001603877,15,2,3,0,35.9960733884762,45.114043887915564,58.498991696105556,35.28744262625011,40.42479812581798,7.649907358442986,50.4772687492885,12.276371583879612,47.14841128342585,12.365371866424553,439.859290832254,2618.666030414397
2025-03-19 16:00:00,31.328179246708213,NL,506.76692283163084,17.37661839631632,8.589866687333082,476.99768523602694,16,2,3,0,27.775353574807188,40.24949224267585,65.13493130503177,31.93636910820567,38.27049656452821,8.158983967327297,47.66003941109486,12.48417716869274,47.12307003919679,12.398481313646338,301.9468668911988,4097.346526343938
2025-03-19 17:00:00,31.28985746824129,NL,-75.530625232466,17.4107128407042,9.614449501388131,434.45121910609606,17,2,3,0,31.328179246708213,35.9960733884762,63.48195769586506,33.46223393355265,35.292166634804055,6.477252317645158,44.97736439212622,12.231443425249246,47.03255435314215,12.509977474377465,303.1329216214621,4177.009306912071
2025-03-19 18:00:00,29.58605935413641,NL,-109.10050428015435,19.53872862643165,3.6722593084191484,354.66861871383264,18,2,3,0,31.28985746824129,27.775353574807188,67.24577925241994,23.659601127240045,32.70416921250753,4.597346876375927,41.839054400602585,10.738682778811372,47.279490112596164,12.079647144652068,381.7619163373396,1302.4351364760337
2025-03-19 19:00:00,34.36654306546582,NL,287.713982279006,16.25312062574203,7.868738128270136,202.90314798042175,19,2,3,0,29.58605935413641,31.328179246708213,57.316762906817374,34.074612184608306,31.72367768297252,3.0246122683441454,39.92653608048996,9.727648670467532,47.29165389929856,12.065911337980026,264.16393007492104,1596.5917368595824
2025-03-19 20:00:00,39.642892617591585,NL,362.9017272539232,18.188794668828464,6.2210748144168395,295.583833778921,20,2,3,0,34.36654306546582,31.28985746824129,56.739050933492265,39.40820119107762,32.33148088782509,4.194888522247101,38.50185622083157,8.168464197019944,47.30143270873665,12.059337722652808,330.83225150480274,1838.849143870819
2025-03-19 21:00:00,50.21043459746424,NL,21.874603976072507,18.184595653097468,7.06638913022889,178.3323293473871,21,2,3,0,39.642892617591585,29.58605935413641,53.25995414292762,48.16897531511918,36.07066105826792,7.7845401681434545,38.24772959204295,7.701689719677366,47.3864935121677,12.072915102671,330.6795190666513,1260.1656336687745
2025-03-19 22:00:00,45.30132570905177,NL,145.9626365808283,17.968997760738556,7.924787443508855,0.0,22,2,3,0,50.21043459746424,34.36654306546582,44.253988614446826,41.83708555352433,38.39951880199185,8.162939347642265,38.33500768326004,7.781463586774196,47.53083685198134,12.02429311822107,322.88488052542726,0.0
2025-03-19 23:00:00,49.60851629235042,NL,294.23355567663776,14.050496739507674,6.2549773482050774,0.0,23,2,3,0,45.30132570905177,39.642892617591585,49.15983704658626,44.27829632427066,41.452628606010045,8.394442894824113,38.37239762040704,7.839070101395534,47.75292935065132,12.010823569738777,197.41645862691576,0.0
2025-03-20 00:00:00,51.81900289415305,NL,211.10989779314457,12.538270090626105,5.878018318108959,0.0,0,3,3,0,49.60851629235042,50.21043459746424,45.114043887915564,49.6824472550612,45.15811919601282,6.878890093162975,38.93114420426017,8.568315028228547,47.84195250228015,12.033643086994882,157.20821686548913,0.0
2025-03-20 01:00:00,46.18221896404125,NL,425.6791332544207,9.932550592666574,7.297739311408232,0.0,1,3,3,0,51.81900289415305,45.30132570905177,40.24949224267585,60.353085629046824,47.127398512442056,4.42533486565403,39.42553809770728,8.818798034012062,47.25149972457158,11.737076245916498,98.65556127588113,0.0
2025-03-20 02:00:00,58.69842156740199,NL,529.1718466495864,8.911408121887991,5.054942598706576,0.0,2,3,3,0,46.18221896404125,49.60851629235042,35.9960733884762,60.474746492946494,50.303320004077115,4.80145447730269,41.3174004459511,10.32303812626612,47.17748618600723,11.655381934580355,79.41319471485126,0.0
2025-03-20 03:00:00,61.44894376464588,NL,679.9938775724481,9.199173235825281,5.057784218661811,0.0,3,3,3,0,58.69842156740199,51.81900289415305,27.775353574807188,58.498991696105556,52.17640486527406,6.609620948556306,44.12353296177099,10.869539273902127,47.300400855529745,11.794688869151072,84.62478822272418,0.0
2025-03-20 04:00:00,74.88480470189143,NL,906.0757244148631,9.746355366702234,8.58818104234519,0.0,4,3,3,0,61.44894376464588,46.18221896404125,31.328179246708213,65.13493130503177,57.106984697414,10.40169649880922,47.75325174970293,13.225499423181365,47.70664558039889,12.57759531785042,94.99144293404544,0.0
2025-03-20 05:00:00,62.03476512521925,NL,1009.8058596518384,10.514467553597482,4.93184640611487,0.0,5,3,3,0,74.88480470189143,58.69842156740199,31.28985746824129,63.48195769586506,59.17802616955881,9.831552930372297,50.31532738778443,12.714342935310416,47.64634588995531,12.501918224325074,110.55402793565422,0.0
2025-03-20 06:00:00,63.91029101142355,NL,1290.1000985628154,7.094897246916455,8.562059478250607,342.23704755876264,6,3,3,0,62.03476512521925,61.44894376464588,29.58605935413641,67.24577925241994,61.19324085577055,9.243048530544497,53.17568002589169,11.422230140423464,47.507367213247136,12.291332443884277,50.337566944302694,2930.2539568590073
2025-03-20 07:00:00,60.65346952767791,NL,763.2921049967761,12.037920896359175,8.154617062140085,345.1962878920127,7,3,3,0,63.91029101142355,74.88480470189143,34.36654306546582,57.316762906817374,63.605115949710004,5.7832077038623595,55.36625723107603,9.907255908140659,47.646396655783,12.425253888381368,144.9115395070009,2814.943539031628
2025-03-20 08:00:00,52.53397147838345,NL,1109.8771815875361,9.174977191284077,3.7778210188509886,481.9807494610248,8,3,3,0,60.65346952767791,62.03476512521925,39.642892617591585,56.739050933492265,62.57770760154025,7.202619515014564,56.44051380280868,8.668858777552657,47.471185011820126,12.320669683477266,84.18020646058305,1820.8370059954118
2025-03-20 09:00:00,60.93460898116351,NL,790.755621748172,10.607265577533786,5.874305171760872,576.8070967442094,9,3,3,0,52.53397147838345,63.91029101142355,50.21043459746424,53.25995414292762,62.49198513762652,7.221775607455967,57.33419500145029,8.519705762664952,47.79096229674662,12.57442969572584,112.51408303233316,3388.340911512883
2025-03-20 10:00:00,55.331228518541295,NL,720.1072580695134,10.29288059129316,9.617653282526927,747.4932741915632,10,3,3,0,60.93460898116351,60.65346952767791,45.30132570905177,44.253988614446826,59.233055773734826,4.3529518636108095,58.17002023557441,7.682790299020604,48.25251395941722,12.64207468413729,105.94339086661944,7189.131142195288
2025-03-20 11:00:00,51.63439539647862,NL,744.3734209845813,8.11615350452762,5.635745149073953,715.9016954278618,11,3,3,0,55.331228518541295,52.53397147838345,49.60851629235042,49.15983704658626,57.499660818944726,5.031959170293461,58.33884349425176,7.49758119372506,48.355620557329395,12.659874899651589,65.87194770905597,4034.639507221391
2025-03-20 12:00:00,39.26183025304242,NL,255.45559568754032,16.037912119283146,6.669267686734541,633.2259215450055,12,3,3,0,51.63439539647862,60.93460898116351,51.81900289415305,45.114043887915564,53.3915840258812,7.960748458745578,57.29241244082588,9.178209662422235,48.111778322543024,12.780807848292676,257.2146251458492,4223.153176962806
2025-03-20 13:00:00,47.23789651414404,NL,427.0724266855497,17.00061094554625,8.52219799785711,712.3758536720557,13,3,3,0,39.26183025304242,55.331228518541295,46.18221896404125,40.24949224267585,51.155655190292215,7.375692544040812,57.38038557000112,9.066415944432297,48.4029618338542,12.673048004711626,289.0207725218269,6071.008073885741
2025-03-20 14:00:00,30.15975374139053,NL,263.29044164261137,16.087614973336944,9.164857229918507,575.7436918776353,14,3,3,0,47.23789651414404,51.63439539647862,58.69842156740199,35.9960733884762,47.42661890079341,11.202660884742313,55.00216325116683,11.967961626156585,48.159781848558964,12.973896595901968,258.81135553033505,5276.608737084719
2025-03-20 15:00:00,37.78649275406061,NL,224.93686220835627,17.697289332362487,7.094998439264325,651.6219261096455,15,3,3,0,30.15975374139053,39.26183025304242,61.44894376464588,27.775353574807188,43.56859952960958,9.47268082219226,53.03029233361804,12.734035256412016,48.57691264769451,12.439960317934075,313.1940497133511,4623.256548738348
2025-03-20 16:00:00,44.3836839895849,NL,104.82102688934438,19.2356929998794,6.403055821970033,501.44376740910616,16,3,3,0,37.78649275406061,47.23789651414404,74.88480470189143,31.328179246708213,41.74400877478352,7.628742271248935,50.48853227425917,10.885059767802051,49.120892011981056,11.927812820829697,370.0118851856094,3210.7724342994643
2025-03-20 17:00:00,28.0507484252217,NL,488.09711483764465,15.403048902637014,10.442815934750332,435.9048563489237,17,3,3,0,44.3836839895849,30.15975374139053,62.03476512521925,31.28985746824129,37.8134009462407,7.589151563503886,47.65653088259271,11.974312111780174,48.98592913518857,12.154513436567608,237.25391549702732,4552.074179915595
2025-03-20 18:00:00,30.765957052230647,NL,-147.5479968502632,17.456078414571348,11.075875538948473,416.2898323771096,18,3,3,0,28.0507484252217,37.78649275406061,63.91029101142355,29.58605935413641,36.39742207943874,8.043813129905576,44.894503052659964,11.703872122456833,49.03509153927583,12.07475799884912,304.71467361566374,4610.774371538588
2025-03-20 19:00:00,35.67122844923407,NL,-109.16230414489772,19.751424518344606,9.555792312916907,195.05515578490542,19,3,3,0,30.765957052230647,44.3836839895849,60.65346952767791,34.36654306546582,34.46964406862041,6.070060151420083,42.812649629456324,10.835552824710668,49.08945343026617,12.00860299228267,390.1187705038645,1863.906558244209
2025-03-20 20:00:00,35.105260062937894,NL,-77.64080717717216,14.98963567783337,7.7687124964833645,105.14409074435041,20,3,3,0,35.67122844923407,28.0507484252217,52.53397147838345,39.642892617591585,35.29389512221164,5.691760105146646,41.36025701150252,10.579086052754608,48.9003854071556,12.198026899844418,224.68917775417506,816.8342116970159
2025-03-20 21:00:00,33.02618793608093,NL,15.351185574675242,17.152554615643684,5.981544768071464,73.33266026740819,21,3,3,0,35.105260062937894,30.765957052230647,60.93460898116351,50.21043459746424,34.5005109858817,5.605949840548784,39.03455525774564,8.803317904373282,48.18437512959796,12.615005910806234,294.21012984263945,438.64259035127753
2025-03-20 22:00:00,44.77125151892271,NL,102.52257453869623,12.714971358705466,5.9371873982401855,0.0,22,3,3,0,33.02618793608093,35.67122844923407,55.331228518541295,45.30132570905177,34.565105574104656,5.743158291126971,38.154557174444086,7.449941015535561,48.162288705009246,12.62073576088412,161.6704966527003,0.0
2025-03-20 23:00:00,43.00924577010608,NL,588.3937836702496,15.096668512316969,8.64310442188483,0.0,23,3,3,0,44.77125151892271,35.105260062937894,51.63439539647862,49.60851629235042,37.05818846491872,5.594519042212782,37.43579470557971,6.368818653932045,47.88731909991574,12.65968612634563,227.90940017078265,0.0
2025-03-21 00:00:00,54.559194626159794,NL,764.100849597971,12.787338281367406,8.434872653130684,0.0,0,4,3,0,43.00924577010608,33.02618793608093,39.26183025304242,51.81900289415305,41.02372806057358,8.10966375832126,38.71057507000616,8.071025623699757,48.00149375541602,12.708947447159703,163.51602032212432,0.0
2025-03-21 01:00:00,51.17895386936744,NL,495.2602638013651,8.371255789351014,10.401273397246175,0.0,1,4,3,0,54.559194626159794,44.77125151892271,47.23789651414404,46.18221896404125,43.60834896392914,8.523274009662883,39.03899651627477,8.51739894098532,48.209691043137944,12.718772714397938,70.07792349074288,0.0
2025-03-21 02:00:00,66.58066296973577,NL,563.5288853791542,12.80765119386439,8.898976396425594,0.0,2,4,3,0,51.17895386936744,43.00924577010608,30.15975374139053,58.69842156740199,48.85424944839545,11.432749956022374,42.07407228530355,11.148457502812965,48.53811776823519,13.097519725503348,164.0359291036959,0.0
2025-03-21 03:00:00,57.23152625325957,NL,927.8365018705546,8.095951521014573,4.5919156078336805,0.0,3,4,3,0,66.58066296973577,54.559194626159794,37.78649275406061,61.44894376464588,52.888472501258555,8.666491324299999,43.694491743570126,11.859116606367051,48.36239203859409,12.944161588862377,65.54443103061818,0.0
2025-03-21 04:00:00,60.95828655843661,NL,802.5680930360251,7.304123134023453,9.701971446799153,0.0,4,4,3,0,57.23152625325957,51.17895386936744,44.3836839895849,74.88480470189143,55.586311674510874,8.13760363477826,45.075708624307765,12.868904093044481,47.78212044928347,11.979724474118834,53.35021475697659,0.0
2025-03-21 05:00:00,67.06415603597321,NL,1089.5492766956363,9.001440350575205,5.60195495672449,0.0,5,4,3,0,60.95828655843661,66.58066296973577,28.0507484252217,62.03476512521925,59.59546338548873,6.453239564066586,48.32682592520373,13.102744346338772,47.99167840389822,12.280104857538287,81.02592838496346,0.0
2025-03-21 06:00:00,56.248232717585715,NL,1020.5846041702599,10.911533502116912,6.830133667448613,407.69503671278744,6,4,3,0,67.06415603597321,57.23152625325957,30.765957052230647,63.91029101142355,59.87696973405972,6.222314353010698,50.450348897316644,12.017991723397596,47.67242597498831,11.94324397568834,119.06156336781976,2784.6115963037078
2025-03-21 07:00:00,61.96432804922478,NL,659.8140901450879,6.933903775465675,8.098476623856705,347.0995808011112,7,4,3,0,56.248232717585715,60.95828655843661,35.67122844923407,60.65346952767791,61.67453209736928,4.536522491775878,52.64144053064921,11.46255603671802,47.72704508005276,12.008012068955553,48.079021567417136,2810.9778412682604
2025-03-21 08:00:00,64.91307543789324,NL,1222.5137421582317,9.753587748047494,11.589411190921245,505.5739612408494,8,4,3,0,61.96432804922478,67.06415603597321,35.105260062937894,52.53397147838345,61.396600842062185,4.215560454495873,55.125425145228824,10.50681745326615,48.24284107836567,12.480057386094414,95.13247395886218,5859.304524243084
2025-03-21 09:00:00,47.18307873578227,NL,1192.728925212378,11.42063682187414,13.817913323364039,607.0085679115444,9,4,3,0,64.91307543789324,56.248232717585715,33.02618793608093,60.93460898116351,59.72185958914931,7.165229437746108,56.305166045203926,8.379240913370987,47.66986065147478,12.184193092653837,130.43094541714746,8387.591777941056
2025-03-21 10:00:00,52.49473264776894,NL,607.4422619031227,13.086518819097432,8.811522329625681,675.5698273888054,10,4,3,0,47.18307873578227,61.96432804922478,44.77125151892271,55.331228518541295,58.31126727070469,7.687217344670731,56.948789472607785,7.68023239532682,47.55167332352594,12.120235513311377,171.25697480259123,5952.7986192578255
2025-03-21 11:00:00,48.9786496325055,NL,531.8692105640638,13.23065353302798,7.486776311444685,662.5837045416297,11,4,3,0,52.49473264776894,64.91307543789324,43.00924577010608,51.63439539647862,55.29701620346007,7.0913607408787795,57.4462397944744,6.842968751490508,47.441017250027066,12.09343384924601,175.05019291102576,4960.615983511538
2025-03-21 12:00:00,47.71788188590267,NL,537.173078144981,13.448902045794425,8.922180845846562,701.7220505852921,12,4,3,0,48.9786496325055,47.18307873578227,54.559194626159794,39.26183025304242,53.87529106484624,7.692173109266538,56.87613039945298,7.370050300793638,47.793352734729574,11.967300482282097,180.87296623737345,6260.8910388402655
2025-03-21 13:00:00,34.039171405073134,NL,417.4818354461446,13.784879107463968,9.628480400633133,563.6576715305243,13,4,3,0,47.71788188590267,52.49473264776894,51.17895386936744,47.23789651414404,49.221098290820954,9.938990866985195,55.44781519409512,9.826133612992836,47.24340585518495,12.29277772039985,190.02289200739662,5427.166842998162
2025-03-21 14:00:00,30.566725989930553,NL,361.7088545345662,16.735694251066146,7.211834297771078,620.1964707078612,14,4,3,0,34.039171405073134,48.9786496325055,66.58066296973577,30.15975374139053,43.49670671616051,8.933680126642146,52.44665377911135,11.477751529525694,47.260363032207444,12.268443816477015,280.0834620651685,4472.754178807529
2025-03-21 15:00:00,37.461915113143746,NL,528.4875171599964,15.332166271341553,11.443592260710105,620.1628090430152,15,4,3,0,30.566725989930553,47.71788188590267,57.23152625325957,37.78649275406061,41.87651277905409,9.012573480283837,50.7991861841017,12.12886930382902,47.24683896383592,12.279515265465603,235.07532257206353,7096.890321944887
2025-03-21 16:00:00,34.91632922670094,NL,11.597852608970882,12.27424999488201,8.313311067268264,475.88529828726615,16,4,3,0,37.461915113143746,34.039171405073134,60.95828655843661,44.3836839895849,38.946778875542755,7.620103950962248,48.629023073123726,12.470863154706116,46.85236584871574,12.525102769006836,150.65721293686104,3956.182517001789
2025-03-21 17:00:00,34.255894302604524,NL,-162.62236205222493,19.314396622125457,8.84865572706825,443.5358768653621,17,4,3,0,34.91632922670094,30.566725989930553,67.06415603597321,28.0507484252217,36.49298632055926,5.925694911016327,45.895001262009664,11.629824145429211,47.1109135936067,12.179391961701468,373.0459168767713,3924.6962769849247
2025-03-21 18:00:00,35.32968674772938,NL,-295.8638456029054,20.235189848836352,9.185018052994383,372.34362504013495,18,4,3,0,34.255894302604524,37.461915113143746,56.248232717585715,30.765957052230647,34.428287130863716,2.251505712714396,44.15178909785498,11.503959443329782,47.30106899758581,11.946504710940589,409.46290821844974,3419.982917911011
2025-03-21 19:00:00,31.772848015903413,NL,-149.148921132918,13.3501666854173,8.696342770114372,242.28587417122966,19,4,3,0,35.32968674772938,34.91632922670094,61.96432804922478,35.67122844923407,34.0505665660021,2.5056056659584405,41.635832428411526,10.512949134185549,47.13863647953037,12.136498407197447,178.22695052842593,2107.0010101498137
2025-03-21 20:00:00,38.78390681932391,NL,40.361903533021284,15.391889512152016,9.531050549824686,183.52318854982852,20,4,3,0,31.772848015903413,34.255894302604524,64.91307543789324,35.105260062937894,35.42009670423432,2.465927280496762,39.458401710197414,7.5387006213606345,47.29191342771312,12.000382531013987,236.91026275429522,1749.1687871334225
2025-03-21 21:00:00,42.244867457905,NL,485.3581821102837,17.716883670720843,6.618663175791615,54.37599832047781,21,4,3,0,38.78390681932391,35.32968674772938,47.18307873578227,33.02618793608093,36.2172554283612,3.714826725433591,39.04688410370765,7.2061443036271084,47.67602507445579,11.666808936563031,313.88796700185486,359.8964177306532
2025-03-21 22:00:00,40.85667955476073,NL,126.47774019276548,19.4562623047757,6.7365660409934,0.0,22,4,3,0,42.244867457905,31.772848015903413,52.49473264776894,44.77125151892271,37.20731381637116,4.073088301827412,38.07704634595696,5.8957409802331515,47.51291790928237,11.73634113916973,378.5461428722358,0.0
2025-03-21 23:00:00,57.649636894460386,NL,395.3480677765189,14.118532360200756,5.652861082942071,0.0,23,4,3,0,40.85667955476073,38.78390681932391,48.9786496325055,43.00924577010608,41.1062709150138,8.954515492340354,38.79962861778653,7.629686182354583,48.12293420613046,11.871775642021618,199.33295600603594,0.0
2025-03-22 00:00:00,49.560397077542824,NL,476.71542078544957,11.315751760904128,8.732172010125915,0.0,0,5,3,1,57.649636894460386,42.244867457905,47.71788188590267,54.559194626159794,43.47805596998271,9.002975918675,38.953171550423214,7.8410876736098905,47.9146509749381,11.797564218350145,128.04623791440486,0.0
2025-03-22 01:00:00,44.819557554523215,NL,847.0881772408771,11.148862936352376,9.411042555909688,0.0,1,5,3,1,49.560397077542824,40.85667955476073,34.039171405073134,51.17895386936744,45.65250755975268,6.952498427425551,39.851537062877384,7.844462871412152,47.64967612848625,11.792475205774718,124.29714477357173,0.0
2025-03-22 02:00:00,57.11375898781722,NL,1235.3864851747244,13.14106172064644,8.768715281189232,0.0,2,5,3,1,44.819557554523215,57.649636894460386,30.566725989930553,66.58066296973577,48.70748292116823,7.346720810396016,42.06378981270127,8.686140567420757,47.255221795906316,11.278855138296533,172.6875031458392,0.0
2025-03-22 03:00:00,51.274384363804145,NL,727.3796360092097,8.186342713761626,11.202154415580535,0.0,3,5,3,1,57.11375898781722,49.560397077542824,37.461915113143746,57.23152625325957,50.212402405484745,6.649908597778971,43.214828916922976,8.932568227497757,47.007007550512334,11.11410688768066,67.01620702715806,0.0
2025-03-22 04:00:00,61.50401715817725,NL,815.1248133885749,7.239380392151732,7.841977511227368,0.0,4,5,3,1,51.274384363804145,44.819557554523215,34.91632922670094,60.95828655843661,53.6536253393875,6.164825119544368,45.430469577879336,9.928925024124522,47.02974632550153,11.144408319696266,52.40862846227097,0.0
2025-03-22 05:00:00,63.78954784416188,NL,1171.7950885583487,7.547951309149279,9.190652860070486,0.0,5,5,3,1,61.50401715817725,57.11375898781722,34.255894302604524,67.06415603597321,54.67694383100442,7.355420804218219,47.891607373009116,10.548232530648127,46.8933043175094,10.90595534696809,56.97156896528831,0.0
2025-03-22 06:00:00,53.29914270799694,NL,1116.3782979252624,6.620737984142081,5.669767796606832,333.18726306594647,6,5,3,1,63.78954784416188,51.274384363804145,35.32968674772938,56.248232717585715,55.30006810274677,6.98427745928849,49.38906203636474,9.855540424758342,46.77042556710986,10.812180181368559,43.83417145466174,1889.0944143708723
2025-03-22 07:00:00,60.643909022425746,NL,1332.304378291741,9.124024442812084,7.078970143936659,461.8611624478938,7,5,3,1,53.29914270799694,61.50401715817725,31.772848015903413,61.96432804922478,57.937460014063866,4.916933515957911,51.79498378690827,8.609336994495047,46.7154081076599,10.734586018544794,83.24782203303236,3269.501379612519
2025-03-22 08:00:00,55.4412663011636,NL,1029.7983389574122,12.792721362690695,9.244245064017015,584.8623461822613,8,5,3,1,60.643909022425746,63.78954784416188,38.78390681932391,64.91307543789324,57.65871123295492,5.0193121117463075,53.18309707706158,7.60509678722911,46.32074939362949,10.197118356155524,163.6537198634429,5406.610856824779
2025-03-22 09:00:00,54.330795708560856,NL,761.6949724358619,11.122298764845077,9.551373770371749,528.9036885537682,9,5,3,1,55.4412663011636,53.29914270799694,42.244867457905,47.18307873578227,58.16811312374771,4.352606594281148,54.190257764616234,6.78040184995116,46.61857093416194,10.326952093998658,123.70552981447432,5051.7568179053305
2025-03-22 10:00:00,56.05552826837716,NL,848.1309661384619,11.108736997718593,7.265235653557096,617.6368412031762,10,5,3,1,54.330795708560856,60.643909022425746,40.85667955476073,52.49473264776894,57.26003164211437,4.077082486371943,55.456828490750944,5.327090720913606,46.76693741835394,10.440004985435836,123.40403768448189,4487.277199659698
2025-03-22 11:00:00,41.452295081249034,NL,831.1502386678421,12.20744348395497,7.840367182388686,673.6466044073886,11,5,3,1,56.05552826837716,55.4412663011636,57.649636894460386,48.9786496325055,53.53715618162889,6.437455260933668,54.10705000631666,6.616869452565632,46.45333931205159,10.483628429136886,149.02167641395465,5281.636729723264
2025-03-22 12:00:00,35.04008670522867,NL,644.0964362394728,10.969871705880285,4.947818192743201,660.8123239437786,12,5,3,1,41.452295081249034,54.330795708560856,49.560397077542824,47.71788188590267,50.49398018116751,9.937037375043483,52.89702414195714,8.564831158111529,45.92509784619018,10.733561801881663,120.33808524347285,3269.579238397941
2025-03-22 13:00:00,30.77635281133593,NL,452.0452836701991,17.119574702368254,7.269507284491601,774.8208679930143,13,5,3,1,35.04008670522867,56.05552826837716,44.819557554523215,34.039171405073134,45.51605414598587,11.232175629926264,51.72675708002487,10.507849854136634,45.78914707145112,10.909869229703714,293.0798379899671,5632.565944051323
2025-03-22 14:00:00,28.089957630524744,NL,443.3349379178309,16.321027690260323,9.764332013144392,610.270286633214,14,5,3,1,30.77635281133593,41.452295081249034,57.11375898781722,30.566725989930553,40.957502700879395,11.92715810813568,49.30810696691716,12.336361893176434,45.68594838980922,11.070651125867972,266.3759448662442,5958.8816964434955
2025-03-22 15:00:00,29.466698737988736,NL,360.305727495861,17.028780067444046,9.133975718317952,569.7100344409484,15,5,3,1,28.089957630524744,35.04008670522867,51.274384363804145,37.461915113143746,36.81348653911738,10.59662109196085,47.49079983143255,13.565424107443336,45.35281437417776,11.44292098134335,289.9793505853797,5203.717621065707
2025-03-22 16:00:00,30.13716573461823,NL,323.4190963152862,24.416461696873476,8.984897128867239,535.219451580149,16,5,3,1,29.466698737988736,30.77635281133593,61.50401715817725,34.91632922670094,32.49375945015756,4.975916592315489,44.87689554613596,13.64156899976915,45.15368256200765,11.671731348160133,596.1636017948896,4808.891713816379
2025-03-22 17:00:00,29.386884047525236,NL,126.77906437339433,18.952078429854026,8.08311306046674,380.4791894820778,17,5,3,1,30.13716573461823,28.089957630524744,63.78954784416188,34.255894302604524,30.48285761120359,2.405563823593091,42.010006896416236,12.900457657323834,44.950807134712676,11.909288547320585,359.18127681133825,3075.4563057383825
2025-03-22 18:00:00,32.733361945424626,NL,-53.42361606337087,16.837033665786123,7.9976920033611725,330.21596441218685,18,5,3,1,29.386884047525236,29.466698737988736,53.29914270799694,35.32968674772938,30.098403484569584,1.571196323627492,40.29619183286855,12.627551028540676,44.842626934616646,12.011834153274325,283.4857026628153,2640.965577961544
2025-03-22 19:00:00,30.237981083185403,NL,26.37982414213038,17.13661196340242,6.662923407157925,275.2859972766267,19,5,3,1,32.733361945424626,30.13716573461823,60.643909022425746,31.772848015903413,30.008674863211166,1.5397953565542324,37.762364504598516,11.135937451934492,44.77867414575339,12.088287673420409,293.6634695842269,1834.2095149172487
2025-03-22 20:00:00,39.89030871930548,NL,288.28909140945206,19.621537939277932,9.38122252650989,158.3569797808744,20,5,3,1,30.237981083185403,29.386884047525236,55.4412663011636,38.78390681932391,31.97540004467462,4.064775834183631,36.46645137277701,9.704413335145993,44.82477422491929,12.066522048830059,385.00475110252324,1485.5820659504102
2025-03-22 21:00:00,34.456220925221814,NL,-36.94052479072104,16.618411569098505,8.825511574883599,97.84328363971102,21,5,3,1,39.89030871930548,32.733361945424626,54.330795708560856,42.244867457905,32.80698707588013,3.9578701586381584,34.81023680749876,7.908118312232291,44.500247286057494,12.24238059960384,276.17160307994703,863.5170322868887
2025-03-22 22:00:00,53.02928247784067,NL,303.73466177458,12.378011008030096,8.967603382090418,0.0,22,5,3,1,34.456220925221814,30.237981083185403,56.05552826837716,40.85667955476073,36.62233986641721,8.863356754588338,34.55804965828738,7.184134813629923,45.00743907451915,12.336655022632378,153.21515651491424,0.0
2025-03-22 23:00:00,46.449101077561636,NL,271.92271498326704,15.828698413312877,6.931496000769659,0.0,23,5,3,1,53.02928247784067,39.89030871930548,41.452295081249034,57.649636894460386,39.4660427047566,8.814635611215822,34.974450157980094,7.743123251778542,44.54075008214838,12.046046385918718,250.54769345961358,0.0
2025-03-23 00:00:00,42.90544469090247,NL,485.7489645869635,11.34876507159694,3.676879846362331,0.0,0,6,3,1,46.449101077561636,34.456220925221814,35.04008670522867,49.560397077542824,41.16138982900291,8.2188112203366,35.62989665678625,8.07497019069033,44.263460399371695,12.001989670842633,128.7944686502987,0.0
2025-03-23 01:00:00,45.42161255023089,NL,865.0998950727201,15.174546970309677,10.17787110961221,0.0,1,6,3,1,42.90544469090247,53.02928247784067,30.77635281133593,44.819557554523215,43.6919950735105,6.295222807220444,36.85033496836083,8.37585141178784,44.28854602419285,12.003831560019082,230.26687575413462,0.0
2025-03-23 02:00:00,56.243353020864,NL,768.2198136039807,12.464700613091898,7.025890774088011,0.0,2,6,3,1,45.42161255023089,46.449101077561636,28.089957630524744,57.11375898781722,46.41750245710358,7.702760221653849,39.1964512508891,9.558421105570366,44.25227910890313,11.964649224706125,155.36876137401353,0.0
2025-03-23 03:00:00,55.0304787883115,NL,842.8407002245035,8.496922880005723,6.258014158018579,0.0,3,6,3,1,56.243353020864,42.90544469090247,29.466698737988736,51.274384363804145,49.84654543428519,5.607560362980037,41.32676625508266,10.029896193761735,44.40878304325761,12.084461631402045,72.19769842876475,0.0
2025-03-23 04:00:00,61.13859660992545,NL,641.0414736962355,11.313092728234995,9.370523509932807,0.0,4,6,3,1,55.0304787883115,45.42161255023089,30.13716573461823,61.50401715817725,51.19809778963266,7.2614613979791995,43.91021882802494,10.845182131316887,44.39355718708044,12.062195643143637,127.98606707764353,0.0
2025-03-23 05:00:00,60.36275807199259,NL,1112.2136263499783,8.56244497388068,7.199540406266561,0.0,5,6,3,1,61.13859660992545,56.243353020864,29.386884047525236,63.78954784416188,53.51704062203782,7.652674843892613,46.491541663397214,10.760186689571034,44.25077427990673,11.840869904509683,73.31546393073452,0.0
2025-03-23 06:00:00,57.03840973647113,NL,1109.0968362282151,10.146238150216474,10.103438454198063,435.1257329064803,6,6,3,1,60.36275807199259,55.0304787883115,32.733361945424626,53.29914270799694,55.872534796299256,5.644840418227118,48.51696231265108,10.208368959118097,44.40657707275981,11.98878219023081,102.94614860090822,4396.266062258449
2025-03-23 07:00:00,51.59305978586211,NL,1395.6138578056261,9.761445044723972,9.217577585258216,450.70310560702234,7,6,3,1,57.03840973647113,61.13859660992545,30.237981083185403,60.643909022425746,56.90110933557113,3.523221645335744,50.29655220454081,8.440469092619358,44.02945835456966,11.591586160715597,95.28580936116619,4154.3908438495555
2025-03-23 08:00:00,45.803125543051785,NL,851.4570549016192,7.763946735082357,9.350704332505774,606.5928449544554,8,6,3,1,51.59305978586211,60.36275807199259,39.89030871930548,55.4412663011636,55.161071422602426,5.772896379961902,50.78928693985301,7.935216288475003,43.62786915631501,11.343333543186587,60.278868905196,5672.070343382629
2025-03-23 09:00:00,47.9879201482533,NL,877.3834561260616,9.102336153290624,5.251654263703751,560.8357236390921,9,6,3,1,45.803125543051785,57.03840973647113,34.456220925221814,54.330795708560856,53.9873116492594,6.477691499359047,51.916928541772286,6.167833983055649,43.36358267463552,11.1554608126119,82.85252344750155,2945.315319286616
2025-03-23 10:00:00,50.85355732672478,NL,779.876736742151,13.58666123644602,10.407453656877621,744.0119874524448,10,6,3,1,47.9879201482533,51.59305978586211,53.02928247784067,56.05552826837716,52.27313843539262,5.492752252320664,51.73561811251264,6.164140298892253,43.146833885400014,10.946720281298381,184.5973635539449,7743.270279572734
2025-03-23 11:00:00,43.749704381914405,NL,924.9001785039554,12.034996569798386,8.506066748572533,726.831813902913,11,6,3,1,50.85355732672478,45.803125543051785,46.449101077561636,41.452295081249034,49.50429615371292,4.73412490838792,51.51066838787537,6.418603707385273,43.242559272927735,10.941301535668956,144.8411424350589,6182.479924044228
2025-03-23 12:00:00,32.58007363345617,NL,460.94089352260966,13.202437609015016,7.245011407612413,727.6520042926179,12,6,3,1,43.749704381914405,47.9879201482533,42.90544469090247,35.04008670522867,45.427906803210426,6.957362041133401,50.65022079975484,8.13866367931677,43.14005872827055,11.032626938708134,174.30435881993412,5271.847071872054
2025-03-23 13:00:00,36.089829588719454,NL,406.3947826028074,13.356591201600642,8.270342620789322,699.7752619188312,13,6,3,1,32.58007363345617,50.85355732672478,45.42161255023089,30.77635281133593,42.84403510368665,7.087406434849326,49.87257221962889,9.075572166068415,43.36145359399486,10.825095331084128,178.39852852667568,5787.381173621321
2025-03-23 14:00:00,34.09559595399612,NL,351.579301943308,17.237381427698256,4.43109522030818,640.6824604208311,14,6,3,1,36.089829588719454,43.749704381914405,56.243353020864,28.089957630524744,40.89278017217737,7.695339451184456,48.0269257973899,9.87869753576555,43.6116885241395,10.521895501407606,297.1273184839568,2838.9249881060296
2025-03-23 15:00:00,25.432920104053593,NL,163.76843403799808,21.428270945336997,8.800871309066162,657.5139563389854,15,6,3,1,34.09559595399612,32.58007363345617,55.0304787883115,29.466698737988736,37.133613498144086,8.94393094664381,45.56046257370175,11.528278921467757,43.44361441439221,10.786556579022523,459.17079570677373,5786.695713654358
2025-03-23 16:00:00,29.200031390262648,NL,-42.29942480232489,15.808661944900619,5.924822669740676,532.0179934924024,16,6,3,1,25.432920104053593,36.089829588719454,61.13859660992545,30.13716573461823,33.52469250873373,6.2694259074960526,42.89891547206317,11.289145295650323,43.40456715004405,10.838391813788979,249.91379248814903,3152.1122685537334
2025-03-23 17:00:00,28.29447364310514,NL,35.855085435127336,18.31649273869358,5.278225114417751,342.2331806065246,17,6,3,1,29.200031390262648,34.09559595399612,60.36275807199259,29.386884047525236,30.948820718932193,3.988035475234241,40.226558436322556,10.55073816388728,43.35905004985988,10.901927863782623,335.49390624661464,1806.3837688644242
2025-03-23 18:00:00,22.88259421109139,NL,194.72634997195442,21.078538089032758,4.938847313669037,294.14067691464993,18,6,3,1,28.29447364310514,25.432920104053593,57.03840973647113,32.733361945424626,29.332574148538058,5.024970465692722,37.380240475874245,10.204523388968804,42.94860139426266,11.488999422954457,444.30476797080473,1452.715892020711
2025-03-23 19:00:00,31.961908425537285,NL,-208.26597302674622,17.743525585547484,10.20894243608467,250.12104660448057,19,6,3,1,22.88259421109139,29.200031390262648,51.59305978586211,30.237981083185403,28.6445872880077,4.114962528145026,35.744311195847175,9.247575543275559,43.02043170019399,11.411201974381912,314.8327002049782,2553.471366838393
2025-03-23 20:00:00,35.42656096536007,NL,73.5812329371559,18.1428713256093,6.725038898719243,190.49994915827773,20,6,3,1,31.961908425537285,28.29447364310514,45.803125543051785,39.89030871930548,28.866414789901693,4.486669363352481,34.87959748103953,8.68981979700698,42.83444221044626,11.500465386042517,329.16377993761614,1281.1195682934558
2025-03-23 21:00:00,41.194761307287976,NL,-13.577553581108475,14.180564903954629,11.051021105937817,99.68320213971364,21,6,3,1,35.42656096536007,22.88259421109139,47.9879201482533,34.456220925221814,31.493388323774084,6.315763014699564,34.313500910959085,7.94784268175781,43.115214726365686,11.368526650785425,201.08842099526976,1101.6011707534412
2025-03-23 22:00:00,44.69744690506708,NL,469.00932578496827,16.02466237130554,6.911962760000224,0.0,22,6,3,1,41.194761307287976,31.961908425537285,50.85355732672478,53.02928247784067,34.07629090957482,8.10559898683063,33.80049170915428,6.914707402682838,42.768054910833456,11.178240507901398,256.78980411433565,0.0
2025-03-23 23:00:00,36.432417498951146,NL,45.95309649198424,13.529433226378782,4.568849770918926,0.0,23,6,3,1,44.69744690506708,35.42656096536007,43.749704381914405,46.449101077561636,35.43261488554916,7.610360148009425,33.19071780224067,6.248078053991264,42.35069309505802,11.221737482485885,183.04556342704217,0.0
2025-03-24 00:00:00,47.50210727340827,NL,368.2156305456823,14.569994446260063,5.750516806207502,0.0,0,0,3,0,36.432417498951146,41.194761307287976,32.58007363345617,42.90544469090247,39.53586706260197,5.9453757646155205,34.43422060557001,7.479126496689799,42.542220702662426,11.270737312038532,212.2847381640491,0.0
2025-03-24 01:00:00,58.351251376579754,NL,684.8518975641646,13.7162047332295,10.455188926118698,0.0,1,0,3,0,47.50210727340827,44.69744690506708,36.089829588719454,45.42161255023089,43.93409088777571,8.453698190273233,36.289339087891705,10.194902511831746,43.0809556537603,11.714628266860407,188.13427228386732,0.0
2025-03-24 02:00:00,61.39992069920912,NL,1043.1048058468682,15.39721297792524,7.671769330231484,0.0,2,0,3,0,58.351251376579754,36.432417498951146,34.09559595399612,56.243353020864,48.26298417675056,9.773088646260328,38.56469948332612,12.456827373171953,43.295812640358015,12.010096669416825,237.07416748758942,0.0
2025-03-24 03:00:00,63.72303114647099,NL,820.4033383786763,10.464314229975786,6.886991093123617,0.0,3,0,3,0,61.39992069920912,47.50210727340827,25.432920104053593,55.0304787883115,52.0176958166144,10.78918374318192,41.75554207019424,13.635576247755601,43.65800232194798,12.500428200879162,109.50187230367372,0.0
2025-03-24 04:00:00,81.8322515927386,NL,801.9727965535797,9.316133850154511,8.303602137810396,0.0,4,0,3,0,63.72303114647099,58.351251376579754,29.200031390262648,61.13859660992545,58.20682993122631,15.411176688944918,46.141560420400566,17.222802669696325,44.52023794623187,14.33732669267527,86.79034991399472,0.0
2025-03-24 05:00:00,65.8510225025907,NL,1339.1943270326524,8.728983768205955,8.98713115843991,0.0,5,0,3,0,81.8322515927386,61.39992069920912,28.29447364310514,60.36275807199259,63.10993076516623,11.203464564678045,49.2712728253577,17.096723349206563,44.74891563084012,14.641539219066487,76.19515762560303,0.0
2025-03-24 06:00:00,68.08038250065849,NL,690.3972199167513,7.647839426576068,10.218363317909741,413.9732465828876,6,0,3,0,65.8510225025907,63.72303114647099,22.88259421109139,57.03840973647113,66.53964330304127,8.223281084946866,53.03775518282163,15.674127546123927,45.20899782934793,15.207067710370884,58.48944789469136,4230.129037478583
2025-03-24 07:00:00,65.59703719367015,NL,523.2017218205178,9.382428309283814,10.880564145890672,492.67289898882484,7,0,3,0,68.08038250065849,81.8322515927386,31.961908425537285,51.59305978586211,67.74727427255634,7.255346547134962,55.840682580166025,14.528118322154876,45.7924968880066,15.722605556858898,88.02996097885033,5360.559080389824
2025-03-24 08:00:00,61.634317923010094,NL,1001.015591902886,8.779338437011456,7.264028394526648,554.1772151505943,8,0,3,0,65.59703719367015,65.8510225025907,35.42656096536007,45.803125543051785,67.78634047652316,7.214852022484394,58.024662326636864,13.07781285784745,46.4521299038382,16.051720603945675,77.07678339158674,4025.5590264536204
2025-03-24 09:00:00,53.64414868538668,NL,733.1425457227515,10.639838982690186,5.331470313940743,591.0115110721196,9,0,3,0,61.634317923010094,68.08038250065849,41.194761307287976,47.9879201482533,66.10652673300912,9.239382113539234,59.06211127481175,12.076832848636453,46.68780609288542,16.116641863610607,113.20617357757374,3150.9603264782663
2025-03-24 10:00:00,55.36640945757376,NL,525.7534365738574,14.075415884725027,7.156635363858268,682.1017555893102,10,0,3,0,53.64414868538668,65.59703719367015,44.69744690506708,50.85355732672478,61.695553043814975,5.968960924743255,59.951191487520646,11.290292991463177,46.875841598337466,16.19350034758346,198.11733232796962,4881.553545800266
2025-03-24 11:00:00,43.815109588575524,NL,751.0808120111312,10.605155283051358,8.373730562051232,652.7294108018064,11,0,3,0,55.36640945757376,61.634317923010094,36.432417498951146,43.749704381914405,58.02290089147912,8.940408954252765,60.566415828322675,10.022140360284938,46.87856681528168,16.192956867995537,112.46931857763214,5465.78021598078
2025-03-24 12:00:00,42.62467449331607,NL,528.7601427542398,16.20318483735627,5.925651696464239,742.7777829510356,12,0,3,0,43.815109588575524,53.64414868538668,47.50210727340827,32.58007363345617,53.780282890255386,9.247790614094537,60.15996309664833,10.677605067067937,47.297091851109165,15.935082126421005,262.54319887353216,4401.442429639751
2025-03-24 13:00:00,37.797107220318026,NL,237.7747513013939,17.81475967457825,5.938867719095375,770.5480839173699,13,0,3,0,42.62467449331607,55.36640945757376,58.351251376579754,36.089829588719454,49.14696122803003,9.106353394038726,58.44711775029319,12.489062721742737,47.368228419092446,15.88661304826087,317.3656622629794,4576.183141587662
2025-03-24 14:00:00,37.578379752283546,NL,-26.060879734178712,16.067739422128348,8.540745311985232,706.6394193235129,14,0,3,0,37.797107220318026,43.815109588575524,61.39992069920912,34.09559595399612,45.1376381995756,7.695171654225221,56.461989338049385,13.801317219615926,47.51334441068776,15.775622170711555,258.1722501374174,6035.227307851259
2025-03-24 15:00:00,46.4255001184268,NL,300.9380750627554,12.973204488432692,7.755864845744559,561.0072499249213,15,0,3,0,37.578379752283546,42.62467449331607,63.72303114647099,25.432920104053593,43.93453010508228,6.583181405590439,55.0205284190457,13.877105408487203,48.38803524461997,15.064054700430743,168.30403469869015,4351.096407900529
2025-03-24 16:00:00,24.09507989757627,NL,177.02753369951296,16.641776978819475,7.918763539708634,543.0708658636553,16,0,3,0,46.4255001184268,37.797107220318026,81.8322515927386,29.200031390262648,38.722641845082705,7.957696032048752,50.209097444448844,13.744523041866884,48.1753289324247,15.37950986466251,276.9487410127659,4300.449772079111
2025-03-24 17:00:00,36.434731002747704,NL,-22.798085900410765,20.77573609806945,6.336178879485322,375.9295885979499,17,0,3,0,24.09507989757627,37.578379752283546,65.8510225025907,28.29447364310514,37.49257874744473,7.574267062249096,47.757739819461925,13.317741246552096,48.51450632240981,15.00725431256092,431.63121041662606,2381.9571194479363
2025-03-24 18:00:00,25.53386634429625,NL,349.32739920953316,18.12205403320331,7.392368120473926,378.61951555878386,18,0,3,0,36.434731002747704,46.4255001184268,68.08038250065849,22.88259421109139,34.6441107226081,8.42421964002228,44.212196806431734,13.076783016326296,48.62497599462668,14.818948939142528,328.4088423823403,2798.8948366060354
2025-03-24 19:00:00,32.8133122948487,NL,-216.9798664097647,15.817897083048265,6.004703260348852,281.9435048572449,19,0,3,0,25.53386634429625,24.09507989757627,65.59703719367015,31.961908425537285,33.81347823502988,8.295879901597887,41.48021973152995,11.536832634039222,48.660451155847994,14.778288099738866,250.20586812990683,1692.9870828504806
2025-03-24 20:00:00,43.067391318355725,NL,-258.1177360771671,16.142271070252573,9.633566371135034,81.50918302339177,20,0,3,0,32.8133122948487,36.434731002747704,61.634317923010094,35.42656096536007,34.728313496041906,9.061423721458599,39.932975847808756,9.684511794095897,48.97881908722281,14.561508602674747,260.57291530551316,785.2241245128375
2025-03-24 21:00:00,41.10090518688891,NL,-11.935004569522704,17.900285192856664,9.923668218332967,44.42343438909024,21,0,3,0,43.067391318355725,25.53386634429625,53.64414868538668,41.194761307287976,33.84088100745226,7.8690219309338465,38.88770555626727,8.696625124727234,48.97490841553952,14.563702436166972,320.42020998560355,440.8434239962146
2025-03-24 22:00:00,39.03971275524604,NL,220.88279672890022,16.17520849289217,4.160793824409273,0.0,22,0,3,0,41.10090518688891,32.8133122948487,55.36640945757376,44.69744690506708,36.33165315039722,6.3942328360448775,37.52714749773996,6.994843420916525,48.7391694926303,14.681266600097405,261.63736978853103,0.0
2025-03-24 23:00:00,44.74424579243676,NL,399.2583673132776,13.339550737647665,5.99414782850064,0.0,23,0,3,0,39.03971275524604,43.067391318355725,43.815109588575524,36.432417498951146,37.716572282012066,7.262012830040271,37.6045755147284,7.075452306006401,49.08549567152554,14.474918658051912,177.94361388227637,0.0
2025-03-25 00:00:00,55.58922121765726,NL,431.75278842873405,11.778578810870135,4.860111038705303,0.0,0,1,3,0,44.74424579243676,41.10090518688891,42.62467449331607,47.50210727340827,42.725798094238904,7.538479267107267,38.6849544084235,8.712174049403215,49.42245875253591,14.530479931546926,138.7349188038789,0.0
2025-03-25 01:00:00,52.12424188195077,NL,679.8206018541197,10.471609511611526,6.553121680071665,0.0,1,1,3,0,55.58922121765726,39.03971275524604,37.797107220318026,58.351251376579754,45.94428635875591,6.512522076088405,39.8788822968929,9.523379618173866,49.163000023593035,14.419283773341808,109.65460576367298,0.0
2025-03-25 02:00:00,59.91328389255795,NL,479.69211516191115,8.28695850449018,7.686293609304739,0.0,2,1,3,0,52.12424188195077,44.74424579243676,37.578379752283546,61.39992069920912,48.75193512112295,8.385985172257985,41.74012430858243,11.087079401865772,49.1010568233159,14.36753044183488,68.67368125514211,0.0
2025-03-25 03:00:00,61.375651914459816,NL,1122.3063114079257,12.449492442086692,4.953879109488401,0.0,3,1,3,0,59.91328389255795,55.58922121765726,46.4255001184268,63.72303114647099,52.1310595757181,8.762794196974209,42.985970291585176,12.42114120660039,49.00324935531544,14.271330904782808,154.98986206557367,0.0
2025-03-25 04:00:00,59.310592401435905,NL,896.5824662137055,7.933593458166672,6.009449922634834,0.0,4,1,3,0,61.375651914459816,52.12424188195077,24.09507989757627,81.8322515927386,55.50953951674975,6.254764271218849,45.920596333573485,11.690771125871217,48.064846889011164,12.669363810754518,62.94190515946501,0.0
2025-03-25 05:00:00,73.71629039575149,NL,1186.4220794621597,10.68822538630145,5.8452548047224635,0.0,5,1,3,0,59.310592401435905,59.91328389255795,36.434731002747704,65.8510225025907,60.338213617302195,7.366247995089479,49.027392949657134,13.718627579952196,48.39256638455953,13.238390869787029,114.23816190837879,0.0
2025-03-25 06:00:00,65.57214941134555,NL,1048.5450692755408,11.310497295641522,8.267704207683348,432.7703556544148,6,1,3,0,73.71629039575149,61.375651914459816,25.53386634429625,68.08038250065849,62.00203498291691,7.204712256433631,52.36391653857791,12.278594336036262,48.28805667250483,13.085223444660562,127.92734907471417,3578.0172904046244
2025-03-25 07:00:00,50.7013154429161,NL,1054.313556975291,10.615775598255526,7.991858222957962,416.4085915935554,7,1,3,0,65.57214941134555,59.310592401435905,32.8133122948487,65.59703719367015,61.76488057641114,7.607067842357346,53.854583467583524,10.669735146018304,47.66740159955673,12.571722194749524,112.69469155251747,3327.8784268372992
2025-03-25 08:00:00,59.309633240328246,NL,1026.9661579386602,8.42059381145259,6.409694442210954,494.39165414225886,8,1,3,0,50.7013154429161,73.71629039575149,43.067391318355725,61.634317923010094,61.66427213437285,7.640373062111117,55.2081036277479,10.196637505565986,47.570539737778326,12.467959298118918,70.90640013747367,3168.8994378311168
2025-03-25 09:00:00,51.91156258474647,NL,923.0951025967368,11.024070390423352,8.206811293164257,622.0477566858914,9,1,3,0,59.309633240328246,65.57214941134555,41.10090518688891,53.64414868538668,60.08692391275397,8.625315995321355,56.10899174423603,9.272640708686685,47.49834865025165,12.436238919775933,121.53012797300889,5105.028554457265
2025-03-25 10:00:00,55.83373002908854,NL,858.5445519735088,11.30552278032645,6.75980937971093,635.2074223372043,10,1,3,0,51.91156258474647,50.7013154429161,39.03971275524604,55.36640945757376,59.50744685069608,8.802869824092692,57.5084931837229,7.573955105219404,47.51782034073144,12.449452558499637,127.81484533648032,4293.8810915770355
2025-03-25 11:00:00,43.71663196909988,NL,875.2400285777469,10.724768129016887,7.05476599070121,681.1041791680121,11,1,3,0,55.83373002908854,59.309633240328246,44.74424579243676,43.815109588575524,54.507503779587466,7.54870321513074,57.422858698444834,7.73548012502551,47.51371710658662,12.45074216260329,115.02065142117638,4805.030599318955
2025-03-25 12:00:00,43.23508531968162,NL,519.3042339402941,14.48607771540789,10.94498039195039,736.9826575862336,12,1,3,0,43.71663196909988,51.91156258474647,55.58922121765726,42.62467449331607,50.78465976431014,6.424923824559372,56.39334737361353,8.75643215342057,47.539150891018515,12.440940437728683,209.84644757683705,8066.2607364888145
2025-03-25 13:00:00,42.74886135436583,NL,492.39122896644204,12.736381394445417,10.278998314934011,592.6062348258092,13,1,3,0,43.23508531968162,55.83373002908854,52.12424188195077,37.797107220318026,49.459250749551764,7.216995028789918,55.61206566298145,9.553904810105449,47.745473979937174,12.312751916084927,162.21541102477536,6091.398489193882
2025-03-25 14:00:00,41.49778502620254,NL,212.0528611425548,18.593166689900137,4.998913737498121,719.024007567187,14,1,3,0,42.74886135436583,43.71663196909988,59.91328389255795,37.578379752283546,46.490609380530806,5.8975079145379095,54.07744075745183,10.25360080766914,47.90878253301713,12.197491748585449,345.705847558412,3594.3389890185645
2025-03-25 15:00:00,28.850725249780375,NL,414.470052496621,16.2016111287196,9.257541047111665,601.1213996317589,15,1,3,0,41.49778502620254,43.23508531968162,61.375651914459816,46.4255001184268,42.6471364913698,8.567941099422882,51.367030202061876,12.252892086883184,47.17650024682353,12.802941642919722,262.49220316625076,5564.906031388223
2025-03-25 16:00:00,31.758899681330266,NL,-88.29116230407317,18.17367170162052,9.2208693203365,504.4253427718911,16,1,3,0,28.850725249780375,42.74886135436583,59.310592401435905,24.09507989757627,38.63466476674342,6.5592064927525735,49.07105580871974,13.175692600546244,47.49582607114662,12.287419201671144,330.2823431182825,4651.240167565554
2025-03-25 17:00:00,30.628703495070358,NL,357.22517343762894,18.662254184906022,5.301549633848079,436.1249580748098,17,1,3,0,31.758899681330266,41.49778502620254,73.71629039575149,36.434731002747704,36.45334335440516,6.705758654872521,45.48042356699631,11.629151156438631,47.253908258326724,12.568599318510635,348.27973126204233,2312.138111793517
2025-03-25 18:00:00,30.330799537375945,NL,-28.031590128868682,17.563911647259424,9.235631498863038,348.121467751026,18,1,3,0,30.628703495070358,28.850725249780375,65.57214941134555,25.53386634429625,34.30262905735422,6.1412715697908125,42.54364441083218,10.487855842491337,47.45378047470504,12.2420789962111,308.49099235273525,3215.121592991809
2025-03-25 19:00:00,44.000242825201354,NL,-289.1179335681438,18.903820587455137,10.673940048178421,172.85326904187167,19,1,3,0,30.330799537375945,31.758899681330266,50.7013154429161,32.8133122948487,34.51119263582681,6.496459999834817,41.98522169268929,10.188132012694792,47.9199025801364,11.867648013561013,357.35443280269266,1845.0254308845933
2025-03-25 20:00:00,39.64754688832367,NL,72.60818108993855,16.115945036330455,5.352986598864488,249.74691137266177,20,1,3,0,44.000242825201354,30.628703495070358,59.309633240328246,43.067391318355725,34.202819612846994,6.132194727784586,40.34671449668891,8.607034073846599,47.7774090622184,11.948698843260498,259.7236844140242,1336.8918696856556
2025-03-25 21:00:00,34.475085319736365,NL,-9.763722088250006,17.875571171628554,5.763070569324789,104.57890819823935,21,1,3,0,39.64754688832367,30.330799537375945,51.91156258474647,41.10090518688891,35.14021295783966,5.552945844178641,38.89367472460473,7.921695261476036,47.50133323442038,12.183897386960036,319.53604471195786,602.6956280093921
2025-03-25 22:00:00,49.01774638016645,NL,398.1287097977446,12.303713432862418,9.633399145040322,0.0,22,1,3,0,34.475085319736365,44.000242825201354,55.83373002908854,39.03971275524604,38.01668740764569,7.558889608844412,38.32567608719456,6.755103778998183,47.917084635458735,12.052135447735948,151.3813642379991,0.0
2025-03-25 23:00:00,58.93154532379977,NL,220.06568158826101,13.984105531946378,8.141066833004611,0.0,23,1,3,0,49.01774638016645,39.64754688832367,43.71663196909988,44.74424579243676,42.73382771243393,10.34431786077336,39.59358553341955,8.935089189283174,48.50822211593218,12.236271947520752,195.5552075286133,0.0
2025-03-26 00:00:00,57.35355877573962,NL,390.76331335704407,16.304017069482583,8.701028761832362,0.0,0,2,3,0,58.93154532379977,34.475085319736365,43.23508531968162,55.58922121765726,47.23762091882787,9.728525777320161,40.77012498809105,10.285643988494968,48.58173618085228,12.28586286491357,265.82097260197946,0.0
2025-03-26 01:00:00,48.17922521076639,NL,231.50137636215413,9.168394597354522,8.27925464415431,0.0,1,2,3,0,57.35355877573962,49.01774638016645,42.74886135436583,52.12424188195077,47.934117983088704,9.599129353834904,41.22265530945776,10.497883592073748,48.4173604862196,12.262775076556043,84.05945949279959,0.0
2025-03-26 02:00:00,56.40982058031682,NL,639.5387361501846,8.690220369303985,8.379468053209605,0.0,2,2,3,0,48.17922521076639,58.93154532379977,41.49778502620254,59.91328389255795,50.72783026508757,9.132992126119346,42.46532493896728,11.379026631747193,48.271382848209555,12.140216575302707,75.51993006706589,0.0
2025-03-26 03:00:00,67.48234846087387,NL,348.7775252674824,10.160488199332141,4.94513195473115,0.0,3,2,3,0,56.40982058031682,57.35355877573962,28.850725249780375,61.375651914459816,56.22904078861048,7.099858931674175,45.68462687322508,12.578596539063552,48.52582853764347,12.485882906199073,103.23552044876769,0.0
2025-03-26 04:00:00,59.030246811371086,NL,596.2321371950746,8.85132939733505,9.692711624596212,0.0,4,2,3,0,67.48234846087387,48.17922521076639,31.758899681330266,59.310592401435905,57.897790860477926,6.183455531835189,47.95723913406181,12.294250303111218,48.51414747139078,12.475481434858494,78.34603210012766,0.0
2025-03-26 05:00:00,65.215667089856,NL,1115.0458443733937,8.869099980064076,9.937256196208864,0.0,5,2,3,0,59.030246811371086,56.40982058031682,30.628703495070358,73.71629039575149,58.94514448815397,6.885877984114121,50.839486100293946,11.910734321658003,48.15995483364514,11.83298180495912,78.6609344563726,0.0
2025-03-26 06:00:00,66.27572456690218,NL,1137.1600317301663,9.160170888958449,7.139294723217261,319.858967210802,6,2,3,0,65.215667089856,67.48234846087387,30.330799537375945,65.57214941134555,60.43217212001439,7.416378229351814,53.834896519421136,10.747189668196704,48.18927046512666,11.878778136525046,83.90873071492182,2283.5674367818015
2025-03-26 07:00:00,56.192376018313716,NL,1048.0544255015272,9.802528175949647,7.511122311725591,462.19981331759004,7,2,3,0,66.27572456690218,59.030246811371086,44.000242825201354,50.7013154429161,61.767697254605615,5.141064654649157,54.85090761884717,10.299924523371823,48.41806465576823,11.981700750566636,96.08955864028671,3471.639330285154
2025-03-26 08:00:00,58.079734886172105,NL,719.6174732663768,11.417165557667635,4.535861206241872,548.50220936841,8,2,3,0,56.192376018313716,65.215667089856,39.64754688832367,59.309633240328246,62.046016305581496,4.828709639762807,56.386923285334525,9.135066878125993,48.36681889101172,11.93563370474446,130.35166937119212,2487.929893012128
2025-03-26 09:00:00,39.014158208243046,NL,824.0111193648778,10.95017896047366,8.626585723388986,562.1060786741903,9,2,3,0,58.079734886172105,66.27572456690218,34.475085319736365,51.91156258474647,57.30131793014303,9.822647178796863,56.76517935937676,8.190411839177688,47.82942704199075,12.058807332484184,119.90641926640002,4849.056273320936
2025-03-26 10:00:00,46.44962514843597,NL,729.2794921818863,10.785330120737699,8.742191094781605,617.5001981157515,10,2,3,0,39.014158208243046,56.192376018313716,49.01774638016645,55.83373002908854,55.20454765298717,10.684693309373488,56.55116925673255,8.440969591397446,47.43842267196356,11.93953416436059,116.32334581329187,5398.304732993399
2025-03-26 11:00:00,46.41639490429758,NL,377.736584712752,13.791515164334534,7.1050524424335615,682.5407707733074,11,2,3,0,46.44962514843597,58.079734886172105,58.93154532379977,43.71663196909988,52.07133562206078,9.888582973787992,55.508240055107365,8.881772392688383,47.550912794263446,11.915638367988574,190.2058905280694,4849.487970443373
2025-03-26 12:00:00,37.569851617191866,NL,780.6796603534301,17.551318933207043,9.478141196173189,655.1678886342396,12,2,3,0,46.41639490429758,39.014158208243046,57.35355877573962,43.23508531968162,47.28702346377571,8.486588033209806,53.859597791895055,10.24033474246443,47.31486138999305,12.060092285577344,308.048796295152,6209.773755673994
2025-03-26 13:00:00,48.385981479121725,NL,526.0629355638739,14.743389395451803,6.5612800144723025,730.1732239737802,13,2,3,0,37.569851617191866,46.44962514843597,48.17922521076639,42.74886135436583,45.98595770724372,7.373691805453428,53.87682748092467,10.23007727931255,47.549741395191205,12.022133377303554,217.36753086592068,4790.870981561972
2025-03-26 14:00:00,30.01830216554877,NL,185.80716523406736,14.182945215087656,8.358646328219384,634.6485313021813,14,2,3,0,48.385981479121725,46.41639490429758,56.40982058031682,41.49778502620254,41.30905225380649,7.061480914530077,51.677534279693994,12.269584647748369,47.07142960933064,12.492542654269736,201.15593497417785,5304.8026158788025
2025-03-26 15:00:00,32.65198485157434,NL,131.8237772056326,19.259202973342255,5.190105799047952,452.13796244920974,15,2,3,0,30.01830216554877,37.569851617191866,67.48234846087387,28.850725249780375,40.24869002769504,7.902589860981101,48.77500397891904,12.310575555882785,47.22981542607206,12.273668455962413,370.91689916839516,2346.6438608773688
2025-03-26 16:00:00,34.08510874696547,NL,88.66385969729126,17.444785973419574,7.182330174683708,506.2588971689098,16,2,3,0,32.65198485157434,48.385981479121725,59.030246811371086,31.758899681330266,38.18793729411663,7.567199738519169,46.6962424735519,12.525686333243904,47.32674080380685,12.154791809504003,304.3205576584163,3636.1185533383573
2025-03-26 17:00:00,40.20979649620572,NL,-411.3098868293923,13.664535261237592,6.8807259606265125,388.65947474368363,17,2,3,0,34.08510874696547,30.01830216554877,65.215667089856,30.628703495070358,37.15350422610131,6.5768176007933965,44.612419924081046,11.17146566274504,47.72595301218749,11.732522111936333,186.7195239056055,2674.2593377123285
2025-03-26 18:00:00,26.418134944347308,NL,-69.43547650411938,19.690760860420347,7.680050320514067,268.43620922695277,18,2,3,0,40.20979649620572,32.65198485157434,66.27572456690218,30.330799537375945,35.29488478062722,7.881886319625806,41.29095412220147,10.009839307547843,47.562925320811296,12.008677299619137,387.72606326226185,2061.60359471104
2025-03-26 19:00:00,40.98879038457066,NL,-139.3597627440939,16.573972524048674,6.4903806187654665,197.54200230298932,19,2,3,0,26.418134944347308,34.08510874696547,56.192376018313716,44.000242825201354,34.06201959820204,5.701660612253058,40.023988652722885,8.84689068635992,47.437448135785026,12.063131535542153,274.69656522792036,1282.1227831394451
2025-03-26 20:00:00,37.673803638616825,NL,-153.3367038712024,16.798881696419112,6.966489285088848,180.47042359164848,20,2,3,0,40.98879038457066,40.20979649620572,58.079734886172105,39.64754688832367,35.337936510380054,5.467544570743784,38.32349438209327,6.780690842792993,47.3552088337139,12.12511613456129,282.2024262502851,1257.2452722266648
2025-03-26 21:00:00,35.871961836171835,NL,70.2265508295352,16.71113314930402,8.881528819315196,168.94466799712,21,2,3,0,37.673803638616825,26.418134944347308,39.014158208243046,34.475085319736365,35.8745993411463,5.306845069095925,38.06164468442068,6.8121927019520045,47.413412021898715,12.0637982096026,279.26197113376764,1500.486937686059
2025-03-26 22:00:00,46.73895401620892,NL,589.5373053699043,15.290868064365977,6.3559060019557485,0.0,22,2,3,0,35.871961836171835,40.98879038457066,46.44962514843597,49.01774638016645,37.98357355268688,6.766953753442866,38.08575542340176,6.845012574102511,47.31846234006715,12.05958911410633,233.81064616184733,0.0
2025-03-26 23:00:00,49.31606281660395,NL,478.75904970214117,15.064445918583562,4.016280274954825,0.0,23,2,3,0,46.73895401620892,37.673803638616825,46.41639490429758,58.93154532379977,39.501284606086585,8.229299833874672,38.327394416093945,7.207418814776368,46.917817235600666,11.814230873616973,226.93753083392895,0.0
2025-03-27 00:00:00,49.19014808718991,NL,365.7642020434406,11.469382241678254,10.728602284843024,0.0,0,3,3,0,49.31606281660395,35.871961836171835,37.569851617191866,57.35355877573962,43.29662012989368,5.914130854714059,39.29575245526045,7.848501214244874,46.577675123577755,11.616575942351124,131.5467290057245,0.0
2025-03-27 01:00:00,56.12508546548655,NL,723.9260788224921,12.109464754369766,9.992342633813157,0.0,1,3,3,0,49.19014808718991,46.73895401620892,48.385981479121725,48.17922521076639,45.819335976713,7.693420463015837,39.940677787457524,8.909605266552385,46.908752634191096,11.77633704821674,146.63913663732362,0.0
2025-03-27 02:00:00,56.90442296033927,NL,1009.8710873172004,9.44081286663778,4.644909086220947,0.0,2,3,3,0,56.12508546548655,49.31606281660395,30.01830216554877,56.40982058031682,49.02443919700007,7.626754598794642,42.18118785369006,9.545433054079771,46.92936106669203,11.794106060187763,89.12894758287345,0.0
2025-03-27 03:00:00,61.71537944119699,NL,1018.4801271758275,10.524489373241245,8.608850086922573,0.0,3,3,3,0,56.90442296033927,49.19014808718991,32.65198485157434,67.48234846087387,53.331675464504265,5.789568663056556,44.60313740282529,10.542800515424233,46.689070690872164,11.409639078711795,110.7648765674679,0.0
2025-03-27 04:00:00,65.87924751207022,NL,924.9387758762541,9.63709671293389,6.223484935329497,0.0,4,3,3,0,61.71537944119699,56.12508546548655,34.08510874696547,59.030246811371086,56.521724380481146,6.641003571710009,47.25264896658401,11.601183583997154,46.974445720067955,11.810350277295463,92.87363305444117,0.0
2025-03-27 05:00:00,70.92665402985162,NL,833.5755576034195,6.211158288879696,7.756408907094303,0.0,5,3,3,0,65.87924751207022,56.90442296033927,40.20979649620572,65.215667089856,60.123489582689096,7.723455268161835,49.81238709438784,13.186396914543034,47.212403509234434,12.243450328011154,38.57848728951896,0.0
2025-03-27 06:00:00,56.21347680562125,NL,1119.644662722718,10.267956772465112,7.817882734459172,357.9026744960066,6,3,3,0,70.92665402985162,61.71537944119699,26.418134944347308,66.27572456690218,61.29404436909431,6.095701091888551,52.295332249494,11.005760539491746,46.793143185847725,11.723514378824804,105.43093628121217,2798.0411395590913
2025-03-27 07:00:00,71.49219524948546,NL,1041.6599902288842,7.3753542600499395,6.76061887579954,435.75548228513776,7,3,3,0,56.21347680562125,65.87924751207022,40.98879038457066,56.192376018313716,63.855229333094144,6.689005811350149,54.83728265490356,11.660102655533624,47.430635653813226,12.637215969309011,54.39585046123679,2945.9767387700344
2025-03-27 08:00:00,48.6169226688686,NL,1092.051345897766,10.728077381769408,5.661903145259391,504.20165360263195,8,3,3,0,71.49219524948546,70.92665402985162,37.673803638616825,58.079734886172105,62.4739792845157,8.901226480689541,55.749209240757885,10.572977900593825,47.03635181142558,12.436543557150403,115.09164430923235,2854.740928377728
2025-03-27 09:00:00,54.46156943341049,NL,960.5877509296677,10.779312184871243,5.848352371799665,550.2000703804525,9,3,3,0,48.6169226688686,56.21347680562125,35.871961836171835,39.014158208243046,61.265010949884605,9.497502572756737,57.29834320719444,8.567495326627546,47.67999394580755,12.402998974161067,116.19357117891364,3217.7638865738622
2025-03-27 10:00:00,54.513149387530305,NL,939.9105430638671,14.858408695016955,5.397050645469699,683.521200908802,10,3,3,0,54.46156943341049,71.49219524948546,46.73895401620892,46.44962514843597,59.37066126246129,9.526571961346288,57.94619282147122,7.969497719677559,48.01597412243649,12.47721374160501,220.77230894815546,3688.998538557074
2025-03-27 11:00:00,49.084194999938546,NL,502.362480239147,11.913922319979294,5.099711340416531,622.2174432038446,11,3,3,0,54.513149387530305,48.6169226688686,49.31606281660395,46.41639490429758,55.73025142414244,8.325055954863195,57.92687050341576,7.992571631934487,48.127132459754854,12.474226886003148,141.9415450465008,3173.1293513116248
2025-03-27 12:00:00,40.695269927913145,NL,743.4788131268651,12.967407993974145,6.628999176778709,738.8013956921737,12,3,3,0,49.084194999938546,54.46156943341049,49.19014808718991,37.569851617191866,53.14388361119109,10.317113494553054,57.218963990142704,9.131749680222638,48.25735822270158,12.375141859879971,168.15367008218456,4897.513843846381
2025-03-27 13:00:00,39.18331370767717,NL,390.1103983872195,14.884304199235412,5.3318357786559165,637.9631882548376,13,3,3,0,40.695269927913145,54.513149387530305,56.12508546548655,48.385981479121725,47.75907002088971,6.57987571217888,55.80714967699192,10.520313033156357,47.87391373222473,12.512790250924354,221.54251149537694,3401.5149526025434
2025-03-27 14:00:00,34.704004382057775,NL,645.0521745250533,15.440130781554313,8.12745988830266,615.4871294569018,14,3,3,0,39.18331370767717,49.084194999938546,56.90442296033927,30.01830216554877,45.44025030642124,8.41321698754915,53.95711479546846,12.137522711890018,48.06915132457926,12.25599583436577,238.397638551501,5002.346956427516
2025-03-27 15:00:00,31.9053835003382,NL,-11.390954211187108,18.55941196144634,9.737848067549274,524.148113884508,15,3,3,0,34.704004382057775,40.695269927913145,61.71537944119699,32.65198485157434,41.68088598424252,8.613043601702403,51.47294846706356,13.391140992976064,48.03804293494442,12.297705905131926,344.4517723546775,5104.074697899853
2025-03-27 16:00:00,37.679416345640135,NL,394.18005874083065,14.367413607247522,5.603249274137334,499.9298926557183,16,3,3,0,31.9053835003382,39.18331370767717,65.87924751207022,34.08510874696547,38.87526381059416,5.916726813937374,49.12296253652773,13.104475632939607,48.187805751555864,12.141288880980197,206.42257376172125,2801.231808142709
2025-03-27 17:00:00,34.788507480700375,NL,36.619243547995374,15.816996037766886,7.242164757948174,489.3522887097812,17,3,3,0,37.679416345640135,34.704004382057775,70.92665402985162,40.20979649620572,36.49264922405447,3.269754382733847,46.111450324098456,11.717295945821245,47.96191870924315,12.34489608393788,250.17736365873338,3543.9698995152576
2025-03-27 18:00:00,30.132897723941234,NL,-150.28360072288967,15.774798185755047,7.762725977483288,375.78140442219785,18,3,3,0,34.788507480700375,31.9053835003382,56.21347680562125,26.418134944347308,34.73225385672581,3.3954951298405396,43.93806873395845,12.086150679892922,48.11670049172623,12.083555043430954,248.84425780130073,2917.0880699633485
2025-03-27 19:00:00,39.67097100096212,NL,-99.7400799553985,19.459730602697597,7.707360298715969,308.33443981551966,19,3,3,0,30.132897723941234,37.679416345640135,71.49219524948546,40.98879038457066,34.8135300722733,3.526649803385481,41.28630004658151,8.428421235756579,48.06179135074254,12.120291718796167,378.6811151295654,2376.4446201609644
2025-03-27 20:00:00,39.15913593790194,NL,-17.082163531083324,20.31566152898521,6.915266292709595,201.10712729669677,20,3,3,0,39.67097100096212,34.788507480700375,48.6169226688686,37.673803638616825,35.556051998247334,3.9433629246583397,40.49815115233429,8.11706275111938,48.123680196546076,12.068624251071011,412.7261033602897,1390.709338618505
2025-03-27 21:00:00,44.843815685606394,NL,211.27979868710946,15.752760573884975,8.248720593596865,47.32913515818997,21,3,3,0,39.15913593790194,30.132897723941234,54.46156943341049,35.871961836171835,37.7124573624587,4.955506533940841,39.696671673350615,7.012671016500771,48.49750744027252,11.808780604212796,248.1494656981449,390.404811856491
2025-03-27 22:00:00,47.57658085451063,NL,334.5670976070997,14.48671178122175,7.727853662238735,0.0,22,3,3,0,44.843815685606394,39.67097100096212,54.513149387530305,46.73895401620892,39.361984780603784,6.383720253551776,39.11862429559897,5.873735022343954,48.53240855853509,11.804594254415408,209.86481823218904,0.0
2025-03-27 23:00:00,44.17578928412624,NL,235.85047666102338,13.700133133325773,4.288030912222824,0.0,23,3,3,0,47.57658085451063,39.15913593790194,49.084194999938546,49.31606281660395,40.92653174784143,6.1859291506980885,38.70959048594795,5.254980396196913,48.31823049468185,11.836346620611073,187.69364787085067,0.0
2025-03-28 00:00:00,49.390327271999034,NL,475.1290815478034,14.57859811082825,8.501667885655966,0.0,0,4,3,0,44.17578928412624,44.843815685606394,40.695269927913145,49.19014808718991,44.136103339184395,4.114700419724407,39.4341785979551,6.087228723621203,48.326571294048904,11.83705826409102,212.535522877045,0.0
2025-03-28 01:00:00,59.512543066152766,NL,1037.8635942736332,9.143033412430379,8.537937431410905,0.0,1,4,3,0,49.390327271999034,47.57658085451063,39.18331370767717,56.12508546548655,47.44303201671617,6.863477630617899,41.128281044494734,8.400410586299929,48.467715360743334,11.953711145870402,83.59505998081829,0.0
2025-03-28 02:00:00,61.8828422718154,NL,1075.5086340201424,10.351130710069114,5.236783548520257,0.0,2,4,3,0,59.512543066152766,44.17578928412624,34.704004382057775,56.90442296033927,51.23031640570175,7.607373707532885,43.39318420197454,10.018886363230314,48.6751494987215,12.148094741394393,107.14590697693592,0.0
2025-03-28 03:00:00,61.04328474512001,NL,920.8181245280801,10.911750193825025,6.839231427772624,0.0,3,4,3,0,61.8828422718154,49.390327271999034,31.9053835003382,61.71537944119699,53.930227915620684,7.760547620427354,45.82134263903969,10.500926223344154,48.64714555305162,12.11746329758757,119.06629229244047,0.0
2025-03-28 04:00:00,63.1552310560089,NL,920.6133975258593,9.3230366075814,8.130013742499559,0.0,4,4,3,0,61.04328474512001,59.512543066152766,37.679416345640135,65.87924751207022,56.52666961587039,7.815539543638039,47.94432719823709,11.253492103064106,48.53364486738241,11.960782137746007,86.9190115863029,0.0
2025-03-28 05:00:00,69.38489442806699,NL,986.9691784881865,8.3756854489603,6.344728117718697,0.0,5,4,3,0,63.1552310560089,61.8828422718154,34.788507480700375,70.92665402985162,60.728187139860516,6.515926566750053,50.82735944385096,11.984580097307328,48.46940488397471,11.838801021204793,70.15210673992532,0.0
2025-03-28 06:00:00,59.444697355576345,NL,1102.7035945460834,10.01257124804326,8.909311852409443,385.6161079790082,6,4,3,0,69.38489442806699,61.04328474512001,30.132897723941234,56.21347680562125,62.40391548712339,3.7023879266379116,53.2700094131539,10.243982985743154,48.60403907355618,11.948562190020462,100.25158299714256,3435.574161297377
2025-03-28 07:00:00,63.56251528205432,NL,758.4044001048532,2.9553030870734887,11.491100746116143,554.6692576128244,7,4,3,0,59.444697355576345,63.1552310560089,39.67097100096212,71.49219524948546,63.07891085644033,3.4289061904064777,55.260971436578245,9.666087558218514,48.27363574157988,11.3844583382362,8.733816336466091,6373.760320002413
2025-03-28 08:00:00,57.36639840431164,NL,861.5373944075504,10.38219894706286,5.191383691607456,494.11791615331504,8,4,3,0,63.56251528205432,69.38489442806699,39.15913593790194,48.6169226688686,62.32617021185637,4.161478004305346,56.778243308779054,8.231337484353649,48.63819723055668,11.535024684940446,107.79005497639318,2565.15569164938
2025-03-28 09:00:00,54.1320888924523,NL,499.8365758177559,8.651072714607643,4.00126655056987,520.7353610386735,9,4,3,0,57.36639840431164,59.444697355576345,44.843815685606394,54.46156943341049,61.17430423641175,5.368908605992612,57.55226607601622,7.402004152233253,48.62446887468341,11.527986610369643,74.84105911342886,2083.600981822969
2025-03-28 10:00:00,57.065447615043375,NL,809.8446245210558,7.435262070507726,7.370992948087172,559.1083896291655,10,4,3,0,54.1320888924523,63.56251528205432,47.57658085451063,54.513149387530305,60.15934032958416,5.493698560621887,58.34300497272727,6.714338799834405,48.730814634163124,11.596242025203539,55.28312205713083,4121.183997172953
2025-03-28 11:00:00,51.80631740620353,NL,738.8487104918088,13.298062666142432,7.663334939479687,723.7096406442404,11,4,3,0,57.065447615043375,57.36639840431164,44.17578928412624,49.084194999938546,57.22957749260692,4.1003585507559395,58.97888231623372,5.502660552626619,48.844236401090825,11.61314877187665,176.83847067265117,5546.029375187296
2025-03-28 12:00:00,47.87631570701931,NL,383.36270754012526,16.328161858905926,5.758477181537861,605.8424895970708,12,4,3,0,51.80631740620353,54.1320888924523,49.390327271999034,40.695269927913145,55.30151388451409,5.372836784885372,58.85271468581874,5.754109858937301,49.14344664188692,11.485875512427024,266.60886969063023,3488.730151950821
2025-03-28 13:00:00,46.75131899523519,NL,665.3878301067462,14.563049564124967,9.126731255869469,669.4580865542777,13,4,3,0,47.87631570701931,57.065447615043375,59.512543066152766,39.18331370767717,52.49964783671089,4.518757440725994,57.789279346575604,6.71934284175496,49.45878019553518,11.30297058916606,212.0824126071604,6109.964043049495
2025-03-28 14:00:00,37.27402826351573,NL,-15.153132600468098,17.867042623998213,3.542998329780902,674.9745506765016,14,4,3,0,46.75131899523519,51.80631740620353,61.8828422718154,34.704004382057775,49.15091947991157,6.970598033098928,55.73854484588397,8.792028290888636,49.56586452392926,11.168480252122759,319.2312121277689,2391.43370569146
2025-03-28 15:00:00,38.26197214153408,NL,-166.42836663523758,20.098887855909002,7.606047175290621,606.7461502567875,15,4,3,0,37.27402826351573,47.87631570701931,61.04328474512001,31.9053835003382,46.5059000214252,7.677584809067383,53.84010212891848,9.928557009694703,49.83072238397909,10.800776294183102,403.96529304440634,4614.939842279097
2025-03-28 16:00:00,31.88007207756773,NL,91.87766181977517,20.144666913658263,5.008488287709612,546.2722432092087,16,4,3,0,38.26197214153408,46.75131899523519,63.1552310560089,37.679416345640135,42.308337431845935,7.634397815190582,51.23383888071504,11.274664609980507,49.589083039476066,11.143873214440234,405.80760506223794,2735.9981320141787
2025-03-28 17:00:00,34.62426181331735,NL,206.45674737789673,21.11909311717185,9.658965741641993,451.701158575925,17,4,3,0,31.88007207756773,37.27402826351573,69.38489442806699,34.788507480700375,39.444661499698235,6.496917814698433,48.33711949615258,10.634524040736308,49.582239470001774,11.15340394226014,446.0160940917754,4362.966016144856
2025-03-28 18:00:00,32.946730428406084,NL,316.78553829157374,19.309462193426686,10.205240635563637,413.94329066566974,18,4,3,0,34.62426181331735,38.26197214153408,59.444697355576345,30.132897723941234,36.95639728659602,5.385745412195559,46.12895558555505,10.866955970797006,49.699482499354474,10.953055981997519,372.8553301993745,4224.390890720223
2025-03-28 19:00:00,35.657951448759455,NL,-94.73976571832219,17.624785878923102,4.686896753660704,211.79751517717807,19,4,3,0,32.946730428406084,31.88007207756773,63.56251528205432,39.67097100096212,35.107502695516736,2.4603362081967033,43.80357526611382,9.722617741237547,49.53227335134603,11.141812261303226,310.6330772778872,992.6730863173195
2025-03-28 20:00:00,40.59842346070346,NL,262.72346479403984,13.6053063423965,5.1210956574102395,141.1502430770734,20,4,3,0,35.657951448759455,34.62426181331735,57.36639840431164,39.15913593790194,35.661568561714695,3.2827036172968698,42.40624402081313,8.752738088335901,49.592243664796094,11.087291844558234,185.1043606704544,722.8438968644003
2025-03-28 21:00:00,36.68840167524423,NL,118.74491550658473,15.384337217069493,7.939385703187003,63.87965432116723,21,4,3,0,40.59842346070346,32.946730428406084,54.1320888924523,44.843815685606394,35.39930681733305,3.0906412061181245,40.95260341937912,8.048467361895403,49.25243474769767,11.360754754630547,236.67783160850954,507.165214242003
2025-03-28 22:00:00,54.890373023319874,NL,195.47454001183584,13.05266521933886,5.44594862964837,0.0,22,4,3,0,36.68840167524423,35.657951448759455,57.065447615043375,47.57658085451063,39.23435697495841,8.087413749133308,40.771347203402165,7.668112979317016,49.55717608806472,11.411825035198317,170.37206932813834,0.0
2025-03-28 23:00:00,43.290677431238095,NL,527.3224649460736,17.81671742446451,6.129387493362923,0.0,23,4,3,0,54.890373023319874,40.59842346070346,51.80631740620353,44.17578928412624,40.6787595779452,7.870378271924527,40.061710538821714,6.910683234021484,49.52029642752772,11.431385673241996,317.4354197832173,0.0
2025-03-29 00:00:00,41.12028940904523,NL,610.464575682684,11.817873063116666,6.27098677031222,0.0,0,5,3,1,43.290677431238095,36.68840167524423,47.87631570701931,49.390327271999034,42.041019408051724,6.91361603605531,39.49870834732388,6.477807205086164,49.17571151657131,11.559401968711555,139.6621237359385,0.0
2025-03-29 01:00:00,56.566629408036796,NL,294.13109115441046,11.15895247674997,2.380863616832087,0.0,1,5,3,1,41.12028940904523,54.890373023319874,46.75131899523519,59.512543066152766,45.52579906793128,8.202171506391048,40.31665088172401,7.9330554488424,49.052965114149806,11.460079633228126,124.5222203783643,0.0
2025-03-29 02:00:00,57.78930441446275,NL,1025.308069945179,10.89216667904995,6.192534437038925,0.0,2,5,3,1,56.566629408036796,43.290677431238095,37.27402826351573,61.8828422718154,48.39094589355782,9.091074987223237,42.02625722763626,9.308989199502438,48.882401036760115,11.290027237576219,118.63929496420602,0.0
2025-03-29 03:00:00,59.26839180020153,NL,1109.571661422764,8.963363009374545,4.840754381099051,0.0,3,5,3,1,57.78930441446275,41.12028940904523,38.26197214153408,61.04328474512001,52.154277581050714,7.869326757053942,43.77679219919188,10.44282689544408,48.808447164055174,11.212452116989553,80.3418764378239,0.0
2025-03-29 04:00:00,60.71032168578639,NL,787.9001615903135,11.625753530932688,5.233964284427856,0.0,4,5,3,1,59.26839180020153,56.566629408036796,31.88007207756773,63.1552310560089,53.12426902479513,8.598905629134176,46.17931299987677,10.768329684347268,48.7065759402959,11.086839515393539,135.15814516199384,0.0
2025-03-29 05:00:00,57.93533608489029,NL,1042.123619832016,6.666026674663382,9.107473936165029,0.0,5,5,3,1,60.71032168578639,57.78930441446275,34.62426181331735,69.38489442806699,55.56504546707049,7.216763746647593,48.121902522507845,10.595570207783966,48.22951100933022,10.382320289562259,44.43591162732374,0.0
2025-03-29 06:00:00,52.916282442326334,NL,1078.8060372565478,8.314497155752933,3.707196140668887,439.08994543855306,6,5,3,1,57.93533608489029,59.26839180020153,32.946730428406084,59.444697355576345,57.53104430595068,2.667675177121803,49.786031857001205,9.507869954247806,47.95749372127813,10.158823099523397,69.13086295302362,1627.792551136316
2025-03-29 07:00:00,56.20605116717277,NL,1015.0976663093156,6.791629684045338,7.846620302723354,357.75550540199356,7,5,3,1,52.916282442326334,60.71032168578639,35.657951448759455,63.56251528205432,57.470947932473344,2.6976395434163836,51.49837350020231,8.53242013424793,47.65097438315806,9.771088451595952,46.126233765205775,2807.171612098337
2025-03-29 08:00:00,49.99155310892055,NL,802.9516711231354,6.301206467929106,5.662284068563783,498.7775931868673,8,5,3,1,56.20605116717277,57.93533608489029,40.59842346070346,57.36639840431164,56.17132271488298,4.051965877714224,52.28113430422041,7.844703771757219,47.34368916251676,9.566082663474582,39.7052029514716,2824.2204196585863
2025-03-29 09:00:00,55.09609357567716,NL,699.2287170056635,8.65048908142139,5.66068959223573,560.7222003811939,9,5,3,1,49.99155310892055,52.916282442326334,36.68840167524423,54.1320888924523,55.47593967746226,3.7617834265403634,53.81510862925648,6.131045499124077,47.3838560243178,9.597796951272722,74.8309613477907,3174.074323833342
2025-03-29 10:00:00,45.83627644759673,NL,724.8891858017109,10.937257452493288,7.800953721330822,689.1828575124208,10,5,3,1,55.09609357567716,56.20605116717277,54.890373023319874,57.065447615043375,52.99693213776397,4.458846367073843,53.060600581279544,6.530773925793248,46.91597389234085,9.37646244496268,119.62360058211996,5376.283576988929
2025-03-29 11:00:00,38.551749677300826,NL,843.9553264031335,11.332198811778937,6.303837661591059,635.5670022210666,11,5,3,1,45.83627644759673,49.99155310892055,43.290677431238095,51.80631740620353,49.76633440316573,6.649232242299417,52.66568993511812,7.27601909102635,46.36370023696992,9.46581892469398,128.41872990968395,4006.5112050656876
2025-03-29 12:00:00,37.20183831875115,NL,588.7200309188866,12.111148602553286,6.76496106689234,737.8747574668743,12,5,3,1,38.551749677300826,55.09609357567716,41.12028940904523,47.87631570701931,47.14726038256987,8.097512505873246,52.33915234426027,7.90224308701725,45.91893034579207,9.640818484442105,146.6799204731284,4991.694006506033
2025-03-29 13:00:00,37.28858223084167,NL,276.4676110315184,11.940457459757669,7.560104393519,756.6008464010094,13,5,3,1,37.20183831875115,45.83627644759673,56.566629408036796,46.75131899523519,43.994348893181346,7.527752429171896,50.73264841282734,8.865549994235037,45.52464964727567,9.797521486511954,142.57452434828255,5719.981383016466
2025-03-29 14:00:00,29.35038629133206,NL,384.33974212966905,15.710228178055933,4.961118306086632,687.8690363287536,14,5,3,1,37.28858223084167,38.551749677300826,57.78930441446275,37.27402826351573,40.55415442358326,8.840869160005473,48.36273856923312,10.464593165044366,45.19449789843469,10.212355826334175,246.81126940658265,3412.5996683207504
2025-03-29 15:00:00,25.7411053072271,NL,-443.2619147192886,13.78003638559069,4.399261603437777,611.6749245983668,15,5,3,1,29.35038629133206,37.20183831875115,59.26839180020153,38.26197214153408,35.66165637884159,7.143445172117629,45.56879802815192,11.691942000953338,44.6727951136719,10.87990421930082,189.88940278820334,2690.9180095712927
2025-03-29 16:00:00,29.64984191799457,NL,276.74043818220144,18.95009572759036,3.453434019337682,475.6063329549627,16,5,3,1,25.7411053072271,37.28858223084167,60.71032168578639,31.88007207756773,32.963917290574564,5.368357049846925,42.98042471416927,11.471180859013538,44.57986885702302,11.002749413289,359.10612808483836,1642.4750900391125
2025-03-29 17:00:00,29.228262906418752,NL,-350.9056689001541,17.919189358019057,3.9729140124953677,398.24411747961403,17,5,3,1,29.64984191799457,29.35038629133206,57.93533608489029,34.62426181331735,31.410002828760884,4.740034367831521,40.588168615963305,11.054681454683559,44.355035569235575,11.266988854452743,321.09734724854343,1582.18963472861
2025-03-29 18:00:00,26.062729823388857,NL,-92.48818828062643,14.825250006074029,11.521923923070728,412.4809452648334,18,5,3,1,29.228262906418752,25.7411053072271,52.916282442326334,32.946730428406084,29.553484746200507,4.164316101036232,38.35037256438518,11.05021188727055,44.068202210693194,11.651124843561428,219.788037742598,4752.574071057712
2025-03-29 19:00:00,27.817780095704254,NL,-226.89689206976294,16.77064624074118,8.113094233926851,298.38078440938455,19,5,3,1,26.062729823388857,29.64984191799457,56.20605116717277,35.657951448759455,27.9750177236776,1.7285387838545485,35.984683308429474,9.854078196664034,43.74152840431589,12.001816991395804,281.25457533208623,2420.791421506349
2025-03-29 20:00:00,33.78288802030708,NL,-211.94899703640044,15.220070948730655,2.9215863400372353,173.04902403112277,20,5,3,1,27.817780095704254,29.228262906418752,49.99155310892055,40.59842346070346,28.713768011840102,2.949726712509638,34.633961217711686,8.815758241262767,43.457547760966044,12.159024175405735,231.65055968439486,505.57766476610357
2025-03-29 21:00:00,28.53908338392497,NL,358.61196688243,16.42995700788874,2.9788191589661377,81.6171492964139,21,5,3,1,33.78288802030708,26.062729823388857,55.09609357567716,36.68840167524423,29.180097691289745,2.584316131462386,32.420877035065665,6.139064949770197,43.11799283216107,12.46618920207306,269.9434872810723,243.12272802435734
2025-03-29 22:00:00,32.391117773009796,NL,136.45975973762148,17.33520509573852,6.587467195890261,0.0,22,5,3,1,28.53908338392497,27.817780095704254,45.83627644759673,54.890373023319874,29.636977000458952,2.9062349335347544,31.300447145516756,4.467385747632707,42.18052386339815,12.388142373385724,300.5093357113187,0.0
2025-03-29 23:00:00,39.72854323247442,NL,419.89125379488235,9.63963284389838,6.718264667209212,0.0,23,5,3,1,32.391117773009796,33.78288802030708,38.551749677300826,43.290677431238095,31.38702372146823,5.010542647152785,31.398513275114556,4.650209196212299,42.03210160511634,12.395600046375987,92.92252136516436,0.0
2025-03-30 00:00:00,46.12399671442465,NL,470.6158842241632,12.31484263999716,6.721502743088006,0.0,0,6,3,1,39.72854323247442,28.53908338392497,37.20183831875115,41.12028940904523,34.73056820330753,7.032527530901769,32.14202647475401,6.137784910452416,42.240589409507145,12.421649585682601,151.65534924789222,0.0
2025-03-30 01:00:00,52.33061286852648,NL,704.8176879958846,10.507423065768705,5.113823485345883,0.0,1,6,3,1,46.12399671442465,32.391117773009796,37.28858223084167,56.566629408036796,38.816040332111236,9.045558634712894,33.39552902789442,8.402560217502398,42.06408872036088,12.237975811958504,110.40593948304821,0.0
2025-03-30 02:00:00,61.207772029395834,NL,745.3643782120511,11.04702187359093,5.372826552447478,0.0,2,6,3,1,52.33061286852648,39.72854323247442,29.35038629133206,57.78930441446275,43.386854333626026,12.327316313462893,36.05031117273306,11.478107471787906,42.206524870983095,12.447064406913068,122.03669227559647,0.0
2025-03-30 03:00:00,60.436090830950846,NL,576.9549457555598,9.217697166826003,6.279494120771993,0.0,3,6,3,1,61.207772029395834,46.12399671442465,25.7411053072271,59.26839180020153,48.70302224146368,11.493162776902002,38.94155996637671,12.923872032349013,42.255178997264316,12.518732820038531,84.96594105931213,0.0
2025-03-30 04:00:00,56.76890148964786,NL,1112.2660657816473,6.64685858031453,5.795521085039939,0.0,4,6,3,1,60.436090830950846,52.33061286852648,29.64984191799457,60.71032168578639,52.76598619423668,8.48997146344972,41.201481597347815,13.509196475509187,42.09095315575854,12.289865051320696,44.180728986700885,0.0
2025-03-30 05:00:00,57.901488909611416,NL,864.2115965122717,7.188363320520036,1.1851343269582078,0.0,5,6,3,1,56.76890148964786,61.207772029395834,29.228262906418752,57.93533608489029,55.79481047375952,5.687774385680338,43.590917097613875,13.73284628460563,42.08954285678859,12.287969604838075,51.67256722779784,0.0
2025-03-30 06:00:00,52.38990747656645,NL,668.6836202680497,6.2483763253924565,5.164135811302891,396.8957768755328,6,6,3,1,57.901488909611416,60.436090830950846,26.062729823388857,52.916282442326334,56.83912893411648,3.828289609857281,45.784848568712,12.745504008768142,42.067610566548595,12.268259165433443,39.042206703724936,2049.623694717821
2025-03-30 07:00:00,55.73446269624218,NL,877.3398809513517,10.343730926359617,3.920922203932651,441.2116318812448,7,6,3,1,52.38990747656645,56.76890148964786,27.817780095704254,56.20605116717277,57.40643723873577,3.232384407621779,48.111238785423495,11.670322778510538,42.04796104692649,12.244985283933454,106.99276947692839,1729.9564840765318
2025-03-30 08:00:00,51.934068471880416,NL,1213.1646600190816,8.899020581435387,5.974157910270302,668.4201527833383,8,6,3,1,55.73446269624218,57.901488909611416,33.78288802030708,49.99155310892055,55.86081997914986,3.268168362987895,49.62383715638794,10.787272451965007,42.12889918704982,12.306042219480945,79.19256730881061,3993.247543134664
2025-03-30 09:00:00,51.83408771027885,NL,1003.5977390159724,13.591554428458963,11.594253077660099,514.0574104713818,9,6,3,1,51.934068471880416,52.38990747656645,28.53908338392497,55.09609357567716,54.427152792371196,2.696430307919256,51.56508751691743,8.501949759270028,41.99298227599155,12.173900664007446,184.73035178176244,5960.111713451799
2025-03-30 10:00:00,42.43540863734581,NL,660.2695731184282,10.805155212681855,6.3586984034018865,706.0453178187475,10,6,3,1,51.83408771027885,55.73446269624218,32.391117773009796,45.83627644759673,52.03823731698753,5.299628667266253,52.402111755612104,6.758276088622621,41.85127945056443,12.146983232727756,116.75137917014587,4489.529235143447
2025-03-30 11:00:00,45.275968232469246,NL,539.5579816875749,10.689503979478268,4.372940627655206,679.4339523313506,11,6,3,1,42.43540863734581,51.934068471880416,39.72854323247442,38.551749677300826,49.93398387079716,5.004269948608947,52.86439717227834,5.954489072919909,42.13145522369644,12.145117593874183,114.26549532728171,2971.1243339581138
2025-03-30 12:00:00,46.472462092029005,NL,415.6729897565235,10.38407602956108,6.843603003954506,738.5960077418338,12,6,3,1,45.275968232469246,51.83408771027885,46.12399671442465,37.20183831875115,48.947742973374254,5.006558383036544,52.89343595374536,5.919375412711035,42.517731214249686,12.128929609584821,107.82903498770499,5054.657857290819
2025-03-30 13:00:00,34.680124217179255,NL,765.9400741609078,11.062327287075181,5.965375774418427,710.1393967861361,13,6,3,1,46.472462092029005,42.43540863734581,52.33061286852648,37.28858223084167,45.438686560197105,6.4645595847508925,51.42256189946644,7.9250773832078405,42.40904546368043,12.189361098998452,122.37508500636814,4236.248354048132
2025-03-30 14:00:00,34.177567665846645,NL,306.3870904463108,12.623681689788079,5.840188980903684,616.4510814690537,14,6,3,1,34.680124217179255,45.275968232469246,61.207772029395834,29.35038629133206,42.47926975919147,6.943004808951263,49.17004486917066,8.694976919816684,42.610178020951864,12.002915942935932,159.3573394050908,3600.190813261727
2025-03-30 15:00:00,33.30292724361482,NL,212.4549388449404,17.2392446881614,6.213701186431344,608.9371930382588,15,6,3,1,34.177567665846645,46.472462092029005,60.436090830950846,25.7411053072271,39.390743014747464,6.008081844381289,46.90894790355932,9.020782954696198,42.92525393496802,11.634443898289664,297.19155741830104,3783.753758844001
2025-03-30 16:00:00,26.425303501105827,NL,253.0439889141492,18.362948099156757,9.113087129659085,432.10492743008575,16,6,3,1,33.30292724361482,34.680124217179255,56.76890148964786,29.64984191799457,36.722392158707464,7.701912652410603,44.3803147378475,10.18355604669786,42.79089816759765,11.811683817089259,337.19786289232474,3937.8098528253877
2025-03-30 17:00:00,29.123892459927223,NL,44.794918660768516,14.50744270057152,2.7382231293481705,470.7490408144519,17,6,3,1,26.425303501105827,34.177567665846645,57.901488909611416,29.228262906418752,34.03037952995046,6.894769533337919,41.98218170037381,10.098049839955932,42.786549398993834,11.816912404032424,210.4658937103659,1289.015911676598
2025-03-30 18:00:00,28.66040770415348,NL,-71.80842916414062,19.445943885641856,5.9472641536229105,364.9079232995263,18,6,3,1,29.123892459927223,33.30292724361482,52.38990747656645,26.062729823388857,31.061703798637875,3.4305159941732812,40.00472338600606,10.197600101921374,42.89478597735903,11.668029910465759,378.1447336035319,2170.2038116122512
2025-03-30 19:00:00,30.661352116540026,NL,-42.23288296152984,16.33845654395976,3.1472377400369247,291.34634264627306,19,6,3,1,28.66040770415348,26.425303501105827,55.73446269624218,27.817780095704254,30.391908448531336,2.939991843842057,37.91529750436421,9.201714306477562,43.01326814489386,11.521796151680164,266.94516223886154,916.9362049980799
2025-03-30 20:00:00,28.75758941424156,NL,32.66704622496791,16.933484036368654,6.111025292684499,227.90591625435746,20,6,3,1,30.661352116540026,29.123892459927223,51.934068471880416,33.78288802030708,29.48857873993049,2.309178028253412,35.98392424956098,8.38809900551838,42.80388070297446,11.740423137525386,286.74288160995206,1392.7388185828136
2025-03-30 21:00:00,35.90205596270631,NL,119.00216210475784,18.931563496046962,3.162626977027813,120.89361859519397,21,6,3,1,28.75758941424156,28.66040770415348,51.83408771027885,28.53908338392497,29.92176685977907,3.228592254444004,34.65625493726326,6.752701851456295,43.11067122709036,11.443918391124631,358.4040964048579,382.34141951967166
2025-03-30 22:00:00,41.91842810111982,NL,375.52590872739574,16.36349708790903,4.165266372789833,0.0,22,6,3,1,35.90205596270631,30.661352116540026,42.43540863734581,32.391117773009796,32.50395429311474,5.362975163152657,34.613173225911105,6.7000031180953945,43.507642490761604,11.218939181578017,267.76403694600725,0.0
2025-03-30 23:00:00,50.57648237771181,NL,360.9796546101991,12.76843073986394,4.409820171524189,0.0,23,6,3,1,41.91842810111982,28.75758941424156,45.275968232469246,39.72854323247442,36.07938594607884,8.744103125481011,35.05488273801465,7.58336225391097,43.95963995514649,11.2784314771211,163.03282355870238,0.0
2025-03-31 00:00:00,56.987586603409916,NL,626.5280154431158,10.217920283357486,6.95163343868942,0.0,0,0,3,0,50.57648237771181,35.90205596270631,46.472462092029005,46.12399671442465,40.800582429288234,11.230940624185292,35.93114311396305,9.410099059467399,44.412289533854214,11.582961504120819,104.40589491704833,0.0
2025-03-31 01:00:00,66.54198732809424,NL,593.2662065295439,6.439572106729111,6.83690888788483,0.0,1,0,3,0,56.987586603409916,41.91842810111982,34.680124217179255,52.33061286852648,46.78068829788061,13.970798646833043,38.58629837320597,12.880253206193924,45.004430136336204,12.343636776359748,41.4680889177636,0.0
2025-03-31 02:00:00,54.994253130207824,NL,745.7270380632182,8.181549334690894,2.508565247107233,0.0,2,0,3,0,66.54198732809424,50.57648237771181,34.177567665846645,61.207772029395834,51.15346558387498,10.989263313614066,40.32102216190274,13.613439290886982,44.7455335155367,12.050695631794278,66.93774951598101,0.0
2025-03-31 03:00:00,65.50939589854414,NL,433.9132536868523,8.284557685180971,5.109868221999699,0.0,3,0,3,0,54.994253130207824,56.987586603409916,33.30292724361482,60.436090830950846,56.08802223984796,9.286632159191358,43.004894549813514,15.187750703872783,44.956921226686426,12.377952098791246,68.63389603909108,0.0
2025-03-31 04:00:00,63.48530416815675,NL,1096.2782368327155,6.091952441975535,3.5808402905016568,0.0,4,0,3,0,65.50939589854414,66.54198732809424,26.425303501105827,56.76890148964786,59.68250158435411,6.444041831378053,46.09322793873443,15.27760151098251,45.236771338290964,12.727603634438125,37.11188455529169,0.0
2025-03-31 05:00:00,73.94558461521322,NL,1032.2606083241328,7.479471510154399,2.4829901786493327,0.0,5,0,3,0,63.48530416815675,54.994253130207824,29.123892459927223,57.901488909611416,63.57735195727101,6.886583635035977,49.828368951674925,16.202795136011154,45.905275326024366,13.798060536338213,55.94249407121133,0.0
2025-03-31 06:00:00,58.36106287297974,NL,1179.6020219719305,7.909646057402707,4.565965899151261,408.6378422633723,6,0,3,0,73.94558461521322,65.50939589854414,28.66040770415348,52.38990747656645,63.806264668865985,6.64221994556784,52.30342354907711,14.890661538121064,46.154073467541586,13.972798872940901,62.56250075338619,1865.82645287731
2025-03-31 07:00:00,56.62841916530025,NL,383.71183750579644,7.657518938031999,4.383034423088362,473.85750697047115,7,0,3,0,58.36106287297974,63.48530416815675,30.661352116540026,55.73446269624218,62.15400330840032,7.046316924629685,54.46734580314046,13.256852184989956,46.19132165375234,14.000612181755042,58.63759628631872,2076.9337646904087
2025-03-31 08:00:00,55.38039843926099,NL,1330.687642848365,7.471906374930319,9.853432972691046,622.0608718231873,8,0,3,0,56.62841916530025,73.94558461521322,28.75758941424156,51.934068471880416,62.21836085990918,6.969185891538507,56.685913221892086,10.50524987043339,46.334918735726525,14.079524698462091,55.829384875724344,6129.435105443532
2025-03-31 09:00:00,44.60101628703937,NL,805.635464962239,10.041996653372138,5.865919650721394,553.5712195563046,9,0,3,0,55.38039843926099,58.36106287297974,35.90205596270631,51.83408771027885,58.73363092465839,9.690486280863336,57.41082658225317,9.153901513155677,46.03354075975822,14.034034766085792,100.84169678633722,3247.2042948691346
2025-03-31 10:00:00,48.942788246703614,NL,951.6365633475033,11.72587239193565,2.244764998491527,634.2084963736428,10,0,3,0,44.60101628703937,56.62841916530025,41.91842810111982,42.43540863734581,56.30987827108286,10.075339815363048,57.99618992771849,8.253453831510528,46.304681576814794,14.024354254229678,137.49608335195867,1423.649034405494
2025-03-31 11:00:00,43.88357235349489,NL,401.4283371261544,9.841427804841107,3.2467169192048386,699.6463353274524,11,0,3,0,48.942788246703614,55.38039843926099,50.57648237771181,45.275968232469246,51.299542894129814,6.329874231594174,57.43844742570041,8.993409182302761,46.24666508185752,14.031673051730085,96.85370123789966,2271.5535943673017
2025-03-31 12:00:00,44.560736459397155,NL,602.554781012514,16.14927802070688,6.41903151840552,732.3244768862885,12,0,3,0,43.88357235349489,44.60101628703937,56.987586603409916,46.472462092029005,48.99948849186604,5.729598330980289,56.40287658036601,9.7349360387575,46.167009847164536,14.03576117509842,260.79918059008634,4700.81389883292
2025-03-31 13:00:00,41.932704838349345,NL,139.90736481400836,14.387338821446155,8.553150473286573,677.2906573237922,13,0,3,0,44.560736459397155,48.942788246703614,66.54198732809424,34.680124217179255,46.550202770707564,4.896658654514975,54.352103039553946,9.993520694412297,46.46920070637996,13.85460015339918,206.99551836309163,5792.968906241567
2025-03-31 14:00:00,46.54986325143137,NL,105.24620786083912,15.745561268116361,1.2042983030708063,609.4608368018686,14,0,3,0,41.932704838349345,43.88357235349489,54.994253130207824,34.177567665846645,45.078446906069296,2.4048942810000313,53.648403882989236,10.238498174240348,46.98471302244599,13.605294585331144,247.92269964800613,733.972651548604
2025-03-31 15:00:00,39.60432647598951,NL,509.2528801800837,18.037328679079152,0.6164161572686329,641.5577498614704,15,0,3,0,46.54986325143137,44.560736459397155,65.50939589854414,33.30292724361482,44.245665270894314,3.3013477699162483,51.489648097776346,10.241295876994604,47.24727132379493,13.388861847482644,325.34522587713127,395.46656283551835
2025-03-31 16:00:00,30.546887582222993,NL,8.850817955111445,17.7278387616515,8.118195278290287,561.0567681272792,16,0,3,0,39.60432647598951,41.932704838349345,63.48530416815675,26.425303501105827,41.17968182681421,5.7216519385083195,48.744780048948535,11.111081282088161,47.41900399384148,13.134186985315054,314.27626715911344,4554.768405863686
2025-03-31 17:00:00,28.511356694133347,NL,40.523661491410394,19.492005818889883,5.15549328228853,394.772960757696,17,0,3,0,30.546887582222993,46.54986325143137,73.94558461521322,29.123892459927223,38.61764588358729,7.449533853442122,44.95859438885855,9.343475348483604,47.39348167026674,13.171824913404512,379.93829084363705,2035.2493472154554
2025-03-31 18:00:00,36.05704155777703,NL,154.01354613775084,18.14602403432088,2.63967946379399,417.77214005527486,18,0,3,0,28.511356694133347,39.60432647598951,58.36106287297974,28.66040770415348,37.200363399983935,6.879854711532889,43.09992594592499,8.625867799466047,47.701674747501045,12.795613325245318,329.2781882541511,1102.7845386491756
2025-03-31 19:00:00,28.571805588692655,NL,96.17346444998675,15.995612344473372,5.445523099791593,317.9232696739481,19,0,3,0,36.05704155777703,30.546887582222993,56.62841916530025,30.661352116540026,34.97354685837448,7.1967588150864135,40.761874814541024,8.425663736706026,47.614610308840746,12.923074983989721,255.85961427466893,1731.2585089707563
2025-03-31 20:00:00,46.77993216279066,NL,77.07107913649598,17.278813509237366,-0.8952305504870326,181.7148248623896,20,0,3,0,28.571805588692655,28.511356694133347,55.38039843926099,28.75758941424156,35.01189167693437,7.27100402951524,40.04516929150183,7.3686170100189035,48.36554125669696,12.287694193480313,298.5573962870037,-162.67666269321177
2025-03-31 21:00:00,46.67670569501803,NL,199.43880989997126,13.335578271322396,4.3830159407410445,106.49251970351025,21,0,3,0,46.77993216279066,36.05704155777703,44.60101628703937,35.90205596270631,36.190621546772455,8.613692611682298,40.21814340883338,7.508323718774032,48.814484995543275,12.006134928104467,177.837647830566,466.7584114301652
2025-03-31 22:00:00,42.082558384369044,NL,710.6831170476548,14.702846314158618,5.0319072732328936,0.0,22,0,3,0,46.67670569501803,28.571805588692655,48.942788246703614,41.91842810111982,38.11323334713013,8.386454219384033,39.64645758697217,7.029540882667115,48.82132375734533,12.002082172131542,216.17368973776766,0.0
2025-03-31 23:00:00,39.75509169328221,NL,339.0667180420221,13.15494050081429,6.224805206622382,0.0,23,0,3,0,42.082558384369044,46.77993216279066,43.88357235349489,50.57648237771181,39.9871891803216,6.94395381105132,39.30241753195445,6.903208689659282,48.37043247882742,12.135800738718958,173.0524595799641,0.0
2025-04-01 00:00:00,58.960594343810946,NL,520.2198093429935,11.49997946607059,2.3484730229616475,0.0,0,1,4,0,39.75509169328221,46.67670569501803,44.560736459397155,56.987586603409916,43.804447977993924,9.982061184370291,40.50240568898893,8.871361128741981,48.452641134677464,12.203207267145386,132.24952772004522,0.0
2025-04-01 01:00:00,55.203375814273365,NL,819.5404017527827,10.402036332937467,4.547639250353441,0.0,1,1,4,0,58.960594343810946,42.082558384369044,41.932704838349345,66.54198732809424,48.24304301559071,7.455241560838304,41.608294936982595,9.840123824350275,47.98019898826826,11.680737190034483,108.20235987175114,0.0
2025-04-01 02:00:00,65.02007250451538,NL,951.1051865915967,5.772066328608064,2.5254156754275483,0.0,2,1,4,0,55.203375814273365,39.75509169328221,46.54986325143137,54.994253130207824,51.28306640587817,10.01779122836916,43.147479041406264,11.910162141639407,48.39794146219774,12.113742489449749,33.31674970185097,0.0
2025-04-01 03:00:00,53.17565442096891,NL,1070.9594517053497,7.525276793782044,4.887032438895357,0.0,3,1,4,0,65.02007250451538,58.960594343810946,39.60432647598951,65.50939589854414,52.36622452686998,9.768363699021819,44.278423036821216,12.184317581270427,47.88403556729879,11.607287251988222,56.62979082303457,0.0
2025-04-01 04:00:00,59.57171902469613,NL,1040.7587462980562,8.16790974498774,2.5855722828206744,0.0,4,1,4,0,53.17565442096891,55.203375814273365,30.546887582222993,63.48530416815675,55.28108463359115,8.628922896388518,46.69715899036064,12.091168741953563,47.72096951965458,11.404297223713925,66.7147496022657,0.0
2025-04-01 05:00:00,63.022788447715776,NL,734.3619305984375,7.977606674761416,3.560063249226282,0.0,5,1,4,0,59.57171902469613,65.02007250451538,28.511356694133347,73.94558461521322,59.159034092663425,4.493064007545049,49.57311163649251,11.460245537422855,47.26585301267553,10.493844923894954,63.6422082571979,0.0
2025-04-01 06:00:00,62.637457268579205,NL,1306.6863064602192,5.616500456060862,2.3846341379662648,339.4166509034412,6,1,4,0,63.022788447715776,53.17565442096891,36.05704155777703,58.36106287297974,59.77184458012479,4.706271351612679,51.78814627905936,11.175565636963386,47.44403611249218,10.72420773184356,31.545077372931875,809.3845327385242
2025-04-01 07:00:00,58.57670101880792,NL,733.6938345407966,10.554555029805165,5.678537411194037,409.199970481657,7,1,4,0,62.637457268579205,59.57171902469613,28.571805588692655,56.62841916530025,60.33406544754721,4.228613428064964,54.28855423156896,8.559351407153528,47.52521452305499,10.803831247521636,111.39863187718551,2323.657341039585
2025-04-01 08:00:00,61.4916113282186,NL,973.539794940026,6.955470286575845,6.0931671608600535,510.59805630389604,8,1,4,0,58.57670101880792,63.022788447715776,46.77993216279066,55.38039843926099,59.74598858483109,3.6527277908212246,55.51452749535463,8.43884935320081,47.77984839342823,11.065857999199993,48.37856690743946,3111.159309069872
2025-04-01 09:00:00,49.88239276167543,NL,682.6982205894021,11.559510156919764,3.9070237876318954,668.4139406726935,9,1,4,0,61.4916113282186,62.637457268579205,46.67670569501803,44.60101628703937,59.197111641615514,4.8790519102421115,55.781668084242746,8.180428088482834,47.99990574653807,11.052399736426707,133.62227506793118,2611.509166192988
2025-04-01 10:00:00,50.85966593000096,NL,717.1723306814015,11.612288262967809,4.452740917466779,528.7184584977997,10,1,4,0,49.88239276167543,58.57670101880792,42.082558384369044,48.942788246703614,57.74510279249966,5.928717059016791,56.5130937130454,7.174792604229584,48.07977565000879,11.066426937086057,134.84523870225993,2354.246313973114
2025-04-01 11:00:00,48.28071381982288,NL,675.1620046119567,10.646099595510506,0.8826072415055113,751.9223085055833,11,1,4,0,50.85966593000096,61.4916113282186,39.75509169328221,43.88357235349489,55.28809035451749,6.344251915834404,57.223562223590456,5.617653983073983,48.26298987777245,11.03027484718696,113.33943659752896,663.6520745365689
2025-04-01 12:00:00,46.38096169730986,NL,544.2714430900546,16.794363301904678,3.180436774759025,716.9011740550854,12,1,4,0,48.28071381982288,49.88239276167543,58.960594343810946,44.560736459397155,52.578674425972615,6.04195002781837,56.1752595030487,6.3853229538036995,48.33883259601881,11.009950938901632,282.0506387163626,2280.0588578327147
2025-04-01 13:00:00,43.78199934990799,NL,434.97462829579655,12.11356967797303,3.67938083668911,627.722956808313,13,1,4,0,46.38096169730986,50.85966593000096,55.203375814273365,41.932704838349345,50.1128908144893,6.122914945788677,55.223478131018254,7.3253825678891955,48.41588653400043,10.969565037415736,146.73857034310763,2309.631818030333
2025-04-01 14:00:00,31.54579859616259,NL,552.7422538117296,17.46249862491798,9.02137625283255,599.3432716720918,14,1,4,0,43.78199934990799,48.28071381982288,65.02007250451538,46.54986325143137,45.121922025813284,7.116929863134384,52.43395530532219,9.34955284842697,47.79071717336422,11.495479179762214,304.9388582252624,5406.901158357576
2025-04-01 15:00:00,27.181636431381147,NL,217.15346970952243,18.53839272412331,1.5558560192242723,681.307024775702,15,1,4,0,31.54579859616259,46.38096169730986,53.17565442096891,39.60432647598951,41.3384626374309,9.6597911913812,50.2677871395232,11.841289855200486,47.27310508817221,12.141638808600474,343.672004793828,1060.0156354370563
2025-04-01 16:00:00,39.81978997002756,NL,-1.844028950348978,15.83649433644252,6.708144548277474,477.7246560028635,16,1,4,0,27.181636431381147,43.78199934990799,59.57171902469613,30.546887582222993,39.49848331076867,8.460469730487013,48.621793051634164,11.803171906757163,47.6594760209974,11.72668605156311,250.79455286817603,3204.646046743341
2025-04-01 17:00:00,34.6650001107731,NL,189.85452051313726,20.286991406663365,5.773507617704215,382.9191402560843,17,1,4,0,39.81978997002756,31.54579859616259,63.022788447715776,28.511356694133347,37.22919769259371,7.392358001771546,46.258644023555604,11.492500552788474,47.915877830024066,11.351071463342153,411.5620203340332,2210.7865732332516
2025-04-01 18:00:00,29.855013017461737,NL,217.8940977849281,16.98801093019064,4.341062879752872,406.8657271182365,18,1,4,0,34.6650001107731,27.181636431381147,62.637457268579205,36.05704155777703,34.47487291261902,6.298265942229151,43.526773669295814,11.135975516696888,47.65745997417759,11.698080597937047,288.59251536427666,1766.229705036638
2025-04-01 19:00:00,42.92873150140848,NL,-248.48447617193267,17.71420260778527,7.297031039162866,276.34097802841364,19,1,4,0,29.855013017461737,39.81978997002756,58.57670101880792,28.571805588692655,34.332661604535765,6.050860229387289,42.222776209512524,10.07951065957218,48.25566522054075,11.027529471811581,313.7929740296665,2016.468694065958
2025-04-01 20:00:00,38.201011504983185,NL,166.4673120777523,16.992778391838915,4.524001015986325,128.10372117318002,20,1,4,0,42.92873150140848,34.6650001107731,61.4916113282186,46.77993216279066,35.441863756005866,6.047811118508921,40.281892890909575,8.074900136338663,47.89821019313211,11.214895061928647,288.7545174741475,579.5413647390953
2025-04-01 21:00:00,46.67599101173072,NL,266.68115786890587,15.270741458493935,4.558108462108457,113.34387535493937,21,1,4,0,38.201011504983185,29.855013017461737,49.88239276167543,46.67670569501803,38.6909228527308,5.958456952686255,40.01469274508085,7.775850005130722,47.8981804146618,11.214898447307833,233.1955446921655,516.6336773835153
2025-04-01 22:00:00,44.766029051943114,NL,170.48729932800137,16.02367170439645,3.6735487647375087,0.0,22,1,4,0,46.67599101173072,42.92873150140848,50.85966593000096,42.082558384369044,39.515296033050056,6.466391169820944,39.50688967190936,7.179324240870181,48.00999169247738,11.167673954016971,256.7580548902754,0.0
2025-04-01 23:00:00,58.62450396314654,NL,625.7318401110631,14.72470617867895,6.226927835609855,0.0,23,1,4,0,44.766029051943114,38.201011504983185,48.28071381982288,39.75509169328221,43.50854667511229,9.539719354841756,40.368872183853,8.772667687509749,48.79621720372174,11.22531792700339,216.81697204842604,0.0
2025-04-02 00:00:00,60.9679366851999,NL,449.9888825934947,8.33547748961062,5.972728538394367,0.0,0,2,4,0,58.62450396314654,46.67599101173072,46.38096169730986,58.960594343810946,48.69403395306866,9.078621868657994,41.58445343284384,10.51838765145162,48.879856467946276,11.311492499043945,69.48018497980536,0.0
2025-04-02 01:00:00,54.531254298141086,NL,634.5248132455688,13.184120097042946,2.5284354957801747,0.0,1,2,4,0,60.9679366851999,44.766029051943114,43.78199934990799,55.203375814273365,50.627787752524085,8.83747567608232,42.48022467852993,11.160656700054517,48.851851404774095,11.295977384223747,173.8210227332517,0.0
2025-04-02 02:00:00,63.68884569941985,NL,695.3856351432261,6.1271086990033075,1.1412956815750648,0.0,2,2,4,0,54.531254298141086,58.62450396314654,31.54579859616259,65.02007250451538,54.875760118263536,7.725279711336503,45.15881193713471,12.114262117530767,48.79638362122844,11.216119228227091,37.541461009402006,0.0
2025-04-02 03:00:00,64.37467246286649,NL,836.6692001095673,10.604147273418594,3.3738287959812854,0.0,3,2,4,0,63.68884569941985,60.9679366851999,27.181636431381147,53.17565442096891,57.8255403601195,7.337378749532735,48.25823160642514,11.851744951378372,49.263009372974174,11.631497572175295,112.44793939635099,0.0
2025-04-02 04:00:00,69.41175192712673,NL,693.7576845131789,10.151958471831989,2.1797129419773067,0.0,4,2,4,0,64.37467246286649,54.531254298141086,39.81978997002756,59.57171902469613,61.93316083931676,5.131078277142358,50.72422843618341,12.962859121535944,49.67301074390878,12.17155955781118,103.06226081380129,0.0
2025-04-02 05:00:00,58.17195264622434,NL,674.9527366256754,5.39228928580753,3.6527409215418896,0.0,5,2,4,0,69.41175192712673,63.68884569941985,34.6650001107731,63.022788447715776,61.857735619829725,5.192401455896107,52.68314114747102,12.060131900486692,49.470892585513305,11.97899036595163,29.076783741834685,0.0
2025-04-02 06:00:00,65.83281159974769,NL,1298.9010126449944,6.76655041747492,6.2546663401408775,372.4736956416154,6,2,4,0,58.17195264622434,64.37467246286649,29.855013017461737,62.637457268579205,62.668548105587696,5.401298917402106,55.68129102932818,10.197317662204123,49.604032349312,12.148253361425766,45.78620455223002,2329.6986867174896
2025-04-02 07:00:00,66.11915081045207,NL,793.5706434808687,5.7280582665752044,2.8651867605990198,544.889018262738,7,2,4,0,65.83281159974769,69.41175192712673,42.92873150140848,58.57670101880792,64.59986419097287,3.719714170840231,57.613825971748476,9.748393849972816,49.9183010906305,12.483400060111972,32.81065150528054,1561.2088011221942
2025-04-02 08:00:00,49.583664234365536,NL,714.734232000958,8.174306177898687,3.69414330814945,474.2620253407073,8,2,4,0,66.11915081045207,58.17195264622434,38.201011504983185,61.4916113282186,62.24900061346381,7.220502983148196,58.562380365863675,8.102592603831985,49.422136628386625,12.237635364446245,66.81928149003265,1751.9918872217786
2025-04-02 09:00:00,49.30420234525953,NL,402.87536787253083,8.920855442966122,3.89583554038939,579.4142350805923,9,2,4,0,49.583664234365536,65.83281159974769,46.67599101173072,49.88239276167543,59.73725559386265,8.784924129216776,58.78139797699108,7.781236521014954,49.39804536103596,12.237259013303074,79.58166183429829,2257.3025696345044
2025-04-02 10:00:00,41.37540246630692,NL,602.2076504620995,12.233548859234432,5.476651835183169,673.9311932296263,10,2,4,0,49.30420234525953,66.11915081045207,44.766029051943114,50.85966593000096,55.06453068372602,9.984288479818662,58.49884576152139,8.375310818193828,49.00286771671537,12.340707088268935,149.65971769127606,3690.8865061882157
2025-04-02 11:00:00,46.33220148904059,NL,344.7915638697609,14.475945259176275,-1.2571344248466296,685.3787967508869,11,2,4,0,41.37540246630692,49.583664234365536,58.62450396314654,48.28071381982288,53.091238824195386,10.408307255026621,57.47448722201256,9.080567974700791,48.921679702932785,12.352068897446774,209.55299114666806,-861.6132794555012
2025-04-02 12:00:00,47.396478805995926,NL,808.4030320272739,15.951882690004512,2.0232436535919875,650.8848209811342,12,2,4,0,46.33220148904059,49.30420234525953,60.9679366851999,46.38096169730986,50.018516691903436,8.427303087367008,56.343532398745566,9.44379171206231,48.963992915794705,12.344724201556872,254.46256135566557,1316.8985832694368
2025-04-02 13:00:00,47.735710219943684,NL,552.5538953172664,13.293280840068334,3.6592116276815263,744.1669320126973,13,2,4,0,47.396478805995926,41.37540246630692,54.531254298141086,43.78199934990799,46.9546099268187,2.9917494885095626,55.777237058895786,9.760771144618088,49.12873086871286,12.298860417192541,176.71131549292787,2723.06429055695
2025-04-02 14:00:00,37.53948295745081,NL,92.36993096445539,15.122520081947869,5.636802155976303,769.1109274254165,14,2,4,0,47.735710219943684,46.33220148904059,63.68884569941985,31.54579859616259,44.94724638066625,4.523460265521183,53.598123497065025,10.70700229294914,49.37846771709986,11.983103267085218,228.69061362891657,4335.326133896522
2025-04-02 15:00:00,42.995285012915716,NL,576.9337704755882,13.087125255334398,2.2528393481101707,607.2939463664871,15,2,4,0,37.53948295745081,47.396478805995926,64.37467246286649,27.181636431381147,43.895760158608944,4.012525691418633,51.8165078762358,10.528037047364384,50.03736974133047,11.112675150806187,171.27284744881143,1368.13569824353
2025-04-02 16:00:00,26.53089856946055,NL,243.3403955060996,15.482768173342379,-0.5164611689611673,479.7965855132001,16,2,4,0,42.995285012915716,47.735710219943684,69.41175192712673,39.81978997002756,41.42167617580122,8.233607689350945,48.243103429763615,11.264481578375229,49.483665932973516,11.94389559923107,239.7161103094637,-247.79630541772403
2025-04-02 17:00:00,24.486517854099365,NL,-67.92918984625868,19.34853762446857,4.476067135054853,363.1386395332085,17,2,4,0,26.53089856946055,37.53948295745081,58.17195264622434,34.6650001107731,37.78072890331101,10.218696826831849,45.435983863753194,12.674269804612399,49.0595625056121,12.652634360650715,374.3659082054758,1625.4329298831256
2025-04-02 18:00:00,33.31970720576141,NL,-519.8811429747146,20.636043158223956,1.9659194654713221,362.8987990610591,18,2,4,0,24.486517854099365,42.995285012915716,65.83281159974769,29.855013017461737,35.43460030327193,9.127113192472336,42.72655849758768,11.3204963530135,49.20392476345793,12.442002402138725,425.8462772280817,713.429813070302
2025-04-02 19:00:00,37.093298868492404,NL,455.22560137361415,14.584891157204662,0.8573109249418582,314.6072013799308,19,2,4,0,33.31970720576141,26.53089856946055,66.11915081045207,42.92873150140848,33.66086507803004,7.058018588720983,40.30773750242437,8.655013855971832,48.96078173708642,12.625628027706492,212.71905006750677,269.7161908083979
2025-04-02 20:00:00,37.45916459304843,NL,-230.9271952449385,15.203979747729633,1.9879534636961327,198.75838732476905,20,2,4,0,37.093298868492404,24.486517854099365,49.583664234365536,38.201011504983185,33.64747868396298,7.049261796409669,39.297362532314615,8.16769230365316,48.92987144908914,12.653991846433374,231.16100016937284,395.12242452093216
2025-04-02 21:00:00,30.44229459121221,NL,-202.6331399846522,15.403320979256124,2.8675935278108815,102.39243453876574,21,2,4,0,37.45916459304843,33.31970720576141,49.30420234525953,46.67599101173072,31.55531361367906,5.386821942268421,37.725536886144006,7.876610531387381,48.253467431567536,13.201730297517148,237.26229718999184,293.619882580164
2025-04-02 22:00:00,43.98283644732863,NL,434.5140864019278,14.879151027455045,2.0271549140461556,0.0,22,2,4,0,30.44229459121221,37.093298868492404,41.37540246630692,44.766029051943114,34.46396992665708,6.6861968435078545,37.94282305122915,8.021089519110816,48.22083440637527,13.211689833859845,221.38913529781652,0.0
2025-04-02 23:00:00,41.79841683621234,NL,838.5409587165938,11.435295249470178,-1.1744878710755575,0.0,23,2,4,0,43.98283644732863,37.45916459304843,46.33220148904059,58.62450396314654,37.349286423675906,5.056093255306018,37.56500766349345,7.689944124781933,47.51974744275301,13.081410253363096,130.76597744255523,-0.0
2025-04-03 00:00:00,55.53959521713408,NL,756.8545637021036,12.597437076754106,5.030776636896845,0.0,0,3,4,0,41.79841683621234,30.44229459121221,47.396478805995926,60.9679366851999,41.052601092238014,8.487437577423973,38.243600697754964,8.900407334339485,47.29356654825026,12.88422045402304,158.69542090277903,0.0
2025-04-03 01:00:00,57.609066271020694,NL,722.1913465617323,9.544534468883755,5.786394325680025,0.0,1,3,4,0,55.53959521713408,43.98283644732863,47.735710219943684,54.531254298141086,44.471895659326066,10.473528500476998,39.066380368678054,10.21668543891141,47.42180871378691,12.974394263441175,91.09813822771011,0.0
2025-04-03 02:00:00,54.13159201301129,NL,848.9508683330572,9.339961685057043,4.5396882258015925,0.0,2,3,4,0,57.609066271020694,41.79841683621234,37.53948295745081,63.68884569941985,47.250633562653206,10.452531051153693,40.44905612330809,11.077721107163901,47.023589810186564,12.59451514526673,87.2348842783336,0.0
2025-04-03 03:00:00,58.57845812825728,NL,1004.2365023493353,9.548396912481625,0.9612729022729476,0.0,3,3,4,0,54.13159201301129,55.53959521713408,42.995285012915716,64.37467246286649,51.93999415216072,7.2129849695717665,41.747653882919884,12.254240883772404,46.78208087957785,12.299446338232526,91.17188359828863,0.0
2025-04-03 04:00:00,57.27252653002024,NL,1064.7984198495724,7.828166289537645,2.8336611752275447,0.0,4,3,4,0,58.57845812825728,57.609066271020694,26.53089856946055,69.41175192712673,54.15494249927599,6.25810397157732,44.30945621296653,11.99450127923365,46.27627982136507,11.555469531963771,61.28018745665358,0.0
2025-04-03 05:00:00,62.683174462759006,NL,1019.2011979384095,6.618223916923737,3.2236016126636646,0.0,5,3,4,0,57.27252653002024,54.13159201301129,24.486517854099365,58.17195264622434,57.63573543703376,2.938394925911537,47.49251093035483,11.304107296383155,46.46424739705402,11.791661288688836,43.800887814541376,0.0
2025-04-03 06:00:00,67.17826590226169,NL,1000.8402207903753,7.2857329372713755,4.434233022246401,282.8936125757443,6,3,4,0,62.683174462759006,58.57845812825728,33.31970720576141,65.83281159974769,59.57551388455503,4.631640422326108,50.31405748839652,11.664781270977873,46.52030799299211,11.890531862121586,53.081904433240986,1254.4161986659453
2025-04-03 07:00:00,55.89839814452641,NL,950.4442875646298,7.6795152368753525,4.5733252205587425,372.2954580151103,7,3,4,0,67.17826590226169,57.27252653002024,37.093298868492404,66.11915081045207,59.29040253013932,4.825494752891497,51.881149094732685,10.96964999832581,46.09444329857854,11.327785156268003,58.974954273400705,1702.6282076399723
2025-04-03 08:00:00,60.897594244070326,NL,762.2197841188841,7.78089973045085,1.7682966455655893,517.551534511635,8,3,4,0,55.89839814452641,62.683174462759006,37.45916459304843,49.583664234365536,60.418069568649166,4.1174492008078145,53.83435156565118,10.230027456636188,46.5658570489829,11.70833139555947,60.54240061533011,915.1846423842476
2025-04-03 09:00:00,52.5692068167262,NL,777.418375219919,8.936105437742345,3.4006353559497016,622.6265947600513,9,3,4,0,60.897594244070326,67.17826590226169,30.44229459121221,49.30420234525953,59.41652768339398,5.2339067428746775,55.67826091777735,7.1655762995593175,46.701898901960675,11.76038495706731,79.85398039444831,2117.3260116955976
2025-04-03 10:00:00,47.6071991937957,NL,391.4086371609229,13.788295687444132,4.151205052353063,742.9269324709018,10,3,4,0,52.5692068167262,55.89839814452641,43.98283644732863,41.37540246630692,57.80563979402322,7.159087073676187,55.9802911466496,6.688285127753315,46.96155709893938,11.706339636989554,190.11709796439044,3084.0420356023706
2025-04-03 11:00:00,47.14408386149059,NL,589.7415971923106,12.89441086240849,5.682210167861351,723.3779848919304,11,3,4,0,47.6071991937957,60.897594244070326,41.79841683621234,46.33220148904059,55.21579136047848,7.821728448978351,56.425763398756125,5.773264330687566,46.99538553112479,11.705614928869318,166.26583148859805,4110.385740959981
2025-04-03 12:00:00,38.632555914919244,NL,282.28177856981654,12.486798631955232,4.179578603217264,687.8659361593983,12,3,4,0,47.14408386149059,52.5692068167262,55.53959521713408,47.396478805995926,50.458173029254745,7.771621287919958,55.01684345690489,7.73791529969667,46.63022207732993,11.828610229055563,155.92014007499904,2874.9897486538334
2025-04-03 13:00:00,37.45567843272764,NL,129.8726140055854,15.728769901835363,4.348678898318855,636.7555788178793,13,3,4,0,38.632555914919244,47.6071991937957,57.609066271020694,47.735710219943684,47.38438641062162,8.77234653420407,53.33739447038047,9.177328667311269,46.201887419529264,11.972096747140661,247.39420262488204,2769.04554899212
2025-04-03 14:00:00,31.179619592407693,NL,265.97883023069585,14.790569049513858,2.9382187794265398,714.6089199605111,14,3,4,0,37.45567843272764,47.14408386149059,54.13159201301129,37.53948295745081,42.43139063534451,7.969504342981988,51.42473010199683,11.171773661247478,45.93689311265246,12.239567454788824,218.76093280843725,2099.677348573691
2025-04-03 15:00:00,44.675832949641205,NL,404.8470666756463,18.717495114538533,5.5914838139748255,549.2521021277561,15,3,4,0,31.179619592407693,38.632555914919244,58.57845812825728,42.995285012915716,41.11582832416368,6.472139933146825,50.26617800377883,11.082987235347026,46.00691594334936,12.226807329453228,350.34462336277386,3071.1342388389958
2025-04-03 16:00:00,33.60772362039365,NL,230.65061930824336,17.7510368903199,3.5900911154868127,606.4234277386162,16,3,4,0,44.675832949641205,37.45567843272764,57.27252653002024,26.53089856946055,38.78258239526334,6.180817060202583,48.29411109464328,11.804872933320931,46.301783653804904,11.815094973140704,315.09931068149797,2177.1153601474653
2025-04-03 17:00:00,29.50480251091221,NL,-317.0630338691696,17.121474269854147,1.048389703220677,426.3674333055568,17,3,4,0,33.60772362039365,31.179619592407693,62.683174462759006,24.486517854099365,35.84270217016694,5.573465996015961,45.52924676532271,12.011980950923391,46.510878847838775,11.451034216741329,293.1448811732776,446.9992268661745
2025-04-03 18:00:00,34.66734525391561,NL,-217.9256273140675,18.217555562337,5.577305463818199,429.52910363089256,18,3,4,0,29.50480251091221,44.675832949641205,67.17826590226169,33.31970720576141,35.18183372666633,5.4091646935458195,42.82000337796054,10.217566994184699,46.56703043317853,11.386660489257725,331.8793306668358,2395.6150165495105
2025-04-03 19:00:00,34.61133137534172,NL,185.191324453109,13.829080796416461,4.166372068645873,293.3598987170818,19,3,4,0,34.66734525391561,33.60772362039365,55.89839814452641,37.093298868492404,34.70777588376868,5.293430486265419,41.046081147195146,9.567756997018554,46.463615120963915,11.487269570010302,191.24347567381454,1222.246488075632
2025-04-03 20:00:00,36.51779033585278,NL,-149.5101805998812,14.052617527804765,1.8844774813108534,168.15022552787707,20,3,4,0,34.61133137534172,29.50480251091221,60.897594244070326,37.45916459304843,35.5974710076762,5.023563527697735,39.01443082151035,7.285435797661909,46.42439119358077,11.520910491938402,197.4760593827657,316.87531348462574
2025-04-03 21:00:00,43.85033859162872,NL,81.51997940732124,12.98552667996482,1.8115795887693311,76.54280799340209,21,3,4,0,36.51779033585278,34.66734525391561,52.5692068167262,30.44229459121221,35.459888614674114,4.727801749308555,38.2878584694189,6.158309135314775,46.98305969359813,11.026705507667938,168.62390315607817,138.66338862793722
2025-04-03 22:00:00,48.2159751951291,NL,340.01041980491016,14.521959098932198,3.3637166138493413,0.0,22,3,4,0,43.85033859162872,34.61133137534172,47.6071991937957,43.98283644732863,37.89459721046336,6.862666258931571,38.338589802863346,6.243971577239323,47.15944047475648,11.010472261921656,210.88729607105967,0.0
2025-04-03 23:00:00,45.66825860068396,NL,156.92158647601212,16.436776487872606,3.6969351141029874,0.0,23,3,4,0,48.2159751951291,36.51779033585278,47.14408386149059,41.79841683621234,40.588506558758645,6.032896679963629,38.2156043644628,6.066785922198314,47.320683881609455,10.956754020597067,270.1676213122817,0.0
2025-04-04 00:00:00,49.31214126976048,NL,501.075101229192,16.129159479800144,3.1651500548302307,0.0,0,4,4,0,45.66825860068396,43.85033859162872,38.632555914919244,55.53959521713408,43.02930589473279,6.120062985585261,39.10556981069956,6.864398447012883,47.06120663380222,10.826617894433399,260.1497855248269,0.0
2025-04-04 01:00:00,54.40081655477823,NL,342.60442356761945,11.685559565496055,3.393182870453588,0.0,1,4,4,0,49.31214126976048,48.2159751951291,37.45567843272764,57.609066271020694,46.327553424638886,6.007565127551624,40.51766465420378,8.121877949383002,46.92752956229213,10.709897346920851,136.55230235875635,0.0
2025-04-04 02:00:00,47.32138512097015,NL,609.7264712097573,10.287799376291469,6.170480272720579,0.0,2,4,4,0,54.40081655477823,45.66825860068396,31.179619592407693,54.13159201301129,48.12815255549177,3.626499690093021,41.862811781583986,7.763506662898623,46.643770941790414,10.600385306103401,105.83881600682314,0.0
2025-04-04 03:00:00,53.57183740394799,NL,897.5097774217811,4.770957147757702,4.913651828037589,0.0,3,4,4,0,47.32138512097015,49.31214126976048,44.675832949641205,58.57845812825728,49.74840235754499,3.502577790850389,42.60414548610955,8.450850832631302,46.43516174494419,10.402727063460562,22.76203210574031,0.0
2025-04-04 04:00:00,69.40296547668761,NL,594.4139551858855,6.647218350036679,3.1518367060978667,0.0,4,4,4,0,53.57183740394799,54.40081655477823,33.60772362039365,57.27252653002024,53.27956740447141,8.607891899521412,45.58708230746738,10.938056497170232,46.940596701055334,11.215139579480173,44.18551179306435,0.0
2025-04-04 05:00:00,71.22140851663129,NL,1051.057860736614,5.83267239374935,4.653186685102785,0.0,5,4,4,0,69.40296547668761,47.32138512097015,29.50480251091221,62.683174462759006,57.53842572379596,10.25309134312308,49.0634661412773,11.944979551379475,47.29635645330001,11.85348360263883,34.020067252805774,0.0
2025-04-04 06:00:00,61.1573741019736,NL,976.0724402146637,6.180501548209758,0.7055177165127389,301.0139387641597,6,4,4,0,71.22140851663129,53.57183740394799,34.66734525391561,67.17826590226169,59.51263119583148,9.462235659953146,51.27096854528213,11.481389732581198,47.04548596162133,11.471976657222026,38.198599387423215,212.37066671539537
2025-04-04 07:00:00,63.709813191482965,NL,1073.4609040279638,7.437197717705398,3.566419623461436,382.920045625595,7,4,4,0,61.1573741019736,69.40296547668761,34.61133137534172,55.89839814452641,61.06413063528226,9.216423418429533,53.69584202996057,10.688424582456792,47.37096158857787,11.839005239579766,55.311909892242376,1365.6535649358705
2025-04-04 08:00:00,59.93361243919879,NL,957.7955287051517,7.493984834409805,6.389178223034039,440.6327826444644,8,4,4,0,63.709813191482965,71.22140851663129,36.51779033585278,60.897594244070326,63.1661685216537,6.490237909429279,55.64716053857274,9.316647920459543,47.33079568004155,11.79266301495258,56.159808698364145,2815.2813792269026
2025-04-04 09:00:00,70.6148989508646,NL,1106.3814765880427,5.412342141913927,2.3344737327830702,507.79274852189707,9,4,4,0,59.93361243919879,61.1573741019736,43.85033859162872,52.5692068167262,66.00667877947313,5.0127306902959425,57.87754056850906,9.438664473167941,48.082699518963985,12.682885783494843,29.29344746113743,1185.428833122088
2025-04-04 10:00:00,57.16943791228031,NL,755.0449005295815,12.004066058258719,1.0752976663296483,585.3365161689392,10,4,4,0,70.6148989508646,63.709813191482965,48.2159751951291,47.6071991937957,63.96775751873859,5.7837048375142786,58.623662461604994,8.946545533245823,48.481126132234174,12.816788370381698,144.097601931039,629.4109898539867
2025-04-04 11:00:00,47.03964770385955,NL,523.5284143262099,9.544825970703839,1.097746011460563,652.6229913196493,11,4,4,0,57.16943791228031,59.93361243919879,45.66825860068396,47.14408386149059,59.937464049943294,7.794126823129363,58.737944886869634,8.773087099441486,48.476774625666216,12.8172797741235,91.10370281102247,716.4142857086066
2025-04-04 12:00:00,39.03106532401399,NL,504.4595006064568,13.473993051893292,0.2226577139619077,797.6629568763284,12,4,4,0,47.03964770385955,70.6148989508646,49.31214126976048,38.632555914919244,56.24974592028337,11.469401046303018,57.881188558057424,10.168331324582418,48.49337918437849,12.804223765924633,181.5484887624687,177.60581049017904
2025-04-04 13:00:00,32.191693358175684,NL,459.2500832560172,18.40076648797128,0.8323999723912776,661.7800554064137,13,4,4,0,39.03106532401399,57.16943791228031,54.40081655477823,37.45567843272764,50.99672594806549,14.249966864690457,56.03042829167387,12.591764959583594,48.27404647293883,13.04435063871953,338.58820734484686,550.865699849397
2025-04-04 14:00:00,38.18632723468805,NL,239.772014065141,13.53717890151047,1.6609075914666265,661.9963966379552,14,4,4,0,32.191693358175684,47.03964770385955,47.32138512097015,31.179619592407693,47.37217841398036,14.287911563997922,55.26917346781703,13.415352112994773,48.565992624700506,12.71948862486926,183.25521261150024,1099.5148406995318
2025-04-04 15:00:00,31.07045355863774,NL,134.56494764750292,11.228410849530032,-0.4092102497105996,617.5114427406082,15,4,4,0,38.18632723468805,39.03106532401399,53.57183740394799,44.675832949641205,40.78143751527589,9.855121166617803,53.394058147374515,15.13632836895654,47.999101816742034,13.194715296856426,126.07721020584374,-252.69201168303692
2025-04-04 16:00:00,26.32013731254664,NL,-93.41103945357031,16.357484117820928,2.4331604565458904,531.5532593107926,16,4,4,0,31.07045355863774,32.191693358175684,69.40296547668761,33.60772362039365,35.63988741532028,7.31527836794626,49.80382246702943,16.07433688729442,47.6954523872484,13.617387597825228,267.5672866647639,1293.354371103104
2025-04-04 17:00:00,29.770565629662507,NL,-135.54309665472383,19.455737883517187,4.206478136219979,436.7144927495826,17,4,4,0,26.32013731254664,38.18632723468805,71.22140851663129,29.50480251091221,32.76170706962077,4.946864845049401,46.349585559782035,15.49681705152178,47.706525850529665,13.602051498382579,378.52573659212584,1837.0299655215176
2025-04-04 18:00:00,28.18970568217253,NL,-300.5210543599387,21.15655667481507,0.5864114283528437,290.23531182003785,18,4,4,0,29.770565629662507,31.07045355863774,61.1573741019736,34.66734525391561,30.954813795980524,4.107712816808673,43.60227985813194,15.555189424201851,47.43662420170704,13.932291592522956,447.5998903346622,170.19730376282138
2025-04-04 19:00:00,43.60867979915869,NL,346.9524354928537,14.429473967306066,5.440491635930222,331.95971162807854,19,4,4,0,28.18970568217253,26.32013731254664,63.709813191482965,34.61133137534172,32.85764486947769,6.6518024645397285,41.92718540877159,14.217847124738867,47.81151371936608,13.691147946432144,208.20971897316346,1806.0240345783698
2025-04-04 20:00:00,42.03083711826615,NL,-201.78534897047632,17.21729096775486,3.423507965701874,265.35983218189426,20,4,4,0,43.60867979915869,29.770565629662507,59.93361243919879,36.51779033585278,33.49839651674071,7.4097449939844875,40.43528746536054,13.047776407840631,48.04122400196664,13.538824797538103,296.43510826833307,908.4614992520275
2025-04-04 21:00:00,40.73964188482851,NL,-12.134430152455309,14.360495834860265,4.463084959894799,18.379691878574135,21,4,4,0,42.03083711826615,28.18970568217253,70.6148989508646,43.85033859162872,35.10992790443917,7.816394710750183,37.94568270985753,8.982787890851075,47.91161163918329,13.595461622564907,206.22384062303902,82.0301263907648
2025-04-04 22:00:00,51.8281573393427,NL,86.31854688616028,13.941916256453952,1.0862546809424103,0.0,22,4,4,0,40.73964188482851,43.60867979915869,57.16943791228031,48.2159751951291,39.361264575571845,8.93617062518462,37.50057599544606,8.024893990357752,48.062119228525525,13.61895146481879,194.377028901975,0.0
2025-04-04 23:00:00,48.7076058769747,NL,529.5753528376274,18.178173238593935,4.110974242779916,0.0,23,4,4,0,51.8281573393427,42.03083711826615,47.03964770385955,45.66825860068396,42.517437950123885,8.183883362339857,37.63957250987232,8.217276414837158,48.18875869837098,13.60985173865052,330.4459822923327,0.0
2025-04-05 00:00:00,42.88481146634257,NL,421.01006434159444,8.578358586282015,0.2180559878560584,0.0,0,5,4,1,48.7076058769747,40.73964188482851,39.03106532401399,49.31214126976048,44.96662224748555,4.32989060983256,37.96071802173304,8.350822575909051,47.92095328989523,13.649962691715452,73.58823603483836,0.0
2025-04-05 01:00:00,58.39169542688474,NL,858.9579370860072,10.834676741261127,4.182418790319701,0.0,1,5,4,1,42.88481146634257,51.8281573393427,32.191693358175684,54.40081655477823,47.430458185439896,6.865936505239513,40.14405152745879,9.972865296446917,48.087239909566335,13.756229035494735,117.39022008762484,0.0
2025-04-05 02:00:00,56.52554116307137,NL,595.3018751512263,10.139236825590862,2.7456024682337468,0.0,2,5,4,1,58.39169542688474,48.7076058769747,38.18632723468805,47.32138512097015,49.846242192907425,7.130974308555898,41.67231935482407,10.998064921038239,48.470746411320555,13.861844406692525,102.80412340541785,0.0
2025-04-05 03:00:00,50.96156194330847,NL,889.3522230380341,10.462385321599314,3.5084262286162518,0.0,3,5,4,1,56.52554116307137,42.88481146634257,31.07045355863774,53.57183740394799,51.54989553598742,5.570514045231843,43.329911720213296,10.75111356680997,48.361984933793906,13.830284874705363,109.46150661761678,0.0
2025-04-05 04:00:00,56.61690074904695,NL,745.9432912402679,7.846272312103953,0.05073457739698117,0.0,4,5,4,1,50.96156194330847,58.39169542688474,26.32013731254664,69.40296547668761,52.3480194376048,5.948583617376392,45.85464200658833,9.918629707485099,47.82923223680888,13.217206992828967,61.56398919568912,0.0
2025-04-05 05:00:00,53.61847868220107,NL,1391.992738699212,7.9420810322314725,0.6117841040934751,0.0,5,5,4,1,56.61690074904695,56.52554116307137,29.770565629662507,71.22140851663129,53.16649823847586,5.679264842908846,47.841968094299865,8.719661353392365,47.09577682704096,12.320688495520491,63.07665112253093,0.0
2025-04-05 06:00:00,50.48855564493381,NL,742.4803161940974,6.556639665525848,3.596380225153454,401.34931316598664,6,5,4,1,53.61847868220107,50.96156194330847,28.18970568217253,61.1573741019736,54.43378893490773,3.258600471919527,49.700205591196635,6.147533754618189,46.65124272466429,11.979012755344971,42.98952370354691,1443.4047332490752
2025-04-05 07:00:00,60.45791611386234,NL,1024.9270551899397,8.229479293022631,0.505227780198283,495.8816870037477,7,5,4,1,50.48855564493381,56.61690074904695,43.60867979915869,63.709813191482965,54.778159049404,3.8211496959006324,51.10430861742196,6.541319504234185,46.515747013096764,11.794644984665155,67.72432943428826,250.5332039658832
2025-04-05 08:00:00,62.924444868831756,NL,1039.768078078639,7.669521494466678,3.3283363728449307,496.80262559708774,8,5,4,1,60.45791611386234,53.61847868220107,42.03083711826615,59.93361243919879,55.84464300036407,5.089012188767478,52.845442596635756,6.685714995246126,46.64036503099814,11.957256298541356,58.82155995408638,1653.526248899649
2025-04-05 09:00:00,43.2276570394927,NL,916.3132100835734,10.531825598035043,-0.33235182427380705,556.6765111881933,9,5,4,1,62.924444868831756,50.48855564493381,40.73964188482851,70.6148989508646,54.555658849728104,7.139540581446765,53.05277719285777,6.303838451912804,45.49922995135764,10.822808554216202,110.9193504274262,-185.0124540237744
2025-04-05 10:00:00,49.38640953856028,NL,692.9424682244584,9.686764929593824,4.098272213980021,657.016044473036,10,5,4,1,43.2276570394927,60.45791611386234,51.8281573393427,57.16943791228031,53.35057698131366,7.329724210181997,52.84929820945922,6.385835783104774,45.174937102452645,10.571610230430974,93.83341480120885,2692.630599202905
2025-04-05 11:00:00,39.42602281565425,NL,583.4453826045753,12.362773778889668,-0.3182161784224786,731.155845426071,11,5,4,1,49.38640953856028,62.924444868831756,48.7076058769747,47.03964770385955,50.98516767022252,9.261476719440655,52.07583295434919,7.412640371488382,44.85770273211076,10.627309472232872,152.8381755080019,-232.6656189627408
2025-04-05 12:00:00,36.373140608192635,NL,488.762294395822,12.855234665202879,3.251430326473586,706.9530199326708,12,5,4,1,39.42602281565425,43.2276570394927,42.88481146634257,39.03106532401399,48.632598497432326,11.035687347917783,51.533193716170025,8.328405898208835,44.746955868951524,10.704239278765346,165.25705829743376,2298.6084884011716
2025-04-05 13:00:00,32.2619553382692,NL,321.1900771230419,16.42296261891751,3.3980923184065412,609.2242150916239,13,5,4,1,36.373140608192635,49.38640953856028,58.39169542688474,32.191693358175684,43.93327170150014,10.996269939487405,49.35571537545207,9.678610121241416,44.749883451455425,10.700665160534863,269.71370118236183,2070.2001254901015
2025-04-05 14:00:00,27.849055206952855,NL,422.77582335898205,15.191421606408188,0.7532868142553897,612.9676691270115,14,5,4,1,32.2619553382692,39.42602281565425,56.52554116307137,38.18632723468805,38.08737342452032,7.7146609114528335,46.9660082124422,11.172336202945738,44.31916378363314,11.173926679234475,230.77929042364553,461.7404627182383
2025-04-05 15:00:00,30.09481542478339,NL,568.5512097249967,12.661181927510771,3.3108835852839933,593.7887302355729,15,5,4,1,27.849055206952855,36.373140608192635,50.96156194330847,31.07045355863774,35.89856648873543,7.826789607718574,45.227112669231765,12.080862636598262,44.27851219472254,11.225876093098003,160.30552780152536,1965.9653600635834
2025-04-05 16:00:00,24.27665527847982,NL,-64.51105889378596,19.371596531910978,2.6677149777816513,521.2167197837086,16,5,4,1,30.09481542478339,32.2619553382692,56.61690074904695,26.32013731254664,31.713607445388693,5.556200044866595,42.53209221335118,12.889235931142295,44.19336710996975,11.37476960600436,375.2587521951454,1390.4576500372216
2025-04-05 17:00:00,29.35571417977433,NL,-276.9235090603498,15.36061498069665,1.069146738729063,539.2137746253727,17,5,4,1,24.27665527847982,27.849055206952855,53.61847868220107,29.770565629662507,30.035222672742037,4.0873769542601925,40.51019517148228,12.89506104588163,44.176081632891076,11.39793153163062,235.94849258520233,576.4986486185052
2025-04-05 18:00:00,28.346255152998822,NL,-37.656409670250966,15.850590057978085,0.12972108296212337,280.70060288005016,18,5,4,1,29.35571417977433,30.09481542478339,50.48855564493381,28.18970568217253,28.697408430209734,2.6637634156281487,38.66500346382103,12.921601233895863,44.182604527508836,11.388425784987932,251.2412051860737,36.41278619372103
2025-04-05 19:00:00,28.97823138946382,NL,512.9789543863296,15.615511537025755,-1.7784209322306186,284.69279630591166,19,5,4,1,28.346255152998822,24.27665527847982,60.45791611386234,43.60867979915869,28.15012110540884,2.0520187158774403,36.04169640345449,11.172072303815904,43.573002510438215,11.804454547643907,243.84420056298447,-506.303628205701
2025-04-05 20:00:00,28.084820023310904,NL,-113.74761548616544,18.891029676525292,2.846130545713927,249.45565541641446,20,5,4,1,28.97823138946382,29.35571417977433,62.924444868831756,42.03083711826615,28.189415241468513,2.04735260435981,33.138394332994416,7.46170195615085,42.991918464815086,12.219620892635477,356.8710022393593,709.983360681745
2025-04-05 21:00:00,32.89564843856993,NL,454.26997049553967,10.938029289364824,-0.9827750916095708,216.08511385584825,21,5,4,1,28.084820023310904,28.346255152998822,43.2276570394927,40.73964188482851,28.656220743766273,2.762929612493397,32.277393616250855,6.754236338667929,42.66508540455431,12.386244722940713,119.64048473500276,-212.3630675651458
2025-04-05 22:00:00,43.20539277402135,NL,565.5401628152879,20.347571001284052,2.337518849997156,0.0,22,5,4,1,32.89564843856993,28.97823138946382,49.38640953856028,51.8281573393427,31.811010326356524,5.847230617252417,31.76230888587261,5.438380324668652,42.30580354766592,12.233010194530348,414.02364565229567,0.0
2025-04-05 23:00:00,45.82535027685851,NL,239.87282910714026,14.919861131593809,1.6199340189500413,0.0,23,5,4,1,43.20539277402135,28.084820023310904,39.42602281565425,48.7076058769747,34.55594967587056,7.951297030578356,32.2955861743063,6.473440788637259,42.185709564327745,12.18146913786876,222.6022561860437,0.0
2025-04-06 00:00:00,42.303456248991125,NL,593.796615837055,11.949038040232482,3.50511600199093,0.0,0,6,4,1,45.82535027685851,32.89564843856993,36.373140608192635,42.88481146634257,36.88214985853594,7.8116826693944565,32.78977914437284,7.016604236021003,42.16148643027143,12.180596502803516,142.77951008692293,0.0
2025-04-06 01:00:00,51.272736567682585,NL,935.088847176968,10.13567038594125,1.542739452134811,0.0,1,6,4,1,42.303456248991125,43.20539277402135,32.2619553382692,58.39169542688474,40.5979007215724,8.56607450875112,34.374010913490615,8.80487323029198,41.86486314447135,11.850376920806008,102.73181417244645,0.0
2025-04-06 02:00:00,57.58792656150702,NL,654.1744518025026,9.693219600677153,1.4879348784203568,0.0,2,6,4,1,51.272736567682585,45.82535027685851,27.849055206952855,56.52554116307137,45.51508514460508,8.413081908874142,36.8522501930368,10.76777394162513,41.9091292027395,11.909359086241635,93.95850622695176,0.0
2025-04-06 03:00:00,47.800766309333895,NL,792.8373185728015,9.251318497381138,3.610571859691131,0.0,3,6,4,1,57.58792656150702,42.303456248991125,30.09481542478339,50.96156194330847,47.99927145639908,5.706957190063137,38.32774610008268,10.968867243573195,41.77742938465722,11.822057040713544,85.58689393998641,0.0
2025-04-06 04:00:00,60.285395101364664,NL,796.6765191024906,8.858998145964119,2.816946509282775,0.0,4,6,4,1,47.800766309333895,51.272736567682585,24.27665527847982,56.61690074904695,50.8459385109563,6.959788550338058,41.32847441865641,11.677987395727019,41.93028331600379,12.043901383492534,78.48184815019569,0.0
2025-04-06 05:00:00,54.68345115439563,NL,760.0115670059608,8.355449854132008,2.779142365480096,0.0,5,6,4,1,60.285395101364664,57.58792656150702,29.35571417977433,53.61847868220107,52.32228865721248,6.612651841329235,43.43911916654152,11.605953983802033,41.9746571690119,12.090707920396168,69.81354226491459,0.0
2025-04-06 06:00:00,60.25554764272129,NL,850.1444909867986,7.43735913178177,3.0853656307315918,356.3088951830984,6,6,4,1,54.68345115439563,47.800766309333895,28.346255152998822,50.48855564493381,55.31430388950084,5.049405633910384,46.098226874018394,11.48844211125037,42.381615168919716,12.54555134751224,55.31431085509769,1099.343219121877
2025-04-06 07:00:00,52.01073259349155,NL,718.174859792083,7.2148095388196065,-0.9243137952996721,429.462920946969,7,6,4,1,60.25554764272129,60.285395101364664,28.97823138946382,60.45791611386234,55.43730322713568,4.939049101750362,48.017601974354044,10.222447637702368,42.02964918890426,12.127912242638905,52.05347668144238,-396.95850240097593
2025-04-06 08:00:00,44.35295116315851,NL,919.8293955440646,7.971620447056318,3.660407811088503,627.3431097859777,8,6,4,1,52.01073259349155,54.68345115439563,28.084820023310904,62.924444868831756,53.23147399407759,6.496377674779639,49.37327956934134,8.221603035035722,41.25583695116787,11.3010547215613,63.54673255192637,2296.331619293145
2025-04-06 09:00:00,42.08278271917259,NL,679.5587443815455,8.817126226519424,3.3717680391417444,563.740672475764,9,6,4,1,44.35295116315851,60.25554764272129,32.89564843856993,43.2276570394927,52.2784767290507,7.750691877890557,50.1388740927249,6.863260013039989,41.208133854487876,11.294784137987223,77.74171489437666,1900.802781818055
2025-04-06 10:00:00,46.81198808841433,NL,776.7571823581495,12.611786764317065,0.11346419396154506,632.9550918713021,10,6,4,1,42.08278271917259,52.01073259349155,43.20539277402135,49.38640953856028,50.03290889355898,6.868514100510122,50.43942370225764,6.606186938619899,41.10086629406512,11.225751176274958,159.0571653886031,71.81773931303299
2025-04-06 11:00:00,43.977848169870796,NL,298.23039331053513,12.71449321629396,1.5282733665467778,787.6517043114105,11,6,4,1,46.81198808841433,44.35295116315851,45.82535027685851,39.42602281565425,48.24864172947151,6.809067350455739,50.285465193342,6.743593664724719,41.29052568382415,11.234672428933829,161.65833774718513,1203.7471218143066
2025-04-06 12:00:00,34.28718440149407,NL,546.1760464428914,6.951789803891216,1.937819738639918,658.3969347575072,12,6,4,1,43.977848169870796,42.08278271917259,42.303456248991125,36.373140608192635,43.920581189266976,5.834052515849716,49.617442539383916,7.9034749605748305,41.20361084187837,11.282336518042149,48.327381477485865,1275.8545760331158
2025-04-06 13:00:00,38.41688725335042,NL,517.2962697705245,15.401470451079637,1.7474407450917149,660.5682750543469,13,6,4,1,34.28718440149407,46.81198808841433,51.272736567682585,32.2619553382692,41.65494029924346,4.565570481991299,48.54612176318957,8.506969244021839,41.46006633834009,11.139295616517181,237.20529205547922,1154.303918744917
2025-04-06 14:00:00,23.861408744007136,NL,-168.74712851429095,15.602488223669651,2.6841542470322497,645.7576201530111,14,6,4,1,38.41688725335042,43.977848169870796,57.58792656150702,27.849055206952855,38.23968322938489,8.289376171898898,45.735578611731235,10.569444691958518,41.29391440238402,11.378317341527744,243.43763876975015,1733.313058687143
2025-04-06 15:00:00,29.521808291822676,NL,201.25792337624088,16.088636131679678,4.879167877557547,639.5240975217692,15,6,4,1,23.861408744007136,34.28718440149407,47.800766309333895,30.09481542478339,36.146187491493244,8.700624919020159,44.21233211027197,11.519243823706457,41.270039105177325,11.403411790597112,258.84421257758885,3120.345433552197
2025-04-06 16:00:00,22.376324861722726,NL,292.52109660243923,15.98952340495216,4.179967769240838,535.3901253676657,16,6,4,1,29.521808291822676,38.41688725335042,60.285395101364664,24.27665527847982,32.0735769537113,8.424218003139849,41.053242923635146,11.902377477338266,41.19085867114578,11.532404790436354,255.66485871751294,2237.913468006654
2025-04-06 17:00:00,24.744249511864343,NL,-244.89111688277526,19.339111803040858,-0.6080040729676321,375.9553984282691,17,6,4,1,22.376324861722726,23.861408744007136,54.68345115439563,29.35571417977433,28.867977177376897,6.406081373629988,38.5583094534242,11.923379856344445,40.99871430998286,11.77405128927113,374.0012453305142,-228.58241349855655
2025-04-06 18:00:00,28.834439056826575,NL,314.5144773675407,18.971982440168382,3.2605742945072778,323.3915718436406,18,6,4,1,24.744249511864343,29.521808291822676,60.25554764272129,28.346255152998822,27.959186286598978,5.845807136683291,35.93988373793298,10.024272954373698,41.01905530597569,11.751642745671356,359.93611771005743,1054.4422462136781
2025-04-06 19:00:00,25.870904797376106,NL,80.84088872867486,15.179885570112464,4.674300952966,229.04561255350734,19,6,4,1,28.834439056826575,22.376324861722726,52.01073259349155,28.97823138946382,25.868189210603262,2.8153544300421007,33.761564754923356,9.002614780606566,40.889583364638696,11.906169715447625,230.4289259217086,1070.6281250315405
2025-04-06 20:00:00,30.699860612369765,NL,-94.01507304390105,16.87506484507967,2.7900513552735857,171.1389477388477,20,6,4,1,25.870904797376106,24.744249511864343,44.35295116315851,28.084820023310904,27.0079311886637,3.1985907168003136,32.6238072090243,8.383861451280456,40.99854338918282,11.795341247609617,284.76781352564376,477.4864530788674
2025-04-06 21:00:00,40.810969137483795,NL,115.29279387518497,13.184871028886583,4.198395164267114,123.80480951619988,21,6,4,1,30.699860612369765,28.834439056826575,42.08278271917259,32.89564843856993,28.889457996273887,6.543979410546016,32.51782274388356,8.260547370351038,41.32834841830422,11.668909813352446,173.84082404837275,519.7815135858248
2025-04-06 22:00:00,36.543977297276825,NL,341.6653825043443,11.231644385033146,6.040975205296711,0.0,22,6,4,1,40.810969137483795,25.870904797376106,46.81198808841433,43.20539277402135,31.250733402199568,6.274318542654831,31.662155177955437,7.094836952616864,41.050789440106534,11.701500218156413,126.1498355918466,0.0
2025-04-06 23:00:00,47.49922489906231,NL,365.7915557312215,11.473119844928716,4.063853406109143,0.0,23,6,4,1,36.543977297276825,30.699860612369765,43.977848169870796,45.82535027685851,35.043229300065896,8.151274236215352,31.955603238721395,7.6977385553637845,41.12053421603169,11.736132638048332,131.63247897609713,0.0
2025-04-07 00:00:00,46.54269819969579,NL,587.7511984892739,13.146153937386622,2.515051505178638,0.0,0,0,4,0,47.49922489906231,40.810969137483795,34.28718440149407,42.303456248991125,37.994605823877436,8.644551194216106,32.97689605523821,8.773086779314124,41.29716929731106,11.786503653744807,172.82136334546578,0.0
2025-04-07 01:00:00,58.42509593011287,NL,425.2748039353871,12.070515258572938,4.106611262064687,0.0,1,0,4,0,46.54269819969579,36.543977297276825,38.41688725335042,51.272736567682585,43.42030434600022,9.668845840433226,34.64424677830174,11.406912734441368,41.595184270745655,12.134967065972681,145.6973386074421,0.0
2025-04-07 02:00:00,66.03883404793757,NL,763.8721648072155,10.067089071803364,2.306209980088963,0.0,2,0,4,0,58.42509593011287,47.49922489906231,23.861408744007136,57.58792656150702,49.31013325192819,11.037033924752125,38.15903222029595,13.988307301459342,41.94730541601359,12.727357142494936,101.34628237962272,0.0
2025-04-07 03:00:00,48.789570214304305,NL,550.8104912122777,9.578071994965397,2.064240400465091,0.0,3,0,4,0,66.03883404793757,46.54269819969579,29.521808291822676,47.800766309333895,50.63990009806495,10.261638322626847,39.764679047169416,14.012558110561034,41.9885055787207,12.74871195609617,91.73946314074041,0.0
2025-04-07 04:00:00,58.584117862112606,NL,890.7674896224793,8.519730328940863,1.3136058424677153,0.0,4,0,4,0,48.789570214304305,58.42509593011287,22.376324861722726,60.285395101364664,54.31325685887091,7.873504457938618,42.78199513053524,13.824996112733118,41.917619027085195,12.646875681521331,72.58580487787479,0.0
2025-04-07 05:00:00,65.88193058502756,NL,782.1813848515762,5.880084512326146,5.143261031559397,0.0,5,0,4,0,58.584117862112606,66.03883404793757,24.744249511864343,54.68345115439563,57.37704113986512,8.258848560859631,46.21013521996551,14.044269973624864,42.384222336694855,13.32665879155013,34.57539387209781,0.0
2025-04-07 06:00:00,61.38732736954053,NL,832.8940114820467,8.040849639266094,0.3795769820111776,417.31128781013746,6,0,4,0,65.88193058502756,48.789570214304305,28.834439056826575,60.25554764272129,59.8511460015059,6.372050490327658,48.922875912691666,13.516930493450207,42.43137982531233,13.39447737489819,64.65526292128567,158.40175918616993
2025-04-07 07:00:00,62.68275774306068,NL,1210.1815481866217,9.129112210536563,5.081169763251412,466.69919758677116,7,0,4,0,61.38732736954053,58.584117862112606,25.870904797376106,52.01073259349155,60.56075630366388,6.418383952672865,51.99053032483206,11.888865846163844,42.8760475398777,13.894142272837213,83.34068975256778,2371.377851311598
2025-04-07 08:00:00,55.357435732902005,NL,1131.2747260110732,9.70155645463743,3.016162561375923,520.1042376778547,8,0,4,0,62.68275774306068,65.88193058502756,30.699860612369765,44.35295116315851,58.780523251157945,6.066763448199428,54.045328251543076,9.826557443873654,43.33456773028368,14.124667579008925,94.12019764251718,1568.7189296969102
2025-04-07 09:00:00,55.65344384595291,NL,955.3810147747092,11.50357631082101,-0.7821780357087027,711.1091094376357,9,0,4,0,55.357435732902005,61.38732736954053,40.810969137483795,42.08278271917259,59.92450218976605,4.150552971159661,55.28220114391549,8.899709204430675,43.90001194389953,14.342332716446393,132.33226793888232,-556.2139263944947
2025-04-07 10:00:00,50.793177178147026,NL,511.53744706548423,11.679661045632002,2.7517328998780233,697.5607474385482,10,0,4,0,55.65344384595291,62.68275774306068,36.543977297276825,46.81198808841433,58.62601207577179,5.614329108578642,56.46963446732135,6.897716299457379,44.06589482263839,14.400382526631356,136.41448214085364,1919.5008583901576
2025-04-07 11:00:00,53.51814596956242,NL,546.1278326123002,12.149653511448593,-2.183618701408068,716.7612602513944,11,0,4,0,50.793177178147026,55.357435732902005,47.49922489906231,43.977848169870796,56.56538130652759,4.594958203079429,56.971211223196356,6.385975238766173,44.46340723095887,14.528949065472453,147.61408044825512,-1565.1332923297603
2025-04-07 12:00:00,45.08087174352218,NL,722.6195399958367,14.892244874485822,3.2674503475572516,636.1847791730831,12,0,4,0,53.51814596956242,55.65344384595291,46.54269819969579,34.28718440149407,53.847638702191205,5.829138037957962,56.84939235184856,6.612905345974927,44.913144203543375,14.36640061554293,221.77895740164925,2078.702177819724
2025-04-07 13:00:00,41.91193826983955,NL,378.93386017672054,13.956003704155187,3.7868972798731617,623.6586583279969,13,0,4,0,45.08087174352218,50.793177178147026,58.42509593011287,38.41688725335042,50.38583545665435,5.698971440663513,55.47329588015911,7.8564199744012395,45.05877132923043,14.315310504497669,194.7700393903933,2361.7312767916374
2025-04-07 14:00:00,35.1096242247396,NL,693.8659079963389,13.368643856409857,0.8317224025910728,667.7446654316462,14,0,4,0,41.91193826983955,53.51814596956242,66.03883404793757,23.861408744007136,47.01120020529395,7.780851100290256,52.895861728225945,9.05682669582459,45.52744697426095,13.764687371827938,178.720638559525,555.3781974501809
2025-04-07 15:00:00,32.41417616469679,NL,205.11017728560083,15.71929704131714,2.2635297058063446,604.7634333037039,15,0,4,0,35.1096242247396,45.08087174352218,48.789570214304305,29.521808291822676,43.13798892508459,8.379526969881507,51.53124555742533,10.798059142873171,45.64796230229737,13.630466276825969,247.09629947316176,1368.8999962683679
2025-04-07 16:00:00,31.268614921436903,NL,85.39712140578708,15.196132346150227,5.924749181395752,494.2938717495843,16,0,4,0,32.41417616469679,41.91193826983955,58.584117862112606,22.376324861722726,39.883895215632904,8.600322529116497,49.25495364570235,11.989510672851496,46.0184743881188,13.080125767645951,230.9224382817132,2928.5672120172862
2025-04-07 17:00:00,34.975690762766625,NL,-64.78620598503446,15.659907137753258,1.0049409053713065,447.63580076648526,17,0,4,0,31.268614921436903,35.1096242247396,65.88193058502756,24.744249511864343,36.793486014500274,5.490385071588025,46.67943366051393,11.398059547486342,46.44478444023972,12.510954386315905,245.23269156305545,449.8475268988815
2025-04-07 18:00:00,31.49252329614319,NL,6.708180956456463,16.707269499124823,-0.10138086021802106,429.4313464021799,18,0,4,0,34.975690762766625,32.41417616469679,61.38732736954053,28.834439056826575,34.52876127327045,3.9841489874292897,44.188199987730826,11.155587847429947,46.55553795021125,12.359124403940575,279.1328541163866,-43.53611930283598
2025-04-07 19:00:00,36.62184590827793,NL,-33.45688042064296,15.060178388392952,4.979761118820377,294.18345794163287,19,0,4,0,31.49252329614319,31.268614921436903,62.68275774306068,25.870904797376106,33.64707921301017,2.216877847987935,42.01645733483226,9.664941311604661,47.00349382983216,11.756979851712774,226.80897309021813,1464.963345657873
2025-04-07 20:00:00,47.999642326746084,NL,188.6090334454988,15.364414536185711,5.94160869495677,117.94957451236306,20,0,4,0,36.62184590827793,34.975690762766625,55.357435732902005,30.699860612369765,35.795415563344584,6.336208212202718,41.40330788431927,8.948475579520958,47.724318067931165,11.232571009534025,236.06523403975478,700.8102174891078
2025-04-07 21:00:00,45.13512860857006,NL,317.78707276564296,11.260332488694775,2.0238256575908746,96.93718522756124,21,0,4,0,47.999642326746084,31.49252329614319,55.65344384595291,40.810969137483795,37.915574303990134,7.064908972165136,40.52678161453736,7.8767084642784955,47.90449137922642,11.151243632397614,126.79508775595507,196.18396263817755
2025-04-07 22:00:00,42.79831898405337,NL,72.80210789840987,14.336845453990076,4.039360384711893,0.0,22,0,4,0,45.13512860857006,36.62184590827793,50.793177178147026,36.543977297276825,39.837191647759546,6.435342123104522,39.86054343169622,7.241938608492384,48.16508894950878,10.945392607622216,205.54513757159592,0.0
2025-04-07 23:00:00,54.326833949556324,NL,84.3438867371836,12.648342569466287,4.699386144956942,0.0,23,0,4,0,42.79831898405337,47.999642326746084,53.51814596956242,47.49922489906231,43.06238217889116,8.136000990826401,39.927934096695715,7.382974142917977,48.449572659946035,11.015835691641586,159.98056975457303,0.0
2025-04-08 00:00:00,50.150855607876125,NL,112.75892537934067,9.706567055117915,0.5314658488184119,0.0,0,1,4,0,54.326833949556324,45.13512860857006,45.08087174352218,46.54269819969579,46.17210423084665,6.1536193278078795,40.350432752058545,7.835842332229875,48.59991255195356,11.013300992194171,94.21744399550047,0.0
2025-04-08 01:00:00,45.58545236464718,NL,711.0077879337691,11.402133829318766,1.0458226431594433,0.0,1,1,4,0,50.150855607876125,42.79831898405337,41.91193826983955,58.42509593011287,47.66603864024152,4.125065827953074,40.65655892662585,7.972949993892919,48.06492740339248,10.825529597072947,130.00865586169542,0.0
2025-04-08 02:00:00,53.79055939006105,NL,509.32667876522527,10.835435831495086,4.47818334020465,0.0,2,1,4,0,45.58545236464718,54.326833949556324,35.1096242247396,66.03883404793757,48.63119148412735,4.8350839361418645,42.213303523735966,8.591217959771148,47.55458262598095,10.212713289538653,117.40666965844761,0.0
2025-04-08 03:00:00,51.79383310981147,NL,402.9752720027772,4.832138017164647,5.386462871312199,0.0,3,1,4,0,53.79055939006105,50.150855607876125,32.41417616469679,48.789570214304305,49.74097556766759,4.632068771032432,43.82827493582886,8.401111098397047,47.6797602466271,10.246863309515609,23.349557816927888,0.0
2025-04-08 04:00:00,60.81102671925845,NL,990.7284227984121,5.88130152221171,3.1421960342438897,0.0,4,1,4,0,51.79383310981147,45.58545236464718,31.268614921436903,58.584117862112606,52.7430935235351,5.050734287864518,46.29014258564732,8.708953778734672,47.77254811567483,10.359363105257406,34.58970759516978,0.0
2025-04-08 05:00:00,63.08866184507262,NL,1461.5628166310923,5.544140327830647,0.25680560689107135,0.0,5,1,4,0,60.81102671925845,53.79055939006105,34.975690762766625,65.88193058502756,54.203398172787814,6.622343941232033,48.63289017583949,9.158287201527514,47.65616191817671,10.16084941501145,30.73749197467811,0.0
2025-04-08 06:00:00,70.78474086113191,NL,978.7858176920213,5.2165756723336765,5.990556537294062,452.6486012250832,6,1,4,0,63.08866184507262,51.79383310981147,31.49252329614319,61.38732736954053,57.64237904833045,9.020371208699283,51.90724163958854,9.491011302745767,48.04772081365968,10.869367442126368,27.21266174518355,2711.6170371659355
2025-04-08 07:00:00,62.461665245024946,NL,1130.6610680348626,9.106620168577889,0.9544925182712509,495.0251484967159,7,1,4,0,70.78474086113191,60.81102671925845,36.62184590827793,62.68275774306068,60.455081195060075,6.888015126381263,54.0605599176508,8.596952053637226,48.03850862624153,10.856510507154582,82.93053089474958,472.49780059623026
2025-04-08 08:00:00,57.281859022436784,NL,929.3785736017325,7.724698842097867,1.3461587515522764,506.1849637537501,8,1,4,0,62.461665245024946,63.08866184507262,47.999642326746084,55.357435732902005,61.036964467122694,6.337913238913388,54.83407797562503,8.417759982671495,48.11869292997215,10.919839131295785,59.67097220110813,681.4053188612825
2025-04-08 09:00:00,59.367522814505854,NL,813.7754599550452,8.516097209883696,2.701109982874423,598.4283259023215,9,1,4,0,57.281859022436784,70.78474086113191,45.13512860857006,55.65344384595291,62.299246084571756,4.661269139889919,56.02011082611967,7.914589121578943,48.273446220328516,11.05672199534113,72.52391168818887,1616.4207251295893
2025-04-08 10:00:00,40.515886810068,NL,913.8152965975537,6.17470594704956,5.124755155324728,594.5261739586755,10,1,4,0,59.367522814505854,62.461665245024946,42.79831898405337,50.793177178147026,58.91672276637335,10.122137228731209,55.829908144954224,8.28020085781567,47.84522578832522,11.153484672230544,38.126993532529205,3046.801074970208
2025-04-08 11:00:00,48.85730845180621,NL,551.3546137135303,12.637565583851249,3.8547824042189864,772.8601830917171,11,1,4,0,40.515886810068,57.281859022436784,54.326833949556324,53.51814596956242,56.54483053416229,10.604902776496665,55.37411435347505,8.517596371273731,47.651024225085386,11.090815263242854,159.70806388614156,2979.2078347034153
2025-04-08 12:00:00,47.66309349645095,NL,533.4784628143807,10.19340003521339,2.97656145183836,794.8644347386555,12,1,4,0,48.85730845180621,59.367522814505854,50.150855607876125,45.08087174352218,52.691222640048785,8.35856756115794,55.16680084418962,8.6849168699831,47.75861679812408,11.077314946368755,103.90540427788834,2365.9628358803698
2025-04-08 13:00:00,32.83099373056434,NL,414.93003868794233,14.04888391025333,3.0734075113507515,695.9087256135001,13,1,4,0,47.66309349645095,40.515886810068,45.58545236464718,41.91193826983955,47.75277738763868,10.019640242502604,54.10392929134938,10.54529313744153,47.38024410898762,11.435020858734308,197.3711391237749,2138.8111045150604
2025-04-08 14:00:00,42.88777927138658,NL,96.38190927139038,15.607119461849043,2.233859788401471,704.2854235338209,14,1,4,0,32.83099373056434,48.85730845180621,53.79055939006105,35.1096242247396,45.35376409579698,8.947616153677808,53.19536428145985,11.033145174877774,47.70433390259791,11.179496866298868,243.58217789642717,1573.2748871895017
2025-04-08 15:00:00,36.544689322531326,NL,324.855079314031,18.68672058794934,3.2631094801515514,606.251712361988,15,1,4,0,42.88777927138658,47.66309349645095,51.79383310981147,32.41417616469679,41.549958513801236,6.240190985360075,51.924602299186496,12.041352505296471,47.87643861750768,10.963584618768298,349.1935263320897,1978.2657099665146
2025-04-08 16:00:00,31.354966291031,NL,11.99534676869903,13.988269264592269,-2.912289704274067,458.1637280562036,16,1,4,0,36.544689322531326,32.83099373056434,60.81102671925845,31.268614921436903,40.023138427295066,7.531021210212833,49.46993059683421,13.027147529340795,47.88003659124076,10.95791007954357,195.67167701873674,-1334.305508089905
2025-04-08 17:00:00,36.16733938140656,NL,-154.11194504310313,10.891211803127739,1.5536155329749424,419.99549733769936,17,1,4,0,31.354966291031,42.88777927138658,63.08866184507262,34.975690762766625,37.908143582228455,6.222006259008938,47.22648705819537,12.78445407361332,47.929688617017426,10.899439979753666,118.61849454058897,652.5115284433858
2025-04-08 18:00:00,44.950909989266485,NL,87.30196871408072,17.283978357130618,2.629474320948101,356.5963983385979,18,1,4,0,36.16733938140656,36.544689322531326,70.78474086113191,31.49252329614319,37.45611299769771,5.418160764959618,45.073667818873254,10.411690484478244,48.4904547292309,10.349322439923585,298.7359078497596,937.6610723739233
2025-04-08 19:00:00,36.08230289908834,NL,-182.65650950274164,20.166013020481948,-0.15519771612447508,236.6859482769457,19,1,4,0,44.950909989266485,31.354966291031,62.461665245024946,36.62184590827793,37.99799785911838,5.010311788868036,42.875387623378536,9.110180344509452,48.46797377051467,10.376774130674018,406.66808114224744,-36.73311861133761
2025-04-08 20:00:00,38.86374126502057,NL,52.62352958160635,18.378202728410034,2.919477086737659,164.06733612824817,20,1,4,0,36.08230289908834,36.16733938140656,57.281859022436784,47.999642326746084,37.32732485805738,4.464456447258432,41.340544476927185,7.938555006631686,48.08731122627611,10.560643515458883,337.758335526538,478.99082850850624
2025-04-08 21:00:00,38.482700593710376,NL,124.62281007788546,15.386853080218966,1.7378880091422961,97.94264870925271,21,1,4,0,38.86374126502057,44.950909989266485,59.367522814505854,45.13512860857006,37.650326736587225,4.466615055614296,39.60014262519423,5.5602039852836675,47.81012672565695,10.727483226966699,236.7552477122439,170.21335477544648
2025-04-08 22:00:00,40.17921479756861,NL,447.1791131663154,12.846958095047473,5.657781847745519,0.0,22,1,4,0,38.482700593710376,36.08230289908834,40.515886810068,42.79831898405337,39.121034821010156,3.2722795828956763,39.57208662415261,5.556011023583237,47.700997384553425,10.793801352694505,165.0443322959058,0.0
2025-04-08 23:00:00,52.47244342145783,NL,445.53012402472973,14.180149239083828,5.292869901544252,0.0,23,1,4,0,40.17921479756861,38.86374126502057,48.85730845180621,54.326833949556324,41.838552161018704,5.979388936168462,39.87334787162358,6.16940106474375,47.623731112549315,10.750860634926132,201.0766324426897,0.0
2025-04-09 00:00:00,47.91081334343955,NL,474.9946082509712,9.313624344912727,1.2152193128782134,0.0,0,2,4,0,52.47244342145783,38.482700593710376,47.66309349645095,50.150855607876125,42.33186938671421,6.3951680752790425,39.89399119220597,6.198183055065963,47.53039601819779,10.737682699651746,86.74359843815101,0.0
2025-04-09 01:00:00,56.133906226633414,NL,772.9627823913178,10.956330458233762,1.8451550279811484,0.0,1,2,4,0,47.91081334343955,40.17921479756861,32.83099373056434,45.58545236464718,45.673803274638395,7.601564056627226,41.83590056687839,7.331060744122521,47.969914929113884,10.869685451192884,120.04117711002083,0.0
2025-04-09 02:00:00,56.442703710822485,NL,1008.0415098034626,9.891208301642592,1.998935319897754,0.0,2,2,4,0,56.133906226633414,52.47244342145783,42.88777927138658,53.79055939006105,48.603630348938715,7.835915166115843,42.965477603498044,8.464524289222393,48.08042094247895,10.94465641203812,97.83600166648334,0.0
2025-04-09 03:00:00,63.542691843672706,NL,945.1154518636463,10.087649987967723,1.2435114987952938,0.0,3,2,4,0,56.442703710822485,47.91081334343955,36.544689322531326,51.79383310981147,52.78029555726577,8.038444850980822,45.215311146926496,10.04346960119141,48.56995672305649,11.372368298051807,101.7606822797452,0.0
2025-04-09 04:00:00,64.23690466589973,NL,915.0832258608954,12.846043584233662,2.5368804191707923,0.0,4,2,4,0,63.542691843672706,56.133906226633414,31.354966291031,60.81102671925845,56.78991053532095,6.31011189177273,47.955472678165556,10.397526523168544,48.71270163749989,11.552767281493047,165.02083576803082,0.0
2025-04-09 05:00:00,68.18426967041435,NL,700.5956666745024,7.787229388830145,0.6302663133393587,0.0,5,2,4,0,64.23690466589973,56.442703710822485,36.16733938140656,63.08866184507262,59.40854824348037,7.336686957668131,50.62355020224953,11.176333049785976,48.92501863022246,11.870899344027713,60.64094155425991,0.0
2025-04-09 06:00:00,59.85247230548176,NL,766.9772673849254,5.998427050203776,-0.11440021876051354,419.3174698631422,6,2,4,0,68.18426967041435,63.542691843672706,44.950909989266485,70.78474086113191,61.39882473715408,4.761655913391361,51.86534706193414,11.315733486650862,48.469507440403696,11.185592043929596,35.98112707661637,-47.97001028244851
2025-04-09 07:00:00,59.477653699737274,NL,901.9179722736008,7.316494287397771,3.392252898915076,425.4776364367512,7,2,4,0,59.85247230548176,64.23690466589973,36.08230289908834,62.461665245024946,61.956115982671385,4.182700687983282,53.81495962865489,10.320918418998497,48.34517362601671,11.038922415281581,53.531088657524215,1443.3277456261042
2025-04-09 08:00:00,53.48354308756957,NL,791.1102614603628,4.494171736932605,3.4058896195581605,394.8431456086349,8,2,4,0,59.477653699737274,68.18426967041435,38.86374126502057,57.281859022436784,61.46292254546257,5.047816621286554,55.03327644720063,9.197303374805328,48.18691046206391,10.931937549407257,20.19757960104383,1344.792170982141
2025-04-09 09:00:00,52.99902860820785,NL,796.1591299961846,7.5756730573941695,0.5381989317945544,579.421845316927,9,2,4,0,53.48354308756957,59.85247230548176,38.482700593710376,59.367522814505854,59.70564533955175,5.936096097394681,56.24297044840876,7.6464523640935305,47.92155653680149,10.724063617735435,57.39082227252793,311.84421820799963
2025-04-09 10:00:00,53.45806582033168,NL,741.3299849794214,9.283838226704226,3.9375413126397385,649.8996832601126,10,2,4,0,52.99902860820785,59.477653699737274,40.17921479756861,40.515886810068,57.90917219862374,5.921523936917428,57.349541366972346,5.86335328447132,48.46081399556248,10.66069019577695,86.18965221961467,2559.006851908174
2025-04-09 11:00:00,51.46417874449014,NL,715.3480734226067,10.239144634239112,1.1387683303160212,637.5441282047282,11,2,4,0,53.45806582033168,53.48354308756957,52.47244342145783,48.85730845180621,55.12249037763638,3.596914450412447,57.265519310558375,5.946234266553819,48.569433591090984,10.678171741662648,104.84008284086761,726.0150623784816
2025-04-09 12:00:00,39.19794090612799,NL,465.9002443881818,12.897218475663283,2.9082542647226464,674.2390803095878,12,2,4,0,51.46417874449014,52.99902860820785,47.91081334343955,47.66309349645095,51.68006847774408,6.705309887388587,56.53944660744907,7.516862306639239,48.21671889982753,10.847870416567948,166.33824440899036,1960.8586807530337
2025-04-09 13:00:00,44.571954559991845,NL,447.89080621398,12.204770691631776,4.042611813871596,764.5837991443414,13,2,4,0,39.19794090612799,53.45806582033168,56.133906226633414,32.83099373056434,49.195785287786514,5.958168742082053,55.57595063522894,8.276208603583788,48.70592560105367,10.378436551035916,148.956427635314,3090.9154991157416
2025-04-09 14:00:00,43.94719834937669,NL,242.89488296202418,17.215018827257104,2.334698659239258,686.3552494396406,14,2,4,0,44.571954559991845,51.46417874449014,56.442703710822485,42.88777927138658,47.606394498087695,5.856700320176676,54.534658521775135,8.918403164221447,48.750068062636586,10.354840568515653,296.35687322281655,1602.4326806285553
2025-04-09 15:00:00,36.919381801177764,NL,-268.6467038640478,15.886409432783932,3.3114056129289526,551.2591676963868,15,2,4,0,43.94719834937669,39.19794090612799,63.542691843672706,36.544689322531326,44.92645336358268,6.53519585067807,52.316049351567216,9.746811389133551,48.765680249246856,10.335903340854998,252.37800466604628,1825.4427020883581
2025-04-09 16:00:00,42.81538492332534,NL,-140.8797806559701,16.50790132722877,1.3690645008715405,445.1200415202285,16,2,4,0,36.919381801177764,44.571954559991845,64.23690466589973,31.354966291031,43.15267321408163,5.026616093721736,50.53092270635269,9.317234091569377,49.24319769225912,9.744365496050323,272.51080622952134,609.398047471811
2025-04-09 17:00:00,29.134484055357273,NL,-31.780424288857276,16.195038588419056,2.0089906217904896,424.2357999053937,17,2,4,0,42.81538492332534,43.94719834937669,68.18426967041435,36.16733938140656,39.431057432559484,5.84226506972134,47.27677390509793,9.409919703801446,48.95016205367374,10.247444159585765,262.2792748803823,852.2857434377227
2025-04-09 18:00:00,27.37417218368742,NL,-261.9389485682215,17.147252542016687,1.9902049268860034,339.32716103247816,18,2,4,0,29.134484055357273,36.919381801177764,59.85247230548176,44.950909989266485,37.460429312152726,7.6508064042998365,44.570248894948406,10.108837315612835,48.21779797844127,11.135312654392227,294.02826973969775,675.3305877130783
2025-04-09 19:00:00,26.279370379274475,NL,117.02283285470672,18.13577909347101,0.9087670955662062,284.22329358228376,19,2,4,0,27.37417218368742,42.81538492332534,59.477653699737274,36.08230289908834,34.41166528203316,7.891092548210491,41.80372528490984,10.200517789225113,47.80934245678236,11.7619682335858,328.90648332718024,258.29277700103313
2025-04-09 20:00:00,45.10285989096481,NL,353.1374645765202,14.08664149778486,2.0483754624151196,148.23416437161703,20,2,4,0,26.279370379274475,29.134484055357273,53.48354308756957,38.86374126502057,34.604275538964515,8.179234280093851,41.105335018526105,9.59720296623716,48.06930573286338,11.623792971877231,198.4334686871145,303.63922499042985
2025-04-09 21:00:00,44.05133337318188,NL,370.1989797461895,13.571893178194705,-0.6953128090808094,128.0876053528015,21,2,4,0,45.10285989096481,27.37417218368742,52.99902860820785,38.482700593710376,35.792934134298534,9.054381218210903,40.35969374894061,8.912282335947975,48.301332098674685,11.478785696237189,184.19628444032796,-89.06095268629052
2025-04-09 22:00:00,44.15051329034029,NL,187.31142581395818,13.14337031543374,1.4196162943624746,0.0,22,2,4,0,44.05133337318188,26.279370379274475,53.45806582033168,40.17921479756861,36.01545552880103,9.275196125824877,39.58406437144133,8.030058821771046,48.46680286920684,11.384851410858072,172.74818324862483,0.0
2025-04-09 23:00:00,49.7206074703357,NL,648.7357048187296,9.79475410553828,1.8321728019073422,0.0,23,2,4,0,44.15051329034029,45.10285989096481,51.46417874449014,52.47244342145783,39.446476097964094,9.999983243072638,39.438766765261796,7.808266850174169,48.35214303791008,11.356577681422749,95.93720798795898,0.0
2025-04-10 00:00:00,46.563787236492004,NL,509.7334914404223,9.542792931554171,1.8895642836559237,0.0,0,3,4,0,49.7206074703357,44.05133337318188,39.19794090612799,47.91081334343955,42.644745273431525,8.289033309622416,40.052587292792126,8.072658428748175,48.296016950120595,11.362180868152537,91.06489693452025,0.0
2025-04-10 01:00:00,68.00483493862059,NL,541.9923283276524,8.971765079107508,1.9189288969051264,0.0,1,3,4,0,46.563787236492004,44.15051329034029,44.571954559991845,56.133906226633414,49.59898936665588,9.259373121236626,42.00532732434452,11.409689261833519,48.790638979786735,11.960830855235013,80.49256863469294,0.0
2025-04-10 02:00:00,59.477096854524206,NL,607.3194672918121,10.549638251410297,2.2783953889264263,0.0,2,3,4,0,68.00483493862059,49.7206074703357,43.94719834937669,56.442703710822485,51.99469552724912,9.711903337901093,43.29948553310681,12.480475010532416,48.91707202744097,12.060853958664032,111.29486723561931,0.0
2025-04-10 03:00:00,61.69476668796521,NL,773.0594532956482,8.412944737649315,3.3608068248188117,0.0,3,3,4,0,59.477096854524206,46.563787236492004,36.919381801177764,63.542691843672706,54.93526774637967,9.494397512011236,45.36410094033911,13.34818280159414,48.840075145953165,11.968972569024734,70.77763915874131,0.0
2025-04-10 04:00:00,66.19742725895846,NL,835.3773381839735,7.634495235822097,4.150957936911729,0.0,4,3,4,0,61.69476668796521,68.00483493862059,42.81538492332534,64.23690466589973,58.60975340781604,8.720460532948067,47.31260446830853,14.591047583218138,48.92176358733062,12.08475532897825,58.2855175057903,0.0
2025-04-10 05:00:00,65.40161610780842,NL,997.0461576196318,8.624785285484059,1.1023933349501498,0.0,5,3,4,0,66.19742725895846,59.477096854524206,29.134484055357273,68.18426967041435,61.22325484739482,7.82767276172384,50.33486547267946,14.23518338719185,48.8058196888887,11.903906790379455,74.38692122070233,0.0
2025-04-10 06:00:00,63.52197442115115,NL,1012.114796209973,6.662202631495482,-0.004477922131604917,352.5598950940543,6,3,4,0,65.40161610780842,61.69476668796521,27.37417218368742,59.85247230548176,64.04961937817134,3.1246249887574877,53.347182325801434,12.673747666162953,48.958715610374924,12.074307167571192,44.38494390310533,-1.5787357569579734
2025-04-10 07:00:00,56.874656098977574,NL,963.5721171752172,8.069164518315041,0.3178349641604781,415.49745614530565,7,3,4,0,63.52197442115115,66.19742725895846,26.279370379274475,59.477653699737274,62.194589571564165,3.577875375962432,55.896789469110026,9.383899885086825,48.85025737700993,11.987087783251779,65.11141602363442,132.05961908271303
2025-04-10 08:00:00,60.734703452161085,NL,1000.4003358414893,7.746471947521352,1.4275179462568297,456.37672260579484,8,3,4,0,56.874656098977574,65.40161610780842,45.10285989096481,53.48354308756957,62.40419067117031,3.4202007578010822,57.199443099209724,8.8171679940895,49.152389058867904,12.198464279320888,60.007827633735246,651.4859617736471
2025-04-10 09:00:00,64.63061739096358,NL,1071.682645550542,9.416415925047048,1.698081153013666,613.636098596175,9,3,4,0,60.734703452161085,63.52197442115115,44.05133337318188,52.99902860820785,62.89349912167004,3.507307317889198,58.91438343402485,7.989904331882636,49.637038591482735,12.582942007906485,88.66888887347964,1042.0038938350003
2025-04-10 10:00:00,58.29866358588231,NL,919.9108270882648,8.857477694382775,0.8619316562517694,650.0586927317844,10,3,4,0,64.63061739096358,56.874656098977574,44.15051329034029,53.45806582033168,61.577038509490684,3.501547781043388,60.09339595865336,6.522344018637729,49.838730165047345,12.685231177975092,78.4549111064884,560.306165687167
2025-04-10 11:00:00,55.64516879446037,NL,312.4299288612799,6.33092268831355,0.178332195068029,713.0860626730023,11,3,4,0,58.29866358588231,60.734703452161085,49.7206074703357,51.46417874449014,59.95096395726602,3.633157253101861,60.58710940233041,5.855980895859091,50.012938083796094,12.737127100463386,40.08058208540327,127.1662028288946
2025-04-10 12:00:00,41.25268914486019,NL,-30.784226980390883,12.245185981981342,1.8583238686194417,673.3199846780417,12,3,4,0,55.64516879446037,64.63061739096358,46.563787236492004,39.19794090612799,56.23941641121752,8.002737184694178,60.144517894694424,7.084125852234921,50.09855259374327,12.667989849536179,149.94457973331237,1251.2465987456817
2025-04-10 13:00:00,35.275900858170644,NL,537.4544596965943,16.616342403354167,3.1334187637957607,749.1151041418262,13,3,4,0,41.25268914486019,58.29866358588231,68.00483493862059,44.571954559991845,52.63962387108304,11.675045431400427,57.4171067213236,9.626816233682588,49.711217022834056,12.982530508713388,276.10283486550577,2347.291323560814
2025-04-10 14:00:00,36.540074454853695,NL,-43.37573968308405,16.746623871849458,3.960624455238947,609.2702022639613,14,3,4,0,35.275900858170644,55.64516879446037,59.477096854524206,43.94719834937669,48.60718570486514,12.471048566353343,55.50568818801772,11.31047851234661,49.40258686056227,13.211538578160392,280.4494111051981,2413.090462935025
2025-04-10 15:00:00,35.13083184650273,NL,81.49352902818974,17.73802584688799,1.6557194173511756,683.0893876161864,15,3,4,0,36.540074454853695,41.25268914486019,61.69476668796521,36.919381801177764,43.69055478078832,10.558953112661538,53.29202695122918,12.523514941408624,49.328063945784145,13.289827069771482,314.6375609448664,1131.0043628626436
2025-04-10 16:00:00,38.90236345288975,NL,-187.03530710409115,18.919998987876543,1.9445698792809498,437.618174508587,16,3,4,0,35.13083184650273,35.275900858170644,66.19742725895846,42.81538492332534,40.457838091956226,7.801085108707649,51.01743830072346,12.444972360205705,49.16502138451599,13.396772543183086,357.9663617012494,850.9791207753127
2025-04-10 17:00:00,24.541106902301042,NL,-363.35900066053813,16.94937877812588,0.9171689058731964,462.3251690137268,17,3,4,0,38.90236345288975,36.540074454853695,65.40161610780842,29.134484055357273,35.27382777659634,5.757224757892854,47.61239586693117,13.68014650682866,48.97363066980532,13.724187541001553,287.28144096438393,424.03026942196044
2025-04-10 18:00:00,41.24519729754758,NL,88.2925456409576,17.152738163868033,2.707687182818265,373.77153412633123,18,3,4,0,24.541106902301042,35.13083184650273,63.52197442115115,27.37417218368742,35.272579135377576,5.755669307815909,45.755997773297544,12.80867055125254,49.551590049549496,13.050573251807196,294.2164265182149,1012.0563922561868
2025-04-10 19:00:00,34.38293213090092,NL,148.86811891599518,15.171514348025154,1.0737082551861887,219.6354808170738,19,3,4,0,41.24519729754758,38.90236345288975,56.874656098977574,26.279370379274475,35.123751014165954,5.767099926400132,43.8816874426245,12.678715316160956,49.88923845586726,12.516176403530187,230.1748476123331,235.82442888507995
2025-04-10 20:00:00,35.48823298378179,NL,-68.31478203756319,15.109991791910673,3.916821150050218,196.2196968930506,20,3,4,0,34.38293213090092,24.541106902301042,60.734703452161085,45.10285989096481,34.948444102320636,5.731312026803479,41.77781490359288,11.683549491640997,49.4886290014013,12.82606937482318,228.3118519516079,768.5574588471437
2025-04-10 21:00:00,35.718983215110754,NL,-391.76184902225583,16.04090403064561,-0.8011674603004044,166.48856007271638,21,3,4,0,35.48823298378179,41.24519729754758,64.63061739096358,44.05133337318188,35.04646933042198,5.740078384585993,39.368512055605144,9.27538577145587,49.141447744815004,13.089709540258902,257.31060212038255,-133.3852168425295
2025-04-10 22:00:00,36.15415328556372,NL,120.75111034950322,16.079826822082815,2.051306178662893,0.0,22,3,4,0,35.718983215110754,34.38293213090092,58.29866358588231,44.15051329034029,34.5884343025343,5.474354154530399,37.52313619724527,7.118970264801849,48.80826607794932,13.321978496812214,258.5608306281739,0.0
2025-04-10 23:00:00,52.43661725854618,NL,428.9512785292485,12.128838975880821,3.372780201951302,0.0,23,3,4,0,36.15415328556372,35.48823298378179,55.64516879446037,49.7206074703357,39.23768602857516,6.895772100604158,37.25575690258575,6.4004478934692495,48.921433152458086,13.341587085680834,147.10873490284573,0.0
2025-04-11 00:00:00,52.55782230892591,NL,184.21768624517426,10.202165696052454,3.1382345562128267,0.0,0,4,4,0,52.43661725854618,35.718983215110754,41.25268914486019,46.563787236492004,41.12312353047154,8.829779679109494,38.19785133292456,7.735104753181725,49.171184613809494,13.351633298563303,104.08418488970945,0.0
2025-04-11 01:00:00,49.326270541831185,NL,646.0815065070915,9.846498318668132,8.156632851528812,0.0,1,4,4,0,52.55782230892591,36.15415328556372,35.275900858170644,68.00483493862059,43.61367993229325,8.654123405074337,39.36871547322961,8.295689715756888,48.3929110972766,12.736290506803508,96.95352913953435,0.0
2025-04-11 02:00:00,52.35559708432999,NL,726.9380301654008,9.924508962601182,3.470165572703633,0.0,2,4,4,0,49.326270541831185,52.43661725854618,36.540074454853695,59.477096854524206,46.42490728238462,8.215223571490517,40.68667569235263,9.029329990047438,48.096181940185176,12.548396320198476,98.49587814875119,0.0
2025-04-11 03:00:00,59.468869218490106,NL,949.4116905134914,4.921348022136492,0.7624563298837974,0.0,3,4,4,0,52.35559708432999,52.55782230892591,35.13083184650273,61.69476668796521,50.38322161628118,7.732633578653741,42.71484547335157,10.310447136269982,48.003436212290374,12.451369439453257,24.21966635498676,0.0
2025-04-11 04:00:00,70.91370176591195,NL,936.9287755750499,2.576189081570643,2.579637029389672,0.0,4,4,4,0,59.468869218490106,49.326270541831185,38.90236345288975,66.19742725895846,56.17647969633922,7.957779901829753,45.38245699943676,13.01958379327394,48.199947650080105,12.78377704401527,6.636750184003793,0.0
2025-04-11 05:00:00,61.69861319230684,NL,768.3491249682231,5.743151236923057,-0.7819271433650856,0.0,5,4,4,0,70.91370176591195,52.35559708432999,24.541106902301042,65.40161610780842,57.720145685299336,7.985502664337005,48.47891585693724,11.99016101649156,48.0456558619342,12.587984622172296,32.98378613017084,-0.0
2025-04-11 06:00:00,54.88683953416496,NL,1219.3143003328983,4.41675693122407,2.609366024974296,453.3953169081777,6,4,4,0,61.69861319230684,59.468869218490106,41.24519729754758,63.52197442115115,58.108315222839174,7.737121578148144,49.61571937665536,11.88823141507726,47.68585857497646,12.245136864843168,19.507741789515862,1183.0743358226528
2025-04-11 07:00:00,59.59831305577441,NL,931.2569985391402,6.193189997920751,1.1044534095663006,349.0025534255809,7,4,4,0,54.88683953416496,70.91370176591195,34.38293213090092,56.874656098977574,59.82032230849637,6.431566321979687,51.71700112039482,11.15698011296404,47.799344281509654,12.346203681570447,38.35560235034563,385.4570600782278
2025-04-11 08:00:00,57.01374381774276,NL,907.551793990233,7.578590390509512,4.601346074688141,472.43450441803265,8,4,4,0,59.59831305577441,61.69861319230684,35.48823298378179,60.734703452161085,60.59668009739851,5.574290958036505,53.510793689891564,9.978752537417638,47.64430429674223,12.199190791751011,57.435032307123116,2173.834652451152
2025-04-11 09:00:00,41.73606169388055,NL,646.8997987786346,7.900429982959873,1.6714849743767481,672.358957574273,9,4,4,0,57.01374381774276,54.88683953416496,35.718983215110754,64.63061739096358,57.64121217663024,9.564578650673868,54.01221689645572,9.117461843056985,46.69036447603043,11.698008669546185,62.41679391565135,1123.8378949730106
2025-04-11 10:00:00,51.300089022518364,NL,641.3435497616979,12.84916565330554,2.537033691977325,745.9940085014402,10,4,4,0,41.73606169388055,59.59831305577441,36.15415328556372,58.29866358588231,54.37227671939797,7.174134827856971,55.2743782078686,7.284715022922964,46.39875720255693,11.481278663220419,165.1010579860868,1892.6119335813728
2025-04-11 11:00:00,46.52456301021999,NL,432.44897974588037,11.783949769318701,1.965528560313773,682.9024779866596,11,4,4,0,51.300089022518364,57.01374381774276,52.43661725854618,55.64516879446037,51.84326835571684,6.736128816566413,54.781707020508094,7.683107104778255,46.018731961546926,11.311610259876726,138.86147216582626,1342.2643243918271
2025-04-11 12:00:00,47.289799351083204,NL,445.41078801531546,13.03659626082326,6.7143469468292425,638.0473648736679,12,4,4,0,46.52456301021999,41.73606169388055,52.55782230892591,41.25268914486019,50.57709499186988,6.763560330193971,54.342705107354526,7.9669877265112135,46.270278220139545,11.268057872731445,169.95284206771098,4284.071376271956
2025-04-11 13:00:00,49.46870543419027,NL,692.9321734772083,14.937163654488744,2.5941587108867568,792.8662142916318,13,4,4,0,47.289799351083204,51.300089022518364,49.326270541831185,35.275900858170644,48.88882705493919,5.127833889562224,54.354574681717786,7.958936624954507,46.861645077473696,11.036009041476161,223.11885804097952,2056.8207963724426
2025-04-11 14:00:00,42.80183420309072,NL,-44.3802285862711,12.538430067052388,6.901758330080984,732.8310109120134,14,4,4,0,49.46870543419027,46.52456301021999,52.35559708432999,36.540074454853695,46.52017545249718,3.7107290143090568,53.55842777494784,8.626887654126921,47.12255173365023,10.853899133855347,157.21222854636338,5057.822534103657
2025-04-11 15:00:00,33.50776383228511,NL,-196.2656701686218,17.80735768779384,4.864947767359113,631.4347228034035,15,4,4,0,42.80183420309072,47.289799351083204,59.468869218490106,35.13083184650273,45.14879247556461,6.387464492114187,51.39500232609743,10.133589451905396,47.05492389972451,10.936606354160897,317.1019878210304,3071.896944935438
2025-04-11 16:00:00,27.898776316826655,NL,341.22136360650245,16.21811220644084,4.200777697793352,484.3798825531291,16,4,4,0,33.50776383228511,49.46870543419027,70.91370176591195,38.90236345288975,41.24857369128265,8.63079233983367,47.810425205340316,10.2091254999833,46.596441102388546,11.508907777896038,263.0271635407053,2034.772207888948
2025-04-11 17:00:00,45.87022906712444,NL,-44.82764857490741,18.03492806593308,3.9741105377576194,438.1351987439804,17,4,4,0,27.898776316826655,42.80183420309072,61.69861319230684,24.541106902301042,41.139518034100064,8.554591262801315,46.491393194908454,9.226902998482213,47.485154525922844,10.512101059142134,325.25863034338073,1741.1977102909814
2025-04-11 18:00:00,33.89353787031695,NL,-153.8145477319833,14.536295518224183,4.024238839555083,341.9819959477585,18,4,4,0,45.87022906712444,33.50776383228511,54.88683953416496,41.24519729754758,38.90680778730569,8.374645739934861,44.74195138958779,9.477192758305971,47.17883538312157,10.804872497230269,211.30388739314446,1376.2172305215386
2025-04-11 19:00:00,35.2426180833606,NL,205.01802433468112,13.22120384210938,-0.61870091556864,275.95589944489683,19,4,4,0,33.89353787031695,27.898776316826655,59.59831305577441,34.38293213090092,36.53579322883408,6.615373011574938,42.71231014188663,8.570995150308747,47.21465563114072,10.761946954724834,174.80023103460783,-170.73416764312523
2025-04-11 20:00:00,37.502012897968875,NL,-74.13580983959211,17.299820055262483,2.678877454821067,247.55007190656676,20,4,4,0,35.2426180833606,45.87022906712444,57.01374381774276,35.48823298378179,35.652489677980434,5.929667113618202,41.08633256523881,7.379160409008742,47.29856312756519,10.674035994395467,299.28377394446204,663.1563065698357
2025-04-11 21:00:00,41.76992889525087,NL,491.6485521161134,15.484084018546014,4.9269601854912235,146.48347864157859,21,4,4,0,37.502012897968875,33.89353787031695,41.73606169388055,35.718983215110754,37.02951718847473,6.280935367084784,41.08915483201967,7.379437969361683,47.55068586423769,10.457906445163902,239.75685789339207,721.7182670993117
2025-04-11 22:00:00,43.70663458527286,NL,365.5851742678536,11.789858074277813,3.138849876174369,0.0,22,4,4,0,41.76992889525087,35.2426180833606,51.300089022518364,36.15415328556372,39.66416023321577,4.833552512463446,40.45636696224921,6.72039047525363,47.86537258505891,10.210775799439572,139.00075341161374,0.0
2025-04-11 23:00:00,45.45245430433542,NL,253.00819581959865,10.590308599941084,0.4262645495154298,0.0,23,4,4,0,43.70663458527286,37.502012897968875,46.52456301021999,52.43661725854618,39.59453110608426,4.7281310904877465,40.36702457009216,6.639018480546287,47.57436579530012,10.174290133835825,112.15463624198608,0.0
2025-04-12 00:00:00,44.45693776678193,NL,911.4616426531006,13.275317029832468,3.131835341967641,0.0,0,5,4,1,45.45245430433542,41.76992889525087,47.289799351083204,52.55782230892591,41.35509775549509,4.106585519426348,40.130952771400395,6.417136509476843,47.23682893937746,10.136076990294386,176.23404224255995,0.0
2025-04-12 01:00:00,50.61230868945646,NL,488.2665379505927,7.388521850467934,6.644855275633562,0.0,1,5,4,1,44.45693776678193,43.70663458527286,49.46870543419027,49.326270541831185,43.916712856511076,4.319317958217227,40.226253042672575,6.574968110416562,47.29041386219518,10.150991578040392,54.59025513484211,0.0
2025-04-12 02:00:00,51.11386708897925,NL,878.4190744018614,11.92934460650253,5.730427674192018,0.0,2,5,4,1,50.61230868945646,45.45245430433542,42.80183420309072,52.35559708432999,46.185355221679465,3.8223752438106287,40.91892244982995,7.27187166477814,47.2386751123889,10.12718888491538,142.309262740691,0.0
2025-04-12 03:00:00,52.58356380155493,NL,893.4119066745722,5.929719420355491,3.1126362243905166,0.0,3,5,4,1,51.11386708897925,44.45693776678193,33.50776383228511,59.468869218490106,47.98762770606348,3.8731054533061493,42.5085724472691,7.582851664576641,46.95178738668327,9.859653922760927,35.16157240414106,0.0
2025-04-12 04:00:00,58.100745277924474,NL,1173.360959771979,8.367238074309538,5.139542797238753,0.0,4,5,4,1,52.58356380155493,50.61230868945646,27.898776316826655,70.91370176591195,50.38664615483875,4.988411311806437,45.025403194027255,7.29976649409052,46.417914199683786,8.795204383492178,70.01067299217519,0.0
2025-04-12 05:00:00,56.72168386202058,NL,1275.2651524899047,6.1088912196559075,2.5036302023864763,0.0,5,5,4,1,58.100745277924474,51.11386708897925,45.87022906712444,61.69861319230684,52.264851081119595,4.879380455385715,45.929691093601924,8.047749041561685,46.21054214425519,8.471987331344446,37.31855193358904,0.0
2025-04-12 06:00:00,64.92251924266894,NL,986.4008298131533,7.986459880464725,-0.1710989305308579,271.60702873172727,6,5,4,1,56.72168386202058,52.58356380155493,33.89353787031695,54.88683953416496,55.67578132710077,5.449553197244607,48.51543954129793,8.780424028195187,46.62869546544286,9.140161240632551,63.783541422272634,-46.47167214066253
2025-04-12 07:00:00,42.572179334239074,NL,812.2793390752976,6.04314562423464,1.3877122668634712,457.92216466612825,7,5,4,1,64.92251924266894,58.100745277924474,35.2426180833606,59.59831305577441,54.335759767897876,7.533655601477669,49.12623631220447,7.992792135613136,45.91927322704556,8.741814102339484,36.519609035706274,635.4642051758606
2025-04-12 08:00:00,58.83489592609342,NL,1005.0071304800426,7.47046845124752,6.362421780138975,650.5778275792211,8,5,4,1,42.572179334239074,56.72168386202058,37.502012897968875,57.01374381774276,55.622597907416896,7.532672207921541,50.90397656454818,7.531407957293192,45.995154564893504,8.849544468636747,55.80789888108451,4139.250539865535
2025-04-12 09:00:00,56.450920871076555,NL,698.0103166428526,8.810668387044993,2.6886580794639716,505.48348619000393,9,5,4,1,58.83489592609342,64.92251924266894,41.76992889525087,41.73606169388055,56.26715741900384,7.384624591834558,52.12739256253366,7.092377264462966,46.608273697276665,9.049125043528308,77.62787742647402,1359.072259180369
2025-04-12 10:00:00,36.20461219306667,NL,1132.6774495053246,7.861758908048755,2.7498762843725437,651.4948607720801,10,5,4,1,56.450920871076555,42.572179334239074,43.70663458527286,51.300089022518364,52.617801904860876,10.880260146764844,51.502224029849806,8.153391426705193,45.97929549604951,9.231612956748162,61.80725312828396,1791.5302670277351
2025-04-12 11:00:00,40.96579769086164,NL,636.716588767808,12.534703615722593,3.1801136782228383,720.1011859549125,11,5,4,1,36.20461219306667,58.83489592609342,45.45245430433542,46.52456301021999,49.99182087633438,11.571110588167972,51.128335978726994,8.549294326517517,45.74768027440957,9.286905081730708,157.11879473400904,2290.0036311597046
2025-04-12 12:00:00,36.95156319703716,NL,406.9356897375783,11.33181509342671,7.588063249918614,706.153910082809,12,5,4,1,40.96579769086164,56.450920871076555,44.45693776678193,47.289799351083204,45.32999486872908,9.860829960028285,50.502888097914926,9.321401962822584,45.31692043465767,9.45058586952224,128.4100333116134,5358.3405338856965
2025-04-12 13:00:00,28.186366485874437,NL,387.5265386217213,13.158144220490183,7.031707901496726,682.4176365753868,13,5,4,1,36.95156319703716,36.20461219306667,50.61230868945646,49.46870543419027,42.93235939400165,12.148961683140437,48.63405958094976,11.329281465471306,44.430156311811174,10.025095317027327,173.1367593272192,4798.561487227869
2025-04-12 14:00:00,28.27992561739756,NL,-39.42525790593916,12.749992238165182,8.217350537668867,588.1480731522624,14,5,4,1,28.186366485874437,40.96579769086164,51.11386708897925,42.80183420309072,37.83986434255234,10.432530490931827,46.73123112498462,12.708519169503322,43.82507678740728,10.552044804328276,162.5623020732724,4833.018885146652
2025-04-12 15:00:00,24.299328057730115,NL,-67.87619829540387,10.52706148013096,3.461699649972497,609.1267105623,15,5,4,1,28.27992561739756,36.95156319703716,52.58356380155493,33.50776383228511,32.48126554032793,6.463368676697426,44.37421147966589,14.0739767348316,43.44139196346749,11.096855644516209,110.81902340645705,2108.613720742412
2025-04-12 16:00:00,37.192758077653124,NL,287.07007969666586,15.910179939079702,4.371039048266789,487.1618011492038,16,5,4,1,24.299328057730115,28.186366485874437,58.100745277924474,27.898776316826655,32.64595652109234,6.588592963182755,42.63187921297661,13.502767105564887,43.828641203501924,10.685419070572365,253.1338256938942,2129.4032556471507
2025-04-12 17:00:00,32.68182201661244,NL,-134.34176893881335,21.44179235944477,0.7465049719310173,331.0905805369546,17,5,4,1,37.192758077653124,28.27992561739756,56.72168386202058,45.87022906712444,31.26529390871747,5.222871622409035,40.62855739252593,12.996130116117241,43.27912424306393,10.912566350296197,459.75045958554404,247.16076453036348
2025-04-12 18:00:00,34.9552211752153,NL,-229.3821965363879,18.171813244868822,6.733658923009148,409.7296110256866,18,5,4,1,32.68182201661244,24.299328057730115,64.92251924266894,33.89353787031695,30.93257023841383,4.837553399992651,38.13128255357146,10.5530993291014,43.323361047434695,10.874952404268004,330.21479660638994,2758.979451304182
2025-04-12 19:00:00,33.781331944012045,NL,104.36763736092306,16.212795299440998,1.4442309682367296,307.33262520622003,19,5,4,1,34.9552211752153,37.192758077653124,42.572179334239074,35.2426180833606,31.865064481436765,4.7405938365166564,37.398711937719206,10.52187137499454,43.26247412496184,10.926132424904079,262.8547314215761,443.8592948723151
2025-04-12 20:00:00,26.97737947743275,NL,284.1281290403801,15.060853765564168,4.213341198297858,177.58304884255395,20,5,4,1,33.781331944012045,32.68182201661244,58.83489592609342,37.502012897968875,31.647973458109295,4.962249944603027,34.74391890033082,8.43330315399617,42.8239477324395,11.369590580436371,226.8293161477084,748.2179758076733
2025-04-12 21:00:00,33.156903760012725,NL,270.2372715397395,14.698791436743353,1.5851850155069114,113.96636099499355,21,5,4,1,26.97737947743275,34.9552211752153,56.450920871076555,41.76992889525087,33.1242360751564,3.4151953417662058,32.802750807742164,4.939945736660423,42.46507168513791,11.538978072969881,216.0544697008797,180.6577677211151
2025-04-12 22:00:00,41.87530945103216,NL,429.20953716116304,14.610794098111533,2.6020564172952074,0.0,22,5,4,1,33.156903760012725,33.781331944012045,36.20461219306667,43.70663458527286,33.9046613040529,4.789401399546312,33.275308912572626,5.530844323135218,42.38876647121122,11.53646571166306,213.4753041774108,0.0
2025-04-12 23:00:00,37.21012529427688,NL,199.23145973484705,9.890603816641063,2.105265208673199,0.0,23,5,4,1,41.87530945103216,26.97737947743275,40.96579769086164,45.45245430433542,34.65937851699697,4.913349095445107,32.962336212857224,5.149195590962466,42.04533609579211,11.563947762862778,97.82404385775476,0.0
2025-04-13 00:00:00,50.756224623845824,NL,195.63786665163127,13.175685535108954,2.564039549420964,0.0,0,6,4,1,37.21012529427688,33.156903760012725,36.95156319703716,44.45693776678193,37.292879091768725,8.223308053499778,34.11272466509128,7.239312984310456,42.307806381503106,11.691845544686533,173.59868932007933,0.0
2025-04-13 01:00:00,49.57444804974578,NL,909.6762529423577,11.120702951853357,2.7015446644746426,0.0,1,6,4,1,50.756224623845824,41.87530945103216,28.186366485874437,50.61230868945646,39.92506510939102,9.327910055571959,35.895064795413894,8.214767799552266,42.26456218818183,11.661674953610333,123.67003414335996,0.0
2025-04-13 02:00:00,51.95688690690008,NL,665.4640322315729,10.002964836174755,2.6832524809224454,0.0,2,6,4,1,49.57444804974578,37.21012529427688,28.27992561739756,51.11386708897925,44.088316347635576,7.850805529762289,37.86814490287244,9.02311049734995,42.299688013928524,11.69072205919462,100.05930551374864,0.0
2025-04-13 03:00:00,59.702592555958205,NL,783.3867873022643,8.530507052038963,5.446457894333214,0.0,3,6,4,1,51.95688690690008,50.756224623845824,24.299328057730115,52.58356380155493,48.512597813626485,7.937757601965673,40.81841694439144,9.925920180984184,42.596314212028666,12.047857263850943,72.76955056488649,0.0
2025-04-13 04:00:00,59.78991069689519,NL,1178.651530262031,7.052282223249032,1.5700644846475593,0.0,4,6,4,1,59.702592555958205,49.57444804974578,37.192758077653124,58.100745277924474,51.498364687937,8.302714554052177,42.70151299599494,11.232996726125132,42.66669610448577,12.14689686209276,49.7346845563543,0.0
2025-04-13 05:00:00,56.19173912002946,NL,1074.208915024666,8.034445327855796,4.220872924800333,0.0,5,6,4,1,59.78991069689519,51.95688690690008,32.68182201661244,56.72168386202058,54.66196699222909,4.527671502688671,44.66067275461304,11.375870316269202,42.64461507356948,12.120689791826775,64.55231172630383,0.0
2025-04-13 06:00:00,63.199203316576735,NL,1071.1775544163215,7.886307970551075,6.215708375383716,364.3477927150855,6,6,4,1,56.19173912002946,59.702592555958205,34.9552211752153,64.92251924266894,56.73579677435091,5.183126604658245,47.014337933059814,12.084998693904316,42.57281024331564,11.98734500275622,62.19385340637741,2264.6796267317272
2025-04-13 07:00:00,50.42171173820465,NL,1395.963382124751,6.345886891349258,2.7533973417458073,398.9889199111597,7,6,4,1,63.199203316576735,59.78991069689519,33.781331944012045,42.572179334239074,56.87700738909405,4.955544746272935,48.40103624924254,11.361584756013759,42.89987409348087,12.093936822506288,40.27028043779835,1098.575031469418
2025-04-13 08:00:00,56.457039701202426,NL,784.3090558161908,6.571445402366585,2.3439522892773956,493.0858636735752,8,6,4,1,50.42171173820465,56.19173912002946,26.97737947743275,58.83489592609342,57.62703285481111,4.3676235361072635,50.857674601223344,9.310048081515976,42.80079675077709,11.966787930821825,43.18389467628493,1155.7697389679984
2025-04-13 09:00:00,53.186001198430326,NL,1019.1214162095212,8.855137311545807,3.318740820412098,556.7185919994855,9,6,4,1,56.457039701202426,63.199203316576735,33.156903760012725,56.450920871076555,56.54093429522313,4.554510519889181,52.526766054424805,7.459712211740795,42.664758431083484,11.822555334214233,78.4134568063307,1847.6047167510405
2025-04-13 10:00:00,45.02383115853747,NL,741.4026249794169,12.886768807370357,6.139240487494019,599.7971447295923,10,6,4,1,53.186001198430326,50.42171173820465,41.87530945103216,36.20461219306667,54.07992103883018,6.15574739398047,52.78914286338358,7.097597380300649,43.03222588797811,11.749867150506399,166.06881029461363,3682.298915207223
2025-04-13 11:00:00,44.30990077247397,NL,663.127978323912,8.498150486272309,4.7644801894534385,794.3126093520219,11,6,4,1,45.02383115853747,56.457039701202426,37.21012529427688,40.96579769086164,52.09961464757094,7.1684024701441444,53.38079081990001,5.870774803021203,43.17156351637862,11.744123532326896,72.21856168733028,3784.4866914907766
2025-04-13 12:00:00,32.5531996450896,NL,785.6936852825064,9.346501407562771,3.3138363383315257,766.5669530994202,12,6,4,1,44.30990077247397,53.186001198430326,50.756224623845824,36.95156319703716,46.99194736898974,8.476577735452116,51.86387207167033,8.412186296884874,42.9882983683808,11.878949675539397,87.35708856157287,2540.277424944937
2025-04-13 13:00:00,39.84406005549805,NL,452.15762870666435,13.868175446341024,5.344018229922803,784.0924143083869,13,6,4,1,32.5531996450896,45.02383115853747,49.57444804974578,28.186366485874437,45.22900542187198,8.71714487765813,51.05300640548302,9.094244144898417,43.47403560044845,11.478985933414194,192.32629021049604,4190.2041560082025
2025-04-13 14:00:00,31.24449837313699,NL,337.65921580992676,14.763776103792011,2.1716806278738763,591.9641403467754,14,6,4,1,39.84406005549805,44.30990077247397,51.95688690690008,28.27992561739756,41.02691520052773,8.288490626631637,49.32697402766942,10.726211648076927,43.59755946527093,11.323269850567621,217.96908484290003,1285.5570559871046
2025-04-13 15:00:00,27.23859218246406,NL,340.9480768686869,15.921721839160167,5.738983948432619,601.0500609108365,15,6,4,1,31.24449837313699,32.5531996450896,59.702592555958205,24.299328057730115,36.70234703120002,7.3967360988195265,46.621640663211586,11.90105033123926,43.72002880380151,11.119532809762058,253.5012263235898,3449.416651771738
2025-04-13 16:00:00,33.67645198971945,NL,-26.003247800796302,16.70345157279481,5.193479542950258,460.3246187397953,16,6,4,1,27.23859218246406,39.84406005549805,59.78991069689519,37.192758077653124,34.81111716973035,6.19688574955096,44.445519104280265,11.659305696212005,43.573516050137606,11.231874705633007,279.00529444470135,2390.686490541504
2025-04-13 17:00:00,24.481711598161343,NL,-170.80484661233547,16.093466719647093,3.760647985268955,405.801921926029,17,6,4,1,33.67645198971945,31.24449837313699,56.19173912002946,32.68182201661244,31.506418974011584,5.346971357814175,41.803016810791256,12.329268973112065,43.23184478270215,11.692865666652349,258.9996710563886,1526.0781801093908
2025-04-13 18:00:00,21.55513921842671,NL,-228.9618388042067,19.505641258974705,2.6990933306522606,304.09365082917134,18,6,4,1,24.481711598161343,27.23859218246406,63.199203316576735,34.9552211752153,29.6734089029011,6.644142939194506,38.33267813594542,11.598512252997361,42.67350803450262,12.403587805037981,380.4700409238163,820.7771448467137
2025-04-13 19:00:00,22.38982575617635,NL,-396.2342310197345,12.972817814654524,2.6029030829798083,321.392534536196,19,6,4,1,21.55513921842671,33.67645198971945,50.42171173820465,33.781331944012045,26.764369853014156,4.889919557765095,35.99668763744306,11.764074512799404,42.1988619433428,12.963958093443592,168.2940020522178,836.5536189909592
2025-04-13 20:00:00,35.65268809024709,NL,458.2287240958451,13.852951087117981,5.445899600238543,155.188516094912,20,6,4,1,22.38982575617635,24.481711598161343,56.457039701202426,26.97737947743275,27.49906813919917,5.920279157374906,34.26299166986345,9.852327132524792,42.560333135543395,12.63793428157583,191.90425382208326,845.1410777628939
2025-04-13 21:00:00,29.37735832893018,NL,-94.19506373761047,14.370659843518935,6.834225932524847,155.93159326940923,21,6,4,1,35.65268809024709,21.55513921842671,53.186001198430326,33.156903760012725,27.85552916361019,5.9656729050040385,32.2789380974051,7.898810898841973,42.40285207591496,12.782921590147375,206.51586433812764,1065.6717384217134
2025-04-13 22:00:00,48.20240755481439,NL,185.74927528284536,10.153487958150547,3.1016494334891336,0.0,22,6,4,1,29.37735832893018,22.38982575617635,45.02383115853747,41.87530945103216,30.27652175779268,10.226351772943385,32.543819463761515,8.402304794923532,42.66648116357255,12.836699217084803,103.09331771630818,0.0
2025-04-13 23:00:00,32.91111729931799,NL,295.2278174709551,11.82383035109238,5.293038334649691,0.0,23,6,4,1,48.20240755481439,35.65268809024709,44.30990077247397,37.21012529427688,31.68142270798545,9.842866876292245,31.59392084099852,7.552558471677545,42.48735583044927,12.945680360108438,139.80296417141332,0.0
2025-04-14 00:00:00,60.67351431443407,NL,541.4813395618202,14.193292189925016,0.20221089034258544,0.0,0,0,4,0,32.91111729931799,29.37735832893018,32.5531996450896,50.756224623845824,38.20115189065334,13.909483731870631,33.937280396777226,11.306711871569428,42.90057623422377,13.372341446485645,201.44954318858646,0.0
2025-04-14 01:00:00,56.83116237654955,NL,772.5569650591196,9.655023010260562,3.2070294662323238,0.0,1,0,4,0,60.67351431443407,48.20240755481439,39.84406005549805,49.57444804974578,43.941374660715546,13.166221935772123,35.35287225686485,13.043465968579794,43.20293933117393,13.60973974314839,93.21946932866092,0.0
2025-04-14 02:00:00,58.34742538529611,NL,902.094697671949,8.951304908894022,4.314147061804919,0.0,2,0,4,0,56.83116237654955,32.91111729931799,31.24449837313699,51.95688690690008,47.72383087655705,13.562721869722262,37.61144950787811,14.529308099745743,43.469211767773764,13.848869990923392,80.1258595719902,0.0
2025-04-14 03:00:00,58.423197280896,NL,716.937902879486,5.056535756772117,2.5568980935830554,0.0,3,0,4,0,58.34742538529611,60.67351431443407,27.23859218246406,59.702592555958205,52.564804035218025,10.554718208966353,40.2101665994141,15.275058227661487,43.41590363131284,13.785985999212372,25.568553859514967,0.0
2025-04-14 04:00:00,64.56427471122535,NL,879.588359134937,5.703635804479866,2.503252177967531,0.0,4,0,4,0,58.423197280896,56.83116237654955,33.67645198971945,59.78991069689519,55.291781894619845,11.290250009025895,42.78415182620626,16.617432791529133,43.61483546524326,14.064176119677018,32.53146139014469,0.0
2025-04-14 05:00:00,62.80839643700062,NL,1019.4789032421942,5.861639807972051,3.0407058146089505,0.0,5,0,4,0,64.56427471122535,58.34742538529611,24.481711598161343,56.19173912002946,60.274661750900286,2.9657890285766584,45.97804222944287,16.462380313440804,43.89052952011706,14.382680182641039,34.358821238402626,0.0
2025-04-14 06:00:00,67.9190637098381,NL,930.2617747632905,5.99055922225362,4.960650384199469,338.6261870023297,6,0,4,0,62.80839643700062,58.423197280896,21.55513921842671,63.199203316576735,61.48225331680096,4.324526711960448,49.84170260372716,15.628951560520015,44.087190369836286,14.687219543600424,35.886799795327896,1679.8061246531079
2025-04-14 07:00:00,61.398166619514335,NL,1284.4320283485326,9.540565615936611,4.0016068907339735,399.38989143728224,7,0,4,0,67.9190637098381,64.56427471122535,22.38982575617635,50.42171173820465,62.24342069062842,3.698805899870742,53.09239767567198,13.280359703431463,44.544542656557525,15.05923845180969,91.02239227199192,1598.2013416649222
2025-04-14 08:00:00,59.12887047379049,NL,1011.2076922198696,8.757340782308406,-0.10019753910322127,489.0445274275406,8,0,4,0,61.398166619514335,62.80839643700062,35.65268809024709,56.457039701202426,62.37366153871082,3.544733924783963,55.04874620763393,12.159603129192467,44.65586893874869,15.160665395329064,76.691017577482,-49.00105816013736
2025-04-14 09:00:00,53.40243384751913,NL,980.5289478032373,6.351818519845538,0.13486462227659057,699.9779782045879,9,0,4,0,59.12887047379049,67.9190637098381,29.37735832893018,53.186001198430326,61.536867633148,4.969931733538824,57.050835834183005,9.155253162427503,44.66488696579406,15.16602341019892,40.34559850905276,94.4022656324933
2025-04-14 10:00:00,51.286835236502085,NL,862.5762537334825,10.20504777394176,3.162534571832372,653.1430322724277,10,0,4,0,53.40243384751913,61.398166619514335,48.20240755481439,45.02383115853747,59.32396105402746,6.164695361955667,57.307871474323655,8.924641460487782,44.92584546904259,15.226231789403188,104.1430000684337,2065.5874199129794
2025-04-14 11:00:00,49.21824450572368,NL,844.1042940483255,11.896856235805366,5.915373172107101,727.1805392777468,11,0,4,0,51.286835236502085,59.12887047379049,32.91111729931799,44.30990077247397,57.05893573214797,7.060021576349491,58.666798741524126,5.429060923198308,45.13035979126133,15.250543210048201,141.53518829542102,4301.5442533219575
2025-03-16 11:00:00,33.95732203863747,DK,404.26075992056747,14.635507308890908,5.090430413984448,665.5733963013831,11,6,3,1,33.44782242404014,46.24848016404843,38.53057569656677,39.16280642631955,43.28467809544083,8.805434583823127,43.1819880404986,7.949614429779175,36.04491341261177,9.82136397634332,214.19807418859918,3388.055059271485
2025-03-16 12:00:00,33.36338047556545,DK,457.3533528954157,13.390228661321597,4.765246231855954,762.8574608431286,12,6,3,1,33.95732203863747,44.55813593202802,31.624831249694893,32.11744602116019,41.45506887585524,9.6427156605219,43.326867142654486,7.732724836573285,36.09682734821199,9.8029771777767,179.29822360247837,3635.2036407259197
2025-03-16 13:00:00,23.468957072352033,DK,139.5138909780751,11.466221302405605,6.800841611994717,661.3072848503626,13,6,3,1,33.36338047556545,33.44782242404014,36.15148587797129,32.46236764996701,35.840683017778595,8.399829616168102,42.269989742186205,9.473369302566665,35.72210190747803,10.114875112099767,131.4742309557401,4497.44610112559
2025-03-16 14:00:00,28.047499147080295,DK,47.69643940161049,15.87053969912824,2.427486368685783,671.0315722350347,14,6,3,1,23.468957072352033,33.95732203863747,45.019553298443206,33.784158337392064,32.80718618161723,7.070849213183341,40.8556518962393,10.259837433760755,35.483074441215045,10.229791849226718,251.8740303416055,1628.919994558336
2025-03-16 15:00:00,20.849013835465232,DK,-214.885609962918,18.28763514631864,6.5480804046171635,560.9395596295182,15,6,3,1,28.047499147080295,33.36338047556545,45.08363711326863,22.68144041144258,28.85566583219011,5.678213281831737,38.83609995642235,11.643779193149985,35.406723333882645,10.335781532865777,334.43759924486875,3673.0773385846287
2025-03-16 16:00:00,20.97293711156862,DK,-197.6593511144001,15.31531303094703,9.672354319026983,562.896092496181,16,6,3,1,20.849013835465232,23.468957072352033,53.13983080244136,21.260721075789103,26.776518280111517,5.93839899347971,36.15552548218295,11.75362090997818,35.39473233537346,10.353058971599022,234.55881323589588,5444.530451418849
2025-03-16 17:00:00,18.994896989728154,DK,-333.2998342678009,16.591170558178856,2.897387063267657,474.86205272539246,17,6,3,1,20.97293711156862,28.047499147080295,47.4564495715188,29.899494128412094,24.282780771959963,5.440592610367355,33.7837294337004,12.131457742303274,34.940374121261634,10.832873589475632,275.2669404905809,1375.8591684032763
2025-03-16 18:00:00,31.858836622789195,DK,-275.1746505954666,16.874624433836924,6.003147407674069,442.43044166482065,18,6,3,1,18.994896989728154,20.849013835465232,44.34103579307904,26.43461934600905,24.03202346316392,4.951005870935629,32.74354616950958,11.670318436789193,35.166383174460805,10.703511292164904,284.7529497830461,2655.9751589562616
2025-03-16 19:00:00,24.105485500106198,DK,147.7654461770337,14.92416280805106,4.29977071686006,250.63513693915715,19,6,3,1,31.858836622789195,20.97293711156862,57.1552722208119,21.825599694121106,24.138111534456282,4.94334139034281,29.98939727611744,8.973796938245275,35.26137841637685,10.589471631036455,222.73063552121448,1077.673622427199
2025-03-16 20:00:00,21.33408368873939,DK,-202.8924796586079,17.125839666974176,6.47550948483935,208.4327402378953,20,6,3,1,24.105485500106198,18.994896989728154,46.24848016404843,29.335438551448718,23.01920895806613,4.631430088179768,27.913197569841685,7.655353211212457,34.927988630430626,10.905391809493118,293.29438429890615,1349.7081863615474
2025-03-16 21:00:00,33.892229651927536,DK,592.9230223742043,14.654606729209451,5.662030627284782,107.41600356165566,21,6,3,1,21.33408368873939,31.858836622789195,44.55813593202802,27.46241662734928,25.193078260809852,6.20337503259304,27.024372046499977,5.98379237075175,35.19589750645472,10.79240785736772,214.75749838779095,608.1927020266255
2025-03-16 22:00:00,27.32421839503746,DK,268.6635801761776,14.598264130880922,4.340761254364659,0.0,22,6,3,1,33.892229651927536,24.105485500106198,33.44782242404014,31.099787877041287,26.25162514138799,5.872279743624277,26.514071710749757,5.637276892476499,35.03858211137123,10.881857282346035,213.10931563496453,0.0
2025-03-16 23:00:00,38.36508231376038,DK,327.55770218771397,10.719888466960306,6.599479642195426,0.0,23,6,3,1,27.32421839503746,21.33408368873939,33.95732203863747,38.53057569656677,29.479989362060024,6.38686268662191,26.881385067009997,6.273995725762651,35.0316865537543,10.87960048666127,114.91600874406858,0.0
2025-03-17 00:00:00,36.39288185358501,DK,248.32844396375728,10.314768920430144,9.232431292026764,0.0,0,0,3,0,38.36508231376038,33.892229651927536,33.36338047556545,31.624831249694893,30.23566356719266,6.966534033111489,27.133843515178295,6.6104650466558255,35.23035532891639,10.858197027938768,106.39445788187163,0.0
2025-03-17 01:00:00,43.1351447960443,DK,689.4714984330586,11.377346411932166,5.24192748899868,0.0,1,0,3,0,36.39288185358501,27.32421839503746,23.468957072352033,36.15148587797129,33.407273449849015,7.888293345524508,28.772692492152647,7.926142406182421,35.52134111716943,10.976883321780148,129.44401137710574,0.0
2025-03-17 02:00:00,53.81529712399369,DK,554.8724347524452,8.063570455881106,7.063250956749641,0.0,2,0,3,0,43.1351447960443,38.36508231376038,28.047499147080295,45.019553298443206,38.820809022391394,9.011250461848553,30.920008990228766,10.71250582483332,35.88783044323403,11.444657947082808,65.02116849695862,0.0
2025-03-17 03:00:00,58.8401256149178,DK,797.9553535223461,11.350126652192072,3.0371891567109506,0.0,3,0,3,0,53.81529712399369,36.39288185358501,20.849013835465232,45.08363711326863,42.97879168288977,11.651286605535372,34.08593497184981,12.863501971199875,36.461017464136084,12.24195290218596,128.8253750208008,0.0
2025-03-17 04:00:00,57.42543554541484,DK,1365.0296095459782,6.4564199119376005,3.7108623188172603,0.0,4,0,3,0,58.8401256149178,43.1351447960443,20.97293711156862,53.13983080244136,47.99566120795267,9.913509700388717,37.12364317467033,13.758356248369736,36.63958432842664,12.523826325078685,41.68535807926433,0.0
2025-03-17 05:00:00,56.41832853718366,DK,883.7509331996042,7.380735682731682,6.5685476282140325,0.0,5,0,3,0,57.42543554541484,53.81529712399369,18.994896989728154,47.4564495715188,51.00453557852322,9.113305636626944,40.24226247029162,13.51477320462071,37.01299595199601,12.985461557634205,54.47525921834871,0.0
2025-03-17 06:00:00,54.89703582180905,DK,1149.8546652571351,8.810504742120253,8.591967129525209,360.73565915852635,6,0,3,0,56.41832853718366,58.8401256149178,31.858836622789195,44.34103579307904,54.08856123989389,5.654123203811632,42.162112403543276,13.84784430333988,37.45282928652643,13.41609466008276,77.62499381092347,3099.428925937668
2025-03-17 07:00:00,47.434418424366996,DK,762.3276281193567,4.4598802226709955,6.334961770024598,519.4925686639915,7,0,3,0,54.89703582180905,57.42543554541484,24.105485500106198,57.1552722208119,54.805106844614336,4.026542070178186,44.10619014723167,12.669910262687884,37.04779371167455,12.933467336439701,19.890531600571887,3290.9655622982646
2025-03-17 08:00:00,48.778140624507564,DK,846.0150037928271,4.4396746995045895,4.997619011406969,574.2724842807609,8,0,3,0,47.434418424366996,56.41832853718366,21.33408368873939,46.24848016404843,53.96558076136665,4.736686172486577,46.39319489187903,10.471982042969097,37.15319623086035,13.021716065695477,19.710711437421168,2869.9950851694402
2025-03-17 09:00:00,46.91730105378947,DK,1127.7135177203759,5.842755467187397,5.622317883299986,640.9451030401364,9,0,3,0,48.778140624507564,54.89703582180905,33.892229651927536,44.55813593202802,51.97844333451193,4.783424461008001,47.47861750870086,9.705431165749491,37.25149477760041,13.088776742775101,34.137791449348214,3603.5971150361106
2025-03-17 10:00:00,50.857174486202,DK,544.6065884424465,12.5565400865401,3.122919604513843,630.3319150233601,10,0,3,0,46.91730105378947,47.434418424366996,27.32421839503746,33.44782242404014,50.88373315797645,3.96996033561393,49.43969718296457,7.355975783462654,37.97688444685716,13.348648840818747,157.66669894488845,1968.475894777205
2025-03-17 11:00:00,43.39732710910569,DK,911.8992341506464,10.087299466811896,7.429240581938134,643.6119977897577,11,0,3,0,50.857174486202,48.778140624507564,38.36508231376038,33.95732203863747,48.7135662532968,3.897684145329487,49.85905091591,6.788807821193127,38.37021799146,13.364129538142837,101.75361053314356,4781.548373001944
2025-03-17 12:00:00,28.993566750202447,DK,561.5503870910951,17.612601631420834,7.984876053874219,747.7650279118876,12,0,3,0,43.39732710910569,46.91730105378947,36.39288185358501,33.36338047556545,44.39632140802903,7.934370481104857,49.24244132396146,8.292577511089503,38.18814241956988,13.46469872673263,310.2037362271278,5970.811065298219
2025-03-17 13:00:00,35.84434480643752,DK,178.09712226988606,12.624809687569892,5.31602926356124,731.8763788276635,13,0,3,0,28.993566750202447,50.857174486202,43.1351447960443,23.468957072352033,42.46464247170744,8.441435232144546,48.63487465816089,9.016225434404229,38.70378357515677,13.108766204291898,159.38581964735857,3890.676247157091
2025-03-17 14:00:00,29.243597653270353,DK,296.48154781110435,15.245754427490729,5.280125633708398,726.7424251121028,14,0,3,0,35.84434480643752,43.39732710910569,53.81529712399369,28.047499147080295,39.20888530983458,9.247974728292116,46.58723303560061,10.414528070775024,38.753621012914685,13.06870372393496,232.43302806335316,3837.2913079378195
2025-03-17 15:00:00,25.467597283529464,DK,260.9574993320724,18.87390953657178,6.751966388531497,567.2883421168303,15,0,3,0,29.243597653270353,28.993566750202447,58.8401256149178,20.849013835465232,35.63393468145791,9.80149860219229,43.806189007984926,11.266125862489499,38.94606198991737,12.825328295145038,356.2244611946952,3830.311818578595
2025-03-17 16:00:00,30.489787304739345,DK,111.34929055122004,20.442382074312732,5.346770457146209,513.5225672319827,16,0,3,0,25.467597283529464,35.84434480643752,57.42543554541484,20.97293711156862,32.23937015121414,6.417533579570995,41.5615516545953,10.985790108301156,39.34259741463281,12.385035940382222,417.8909848721825,2745.6872915538434
2025-03-17 17:00:00,32.15842766335489,DK,-377.00785712262547,20.877529503206176,6.087944699975756,358.6124576596105,17,0,3,0,30.489787304739345,29.243597653270353,56.41832853718366,18.994896989728154,30.366220243588998,3.474999020954392,39.5398932484429,10.20789852944434,39.891077859367265,11.718274642811451,435.8712381572443,2183.212810954106
2025-03-17 18:00:00,32.2538462958255,DK,-225.42743516497373,19.157297963973505,10.419653507560431,330.3764446969564,18,0,3,0,32.15842766335489,25.467597283529464,54.89703582180905,31.858836622789195,30.90960016785951,3.4723327900921133,37.652960787944274,9.148927404162542,39.90753659574377,11.706774328702256,367.0020652804634,3442.4080808019867
2025-03-17 19:00:00,24.976884007682674,DK,-112.46664025483514,18.43740194424716,5.726158527735407,309.2418597430903,19,0,3,0,32.2538462958255,30.489787304739345,47.434418424366996,24.105485500106198,29.098356701400373,3.2077180065039097,35.781499586553906,9.262383375878434,39.943844866892796,11.656878782999804,339.93779045372895,1770.7679123006533
2025-03-17 20:00:00,30.07657645426282,DK,-27.899387712228553,16.90965015609752,5.503529625184956,151.67523103859008,20,0,3,0,24.976884007682674,32.15842766335489,48.778140624507564,21.33408368873939,29.237186501565784,3.233185757625241,34.22303590570018,8.411015315215504,40.3081153987896,11.176761743135604,285.93626840160886,834.7491274276532
2025-03-17 21:00:00,36.43582224842941,DK,190.58102891686178,16.348542637166986,4.925126317957082,134.53661634474963,21,0,3,0,30.07657645426282,32.2538462958255,46.91730105378947,33.892229651927536,31.06522399571577,3.7370490491759,33.34957933858684,7.463815160271349,40.41409842364384,11.125219210606332,267.27484635926686,662.6098298884212
2025-03-17 22:00:00,43.30616228050437,DK,205.54020018665054,12.552145268818494,7.708593872227274,0.0,22,0,3,0,36.43582224842941,24.976884007682674,50.857174486202,27.32421839503746,33.201286491676605,6.196136582847607,32.72032832144537,6.035200366706694,41.08001275220497,10.780614699523271,157.55635084952252,0.0
2025-03-17 23:00:00,39.924893149510154,DK,23.521605706718958,10.753792514128586,5.857761582791195,0.0,23,0,3,0,43.30616228050437,30.07657645426282,43.39732710910569,38.36508231376038,34.49569740603582,6.723494285394972,32.430958824812414,5.539631698558139,41.14500487036121,10.768230455919202,115.644053436928,0.0
2025-03-18 00:00:00,45.2629375896648,DK,496.03957020119265,11.078254064663755,4.921463852584548,0.0,0,1,3,0,39.924893149510154,36.43582224842941,28.993566750202447,36.39288185358501,36.66387928834237,7.8578415070771745,33.78673972810094,6.525119472028782,41.5145905260312,10.750240757344772,122.727713121239,0.0
2025-03-18 01:00:00,44.24440017050631,DK,671.526671608025,9.487531909635461,8.862817993773424,0.0,1,1,3,0,45.2629375896648,43.30616228050437,35.84434480643752,43.1351447960443,39.875131982146314,5.7919589212236176,34.48674434177334,7.183300527340815,41.560809499967114,10.759891206311025,90.0132617363511,0.0
2025-03-18 02:00:00,46.84995782424472,DK,781.958089586208,7.798098119818783,9.059415938254675,0.0,2,1,3,0,44.24440017050631,39.924893149510154,29.243597653270353,53.81529712399369,42.670695543809956,3.8335203679252623,35.95394102268787,7.7876612099888,41.270587029144245,10.505923953811115,60.810334286321236,0.0
2025-03-18 03:00:00,59.21042182691174,DK,989.7095357041982,9.184291303047388,5.01936279774999,0.0,3,1,3,0,46.84995782424472,45.2629375896648,25.467597283529464,58.8401256149178,46.46646214022368,6.659147516616048,38.765843067969726,9.54959930321463,41.286016037977326,10.533085245168545,84.35120673923188,0.0
2025-03-18 04:00:00,63.34979428231911,DK,1019.7971328020001,9.061620158716522,2.487130026506168,0.0,4,1,3,0,59.21042182691174,44.24440017050631,30.489787304739345,57.42543554541484,49.80706747385947,9.271707213739502,41.50417698276804,11.477405480245752,41.53286431868167,10.987388779860819,82.11295990085765,0.0
2025-03-18 05:00:00,56.63651934122319,DK,994.7989289902216,7.0034974622203,8.235237308901244,0.0,5,1,3,0,63.34979428231911,46.84995782424472,32.15842766335489,56.41832853718366,52.59233850581165,8.15181462485212,43.54401795592373,11.835050188858268,41.541955602183315,11.000323605913573,49.048976703326176,0.0
2025-03-18 06:00:00,61.42021878921561,DK,905.9668577082706,9.795700698893292,4.850950277707392,388.8703676382256,6,1,3,0,56.63651934122319,59.21042182691174,32.2538462958255,54.89703582180905,55.28521870573678,7.911537628948893,45.97454899703957,12.291731696612175,41.81375489249192,11.417336036960249,95.95575218229853,1886.3908178868262
2025-03-18 07:00:00,56.63520850144231,DK,570.7707264413359,4.908550918678744,7.801461127552938,463.9202148841863,7,1,3,0,61.42021878921561,63.34979428231911,24.976884007682674,47.434418424366996,57.35035342755945,5.784397086582619,48.61274270485288,10.665067372675168,42.1971211457034,11.763492320634322,24.09387212126194,3619.255522704985
2025-03-18 08:00:00,49.15176289345548,DK,938.9363457187366,7.4692908633154,2.2800022938037294,601.0503113579689,8,1,3,0,56.63520850144231,56.63651934122319,30.07657645426282,48.778140624507564,57.73398760576125,4.967328781146021,50.2023415747856,8.931860599141276,42.21268874024289,11.772823706102901,55.79030600080691,1370.396088587615
2025-03-18 09:00:00,51.02747293613048,DK,815.090928025896,7.3557409135306715,8.005404605826019,550.0415473740497,9,1,3,0,49.15176289345548,61.42021878921561,36.43582224842941,46.91730105378947,56.37016279063102,5.567928669557571,51.418312465427356,7.810134653159406,42.383945902007106,11.87369918069356,54.106924386989036,4403.305136743888
2025-03-18 10:00:00,53.26174618743727,DK,724.3157674390746,6.19361610394831,3.797866070665838,740.4770512203315,10,1,3,0,51.02747293613048,56.63520850144231,43.30616228050437,50.857174486202,54.68882144148406,4.4495998465377316,52.247944457671764,7.387409637406604,42.484136389558564,11.958149599788959,38.360880443087844,2812.232668936387
2025-03-18 11:00:00,41.500105465713624,DK,294.0598073871987,10.921035629668735,8.224883995010469,734.6836174141931,11,1,3,0,53.26174618743727,49.15176289345548,39.924893149510154,43.39732710910569,52.1660857955658,6.7964435569982555,52.379212150688716,7.158997565848296,42.40508548775057,11.958121280860045,119.26901922449397,6042.687526266392
2025-03-18 12:00:00,45.63198580608615,DK,203.78869191834758,12.148089286075106,6.791901892550287,688.1722356390527,12,1,3,0,41.500105465713624,51.02747293613048,45.2629375896648,28.993566750202447,49.53471363171089,5.412374590462315,52.409966168723834,7.126366265355458,43.09835294841238,11.624435397877821,147.57607330245276,4673.998309637444
2025-03-18 13:00:00,21.12519943901482,DK,501.2210481153203,16.675585614126273,4.855476918084129,744.8550465603211,13,1,3,0,45.63198580608615,53.26174618743727,44.24440017050631,35.84434480643752,43.61637878797297,11.772785047487359,50.483366107766216,11.386414414277924,42.48505522476977,12.38706212146351,278.07515557405515,3616.626485892118
2025-03-18 14:00:00,35.278521577228055,DK,162.08896922866913,16.033656432963554,5.949283131023858,597.7942157039719,14,1,3,0,21.12519943901482,41.500105465713624,46.84995782424472,29.243597653270353,41.30417190193507,11.830417747824496,49.51907975384815,12.184126143639366,42.736510388268016,12.165854747283916,257.07813861031354,3556.4470433112774
2025-03-18 15:00:00,29.287442626250115,DK,202.74674888125134,13.636697225534963,8.13599267079082,556.2616653389082,15,1,3,0,35.278521577228055,45.63198580608615,59.21042182691174,25.467597283529464,37.680833516955005,11.583450553365351,47.02549815379302,13.051519828104125,42.895670610881375,11.953239685012969,185.95951122091296,4525.740832239253
2025-03-18 16:00:00,25.936369108205668,DK,-7.349026666127006,20.033762673420206,6.975144663107888,494.5705138380151,16,1,3,0,29.287442626250115,21.12519943901482,63.34979428231911,30.489787304739345,33.12660400374974,9.3979061440385,43.9077127226169,13.26439374596764,42.705944852692475,12.192454299390763,401.35164685492475,3449.7008801277566
2025-03-18 17:00:00,27.46223393355265,DK,-57.011685245385145,19.091970983741433,7.932181717822388,414.1377803826815,17,1,3,0,25.936369108205668,35.278521577228055,56.63651934122319,32.15842766335489,30.78695874838958,8.61079696072133,41.476522271977686,13.392292785265623,42.51027011395071,12.404922479523327,364.5033560440248,3285.0161302110496
2025-03-18 18:00:00,17.659601127240045,DK,107.65676119519955,17.800142152481797,10.71623692590839,297.17211786198743,18,1,3,0,27.46223393355265,29.287442626250115,61.42021878921561,32.2538462958255,26.124894635248562,6.201173445299209,37.82980413347972,13.425892996784624,41.902176565259644,13.257934773993362,316.8450606485593,3184.56682278303
2025-03-18 19:00:00,28.074612184608306,DK,-166.17185878800896,15.831689937681917,3.6348725334553165,320.5674875688842,19,1,3,0,17.659601127240045,25.936369108205668,56.63520850144231,24.976884007682674,27.283130092847475,5.710133986326829,35.449754440410224,12.270976579611785,42.03124857263155,13.100135033142474,250.64240628289886,1165.2219556829157
2025-03-18 20:00:00,33.40820119107762,DK,6.211453495977377,13.701099027005537,9.997780906814667,162.0572799815084,20,1,3,0,28.074612184608306,27.46223393355265,49.15176289345548,30.07657645426282,26.971410028489064,5.216039595090331,34.13779096521207,11.489574145485424,42.170066269998834,12.985094537841054,187.72011454781207,1620.2131796094434
2025-03-18 21:00:00,42.16897531511918,DK,-26.00844833428232,13.942788175448946,6.972067631923845,120.1378750025524,21,1,3,0,33.40820119107762,17.659601127240045,51.02747293613048,36.43582224842941,29.118332143300577,8.172902563139298,33.39958283012779,10.552089859642406,42.40894764777757,12.927625537367458,194.40134210543894,837.6093896734084
2025-03-18 22:00:00,35.83708555352433,DK,83.10075451353666,15.727395183641278,4.965787660231163,0.0,22,1,3,0,42.16897531511918,28.074612184608306,53.26174618743727,43.30616228050437,30.768451550853687,8.398345977731902,31.947527777301715,8.586177709458985,42.09773611748674,12.994815791192725,247.35095926242286,0.0
2025-03-18 23:00:00,38.27829632427066,DK,228.75605275501132,16.054744135599762,4.10272850539944,0.0,23,1,3,0,35.83708555352433,33.40820119107762,41.500105465713624,39.924893149510154,32.57112861597336,8.702067590976814,31.67904368218147,8.30612484655789,42.029127916435094,13.011122942223757,257.7548092595749,0.0
2025-03-19 00:00:00,43.6824472550612,DK,464.4267543267426,14.06687127878738,6.3851149753233525,0.0,0,2,3,0,38.27829632427066,42.16897531511918,45.63198580608615,45.2629375896648,36.90826963727688,5.7770736226864425,31.516582136262723,8.022633822823513,41.96327415249328,12.998037015009153,197.8768675739733,0.0
2025-03-19 01:00:00,54.353085629046824,DK,453.6597982185649,8.745583553870112,8.606655980726337,0.0,1,2,3,0,43.6824472550612,35.83708555352433,21.12519943901482,44.24440017050631,41.288015211349965,7.4574522652665935,34.285572652098715,9.674270203624157,42.38446937993246,13.236761041566528,76.48523169772338,0.0
2025-03-19 02:00:00,54.474746492946494,DK,921.1512251147042,6.360700594652653,6.508257516122351,0.0,2,2,3,0,54.353085629046824,38.27829632427066,35.278521577228055,46.84995782424472,44.799106094994784,7.9485826306747995,35.88525806174192,11.303319768144487,42.702168907795034,13.438562630029777,40.45851205481461,0.0
2025-03-19 03:00:00,52.498991696105556,DK,594.631930149373,7.968670144713708,9.785665617372114,0.0,3,2,3,0,54.474746492946494,43.6824472550612,29.287442626250115,59.21042182691174,46.520775491825844,8.372402360880216,37.81955381756321,12.034051654636666,42.422525985678114,13.146768037742909,63.49970387525159,0.0
2025-03-19 04:00:00,59.13493130503177,DK,815.6383730599475,3.50951225320714,3.8610043767743014,0.0,4,2,3,0,52.498991696105556,54.353085629046824,25.936369108205668,63.34979428231911,50.403749783743756,7.810203154006505,40.58610066729872,12.84272787656428,42.24690669495781,12.880515193975267,12.316676255411057,0.0
2025-03-19 05:00:00,57.48195769586506,DK,815.0167014896992,7.368400360763511,6.73917786118531,0.0,5,2,3,0,59.13493130503177,54.474746492946494,27.46223393355265,56.63651934122319,53.604360012342816,5.414930048877075,43.08774431415808,12.976999610781519,42.282133293067886,12.922667131498512,54.29332387649984,0.0
2025-03-19 06:00:00,61.245779252419936,DK,1209.3955768707465,6.440816606942773,4.2585688680511815,355.2876895635741,6,2,3,0,57.48195769586506,52.498991696105556,17.659601127240045,61.42021878921561,56.53158201190261,3.3209185657716396,46.719925824589744,11.189437245043907,42.27486497903473,12.911479181311677,41.48411856426982,1513.0170939772693
2025-03-19 07:00:00,51.316762906817374,DK,942.2738684468492,6.155237385966612,7.490619522127355,503.77199966861565,7,2,3,0,61.245779252419936,59.13493130503177,28.074612184608306,56.63520850144231,56.02552822486436,3.9001140957368206,48.656771718107166,9.561786114590705,42.05326307925869,12.698172842449308,37.886947277601095,3773.5643754188677
2025-03-19 08:00:00,50.739050933492265,DK,1059.3816097859465,4.562584890098588,8.53713053707202,482.6842011267131,8,2,3,0,51.316762906817374,57.48195769586506,33.40820119107762,49.15176289345548,55.40291229828866,4.455793182337194,50.10100919664172,8.270937132751262,42.119400080926894,12.740814054787357,20.817180879355945,4120.738033201075
2025-03-19 09:00:00,47.25995414292762,DK,476.4413159858794,9.711967010633057,5.921832169515312,624.6613423487962,9,2,3,0,50.739050933492265,61.245779252419936,42.16897531511918,51.02747293613048,54.529739372759,5.5239639992983625,50.52525743229242,7.951483595864591,41.9624201312101,12.64916562477604,94.32230321562479,3699.139632173719
2025-03-19 10:00:00,38.253988614446826,DK,723.4100531738518,8.756668901527949,1.5549280436231507,663.0994130104892,10,2,3,0,47.25995414292762,51.316762906817374,35.83708555352433,53.26174618743727,51.04958225766151,8.044802049357916,50.72666602070263,7.566924830856214,41.33709689900217,12.435441966211311,76.67925025098668,1031.0718730000597
2025-03-19 11:00:00,43.15983704658626,DK,727.335681675948,8.642040224926467,7.627330770025171,701.2750432678573,11,2,3,0,38.253988614446826,50.739050933492265,38.27829632427066,41.500105465713624,48.66256214944838,7.877558451733156,51.13346108089559,6.942301631215978,41.40625238153853,12.44100167031797,74.6848592492471,5348.856715767662
2025-03-19 12:00:00,39.114043887915564,DK,436.4567978550849,6.542536771271285,8.102911579899201,763.6176750053384,12,2,3,0,43.15983704658626,47.25995414292762,43.6824472550612,45.63198580608615,44.97393958869765,5.682972211063398,50.75276080030013,7.491575034718589,41.134671468281425,12.415861641786842,42.80478740343689,6187.526501416461
2025-03-19 13:00:00,34.24949224267585,DK,503.6865524618098,13.48913321253365,8.038023986355578,724.6986443401639,13,2,3,0,39.114043887915564,38.253988614446826,54.353085629046824,21.12519943901482,42.1293944780074,6.1272278833219795,49.077461351435886,8.754617777862922,41.681517001767304,11.768386222090621,181.9567148254784,5825.1450860856075
2025-03-19 14:00:00,29.9960733884762,DK,66.5423099799257,18.212013152186397,9.70099886007649,667.5450744658048,14,2,3,0,34.24949224267585,43.15983704658626,54.474746492946494,35.278521577228055,38.67223155383805,6.149700011309049,47.03757192606335,10.126973657615675,41.46141499390264,11.941472476466343,331.6774230554103,6475.854006442448
2025-03-19 15:00:00,21.775353574807188,DK,348.3160974438424,18.903066198282023,5.087327117134084,514.743001603877,15,2,3,0,29.9960733884762,39.114043887915564,52.498991696105556,29.287442626250115,34.42479812581798,7.649907358442901,44.47726874928849,12.276371583879609,41.14841128342585,12.365371866424557,357.3259116966324,2618.666030414397
2025-03-19 16:00:00,25.32817924670821,DK,446.76692283163084,15.306861922572196,8.589866687333082,476.99768523602694,16,2,3,0,21.775353574807188,34.24949224267585,59.13493130503177,25.936369108205668,32.27049656452821,8.158983967327181,41.660039411094864,12.484177168692735,41.12307003919679,12.398481313646341,234.30002191669058,4097.346526343938
2025-03-19 17:00:00,25.28985746824129,DK,-135.53062523246598,15.340956366960077,9.614449501388131,434.45121910609606,17,2,3,0,25.32817924670821,29.9960733884762,57.48195769586506,27.46223393355265,29.292166634804047,6.47725231764495,38.97736439212621,12.231443425249235,41.03255435314215,12.509977474377468,235.3449422529729,4177.009306912071
2025-03-19 18:00:00,23.58605935413641,DK,-169.10050428015435,17.468972152687524,3.6722593084191484,354.66861871383264,18,2,3,0,25.28985746824129,21.775353574807188,61.245779252419936,17.659601127240045,26.704169212507523,4.597346876375557,35.839054400602585,10.738682778811356,41.279490112596164,12.079647144652073,305.1649880713722,1302.4351364760337
2025-03-19 19:00:00,28.36654306546582,DK,227.71398227900602,14.183364151997907,7.868738128270136,202.90314798042175,19,2,3,0,23.58605935413641,25.32817924670821,51.316762906817374,28.074612184608306,25.72367768297252,3.0246122683435384,33.92653608048996,9.727648670467511,41.29165389929856,12.065911337980031,201.1678186681793,1596.5917368595824
2025-03-19 20:00:00,33.642892617591585,DK,302.9017272539232,16.11903819508434,6.2210748144168395,295.583833778921,20,2,3,0,28.36654306546582,25.28985746824129,50.739050933492265,33.40820119107762,26.331480887825084,4.194888522246682,32.50185622083157,8.168464197019915,41.30143270873665,12.059337722652813,259.8233923345878,1838.849143870819
2025-03-19 21:00:00,44.21043459746424,DK,-38.12539602392749,16.114839179353343,7.06638913022889,178.3323293473871,21,2,3,0,33.642892617591585,23.58605935413641,47.25995414292762,42.16897531511918,30.070661058267927,7.784540168143295,32.24772959204295,7.7016897196773355,41.38649351216769,12.072915102671006,259.6880417764215,1260.1656336687745
2025-03-19 22:00:00,39.30132570905177,DK,85.96263658082832,15.89924128699443,7.924787443508855,0.0,22,2,3,0,44.21043459746424,28.36654306546582,38.253988614446826,35.83708555352433,32.39951880199185,8.162939347642151,32.33500768326003,7.781463586774166,41.530836851981334,12.024293118221076,252.78587350206828,0.0
2025-03-19 23:00:00,43.60851629235042,DK,234.23355567663776,11.980740265763549,6.2549773482050774,0.0,23,2,3,0,39.30132570905177,33.642892617591585,43.15983704658626,38.27829632427066,35.452628606010045,8.394442894824051,32.37239762040705,7.839070101395504,41.75292935065132,12.010823569738783,143.53813731568803,0.0
2025-03-20 00:00:00,45.81900289415305,DK,151.10989779314457,10.46851361688198,5.878018318108959,0.0,0,3,3,0,43.60851629235042,44.21043459746424,39.114043887915564,43.6824472550612,39.15811919601281,6.878890093162973,32.93114420426017,8.568315028228522,41.84195250228015,12.033643086994887,109.58977734684343,0.0
2025-03-20 01:00:00,40.18221896404125,DK,365.6791332544207,7.86279411892245,7.297739311408232,0.0,1,3,3,0,45.81900289415305,39.30132570905177,34.24949224267585,54.353085629046824,41.127398512442056,4.4253348656540865,33.42553809770729,8.818798034012039,41.25149972457158,11.737076245916501,61.82353135656146,0.0
2025-03-20 02:00:00,52.69842156740199,DK,469.1718466495864,6.841651648143865,5.054942598706576,0.0,2,3,3,0,40.18221896404125,43.60851629235042,29.9960733884762,54.474746492946494,44.303320004077115,4.801454477302828,35.3174004459511,10.323038126266104,41.17748618600723,11.65538193458036,46.80819727454967,0.0
2025-03-20 03:00:00,55.44894376464588,DK,619.9938775724481,7.129416762081157,5.057784218661811,0.0,3,3,3,0,52.69842156740199,45.81900289415305,21.775353574807188,52.498991696105556,46.17640486527406,6.609620948556441,38.12353296177099,10.869539273902115,41.300400855529745,11.794688869151077,50.82858336744377,0.0
2025-03-20 04:00:00,68.88480470189143,DK,846.0757244148631,7.6765988929581095,8.58818104234519,0.0,4,3,3,0,55.44894376464588,40.18221896404125,25.32817924670821,59.13493130503177,51.106984697414,10.401696498809367,41.753251749702926,13.225499423181358,41.70664558039889,12.577595317850426,58.93017056336567,0.0
2025-03-20 05:00:00,56.03476512521925,DK,949.8058596518384,8.444711079853358,4.93184640611487,0.0,5,3,3,0,68.88480470189143,52.69842156740199,25.28985746824129,57.48195769586506,53.17802616955881,9.831552930372478,44.31532738778443,12.714342935310409,41.64634588995532,12.501918224325077,71.31314522219806,0.0
2025-03-20 06:00:00,57.91029101142355,DK,1230.1000985628154,5.025140773172332,8.562059478250607,342.23704755876264,6,3,3,0,56.03476512521925,55.44894376464588,23.58605935413641,61.245779252419936,55.19324085577055,9.243048530544716,47.17568002589169,11.422230140423459,41.50736721324714,12.291332443884281,25.25203979019902,2930.2539568590073
2025-03-20 07:00:00,54.65346952767791,DK,703.2921049967761,9.96816442261505,8.154617062140085,345.1962878920127,7,3,3,0,57.91029101142355,68.88480470189143,28.36654306546582,51.316762906817374,57.605115949710004,5.783207703862763,49.36625723107602,9.907255908140655,41.64639665578299,12.425253888381373,99.36430195628844,2814.943539031628
2025-03-20 08:00:00,46.53397147838345,DK,1049.8771815875361,7.105220717539952,3.7778210188509886,481.9807494610248,8,3,3,0,54.65346952767791,56.03476512521925,33.642892617591585,50.739050933492265,56.57770760154025,7.202619515014871,50.44051380280868,8.668858777552654,41.471185011820126,12.320669683477272,50.48416144495895,1820.8370059954118
2025-03-20 09:00:00,54.93460898116351,DK,730.755621748172,8.537509103789661,5.874305171760872,576.8070967442094,9,3,3,0,46.53397147838345,57.91029101142355,44.21043459746424,47.25995414292762,56.49198513762652,7.221775607456271,51.33419500145029,8.519705762664948,41.79096229674662,12.574429695725845,72.88906169729134,3388.340911512883
2025-03-20 10:00:00,49.331228518541295,DK,660.1072580695134,8.223124117549036,9.617653282526927,747.4932741915632,10,3,3,0,54.93460898116351,54.65346952767791,39.30132570905177,38.253988614446826,53.233055773734826,4.352951863611223,52.17002023557442,7.682790299020601,42.25251395941722,12.642074684137295,67.6197702526166,7189.131142195288
2025-03-20 11:00:00,45.63439539647862,DK,684.3734209845813,6.028997761779963,5.635745149073953,715.9016954278618,11,3,3,0,49.331228518541295,46.53397147838345,43.60851629235042,43.15983704658626,51.499660818944726,5.031959170293779,52.33884349425176,7.497581193725059,42.35562055732941,12.659874899651594,36.3488140115478,4034.639507221391
2025-03-20 12:00:00,33.26183025304242,DK,195.45559568754032,13.950756376535487,6.669267686734541,633.2259215450055,12,3,3,0,45.63439539647862,54.93460898116351,45.81900289415305,39.114043887915564,47.3915840258812,7.960748458745725,51.29241244082588,9.178209662422233,42.111778322543024,12.780807848292682,194.62360347744556,4223.153176962806
2025-03-20 13:00:00,41.23789651414404,DK,367.0724266855497,14.913455202798593,8.52219799785711,712.3758536720557,13,3,3,0,33.26183025304242,49.331228518541295,40.18221896404125,34.24949224267585,45.155655190292215,7.375692544040938,51.38038557000112,9.066415944432295,42.4029618338542,12.673048004711632,222.41114608588043,6071.008073885741
2025-03-20 14:00:00,24.15975374139053,DK,203.29044164261137,14.000459230589286,9.164857229918507,575.7436918776353,14,3,3,0,41.23789651414404,45.63439539647862,52.69842156740199,29.9960733884762,41.42661890079341,11.202660884742363,49.00216325116682,11.967961626156583,42.159781848558964,12.973896595901971,196.01285866739272,5276.608737084719
2025-03-20 15:00:00,31.78649275406061,DK,164.93686220835627,15.610133589614831,7.094998439264325,651.6219261096455,15,3,3,0,24.15975374139053,33.26183025304242,55.44894376464588,21.775353574807188,37.56859952960958,9.472680822192277,47.03029233361804,12.734035256412014,42.57691264769452,12.43996031793408,243.6762706856212,4623.256548738348
2025-03-20 16:00:00,38.383683989584895,DK,44.82102688934438,17.148537257131743,6.403055821970033,501.44376740910616,16,3,3,0,31.78649275406061,41.23789651414404,68.88480470189143,25.32817924670821,35.74400877478352,7.628742271248932,44.48853227425917,10.88505976780205,43.120892011981056,11.927812820829704,294.07233005923547,3210.7724342994643
2025-03-20 17:00:00,22.0507484252217,DK,428.09711483764465,13.315893159889356,10.442815934750332,435.9048563489237,17,3,3,0,38.383683989584895,24.15975374139053,56.03476512521925,25.28985746824129,31.813400946240694,7.589151563503823,41.65653088259271,11.974312111780174,42.98592913518857,12.154513436567616,177.31301064558815,4552.074179915595
2025-03-20 18:00:00,24.765957052230647,DK,-207.5479968502632,15.36892267182369,11.075875538948473,416.2898323771096,18,3,3,0,22.0507484252217,31.78649275406061,57.91029101142355,23.58605935413641,30.39742207943874,8.043813129905498,38.89450305265997,11.703872122456831,43.03509153927583,12.074757998849128,236.20378409249622,4610.774371538588
2025-03-20 19:00:00,29.67122844923407,DK,-169.16230414489772,17.66426877559695,9.555792312916907,195.05515578490542,19,3,3,0,24.765957052230647,38.383683989584895,54.65346952767791,28.36654306546582,28.46964406862041,6.070060151419943,36.81264962945631,10.835552824710666,43.08945343026617,12.008602992282677,312.0263913765293,1863.906558244209
2025-03-20 20:00:00,29.105260062937898,DK,-137.64080717717218,12.902479935085712,7.7687124964833645,105.14409074435041,20,3,3,0,29.67122844923407,22.0507484252217,46.53397147838345,33.642892617591585,29.293895122211637,5.691760105146512,35.36025701150252,10.579086052754604,42.9003854071556,12.198026899844425,166.4739884752894,816.8342116970159
2025-03-20 21:00:00,27.02618793608093,DK,-44.64881442532476,15.065398872896024,5.981544768071464,73.33266026740819,21,3,3,0,29.105260062937898,24.765957052230647,54.93460898116351,44.21043459746424,28.500510985881693,5.605949840548633,33.03455525774564,8.803317904373278,42.18437512959796,12.61500591080624,226.96624319945678,438.64259035127753
2025-03-20 22:00:00,38.77125151892271,DK,42.52257453869623,10.627815615957807,5.9371873982401855,0.0,22,3,3,0,27.02618793608093,29.67122844923407,49.331228518541295,39.30132570905177,28.56510557410466,5.743158291126826,32.154557174444086,7.449941015535557,42.16228870500925,12.620735760884125,112.95046476679663,0.0
2025-03-20 23:00:00,37.00924577010608,DK,528.3937836702496,13.00951276956931,8.64310442188483,0.0,23,3,3,0,38.77125151892271,29.105260062937898,45.63439539647862,43.60851629235042,31.058188464918725,5.59451904221268,31.435794705579713,6.36881865393204,41.887319099915736,12.659686126345635,169.24742250158695,0.0
2025-03-21 00:00:00,48.559194626159794,DK,704.100849597971,10.700182538619748,8.434872653130684,0.0,0,4,3,0,37.00924577010608,27.02618793608093,33.26183025304242,45.81900289415305,35.02372806057358,8.109663758321238,32.71057507000616,8.071025623699752,42.00149375541602,12.708947447159709,114.49390635978295,0.0
2025-03-21 01:00:00,45.17895386936744,DK,435.2602638013651,6.284100046603356,10.401273397246175,0.0,1,4,3,0,48.559194626159794,38.77125151892271,41.23789651414404,40.18221896404125,37.60834896392914,8.523274009662892,33.03899651627477,8.517398940985318,42.209691043137944,12.718772714397943,39.48991339572031,0.0
2025-03-21 02:00:00,60.58066296973577,DK,503.52888537915425,10.720495451116731,8.898976396425594,0.0,2,4,3,0,45.17895386936744,37.00924577010608,24.15975374139053,52.69842156740199,42.85424944839545,11.432749956022427,36.074072285303544,11.148457502812963,42.53811776823518,13.097519725503354,114.92902271741453,0.0
2025-03-21 03:00:00,51.23152625325957,DK,867.8365018705546,6.008795778266915,4.5919156078336805,0.0,3,4,3,0,60.58066296973577,48.559194626159794,31.78649275406061,55.44894376464588,46.888472501258555,8.666491324300122,37.694491743570126,11.859116606367051,42.36239203859409,12.944161588862382,36.1056267049183,0.0
2025-03-21 04:00:00,54.95828655843661,DK,742.5680930360251,5.216967391275795,9.701971446799153,0.0,4,4,3,0,51.23152625325957,45.17895386936744,38.383683989584895,68.88480470189143,49.586311674510874,8.137603634778424,39.075708624307765,12.86890409304448,41.78212044928347,11.97972447411884,27.216748761634975,0.0
2025-03-21 05:00:00,61.06415603597321,DK,1029.5492766956363,6.914284607827548,5.60195495672449,0.0,5,4,3,0,54.95828655843661,60.58066296973577,22.0507484252217,56.03476512521925,53.595463385488735,6.453239564066862,42.32682592520373,13.102744346338767,41.99167840389822,12.28010485753829,47.80733163804094,0.0
2025-03-21 06:00:00,50.248232717585715,DK,960.5846041702599,8.824377759369256,6.830133667448613,407.69503671278744,6,4,3,0,61.06415603597321,51.23152625325957,24.765957052230647,57.91029101142355,53.87696973405971,6.222314353010987,44.450348897316644,12.01799172339759,41.67242597498831,11.943243975688345,77.86964284005076,2784.6115963037078
2025-03-21 07:00:00,55.96432804922478,DK,599.8140901450879,4.846748032718017,8.098476623856705,347.0995808011112,7,4,3,0,50.248232717585715,54.95828655843661,29.67122844923407,54.65346952767791,55.67453209736927,4.5365224917763145,46.64144053064921,11.46255603671801,41.72704508005276,12.008012068955559,23.490966492655964,2810.9778412682604
2025-03-21 08:00:00,58.91307543789325,DK,1162.5137421582317,7.6664320052998365,11.589411190921245,505.5739612408494,8,4,3,0,55.96432804922478,61.06415603597321,29.105260062937898,46.53397147838345,55.396600842062185,4.215560454496337,49.125425145228824,10.506817453266137,42.242841078365664,12.480057386094419,58.77417969188567,5859.304524243084
2025-03-21 09:00:00,41.18307873578227,DK,1132.728925212378,9.333481079126482,13.817913323364039,607.0085679115444,9,4,3,0,58.91307543789325,50.248232717585715,27.02618793608093,54.93460898116351,53.72185958914931,7.16522943774636,50.305166045203926,8.379240913370971,41.669860651474785,12.184193092653842,87.11386905441204,8387.591777941056
2025-03-21 10:00:00,46.49473264776894,DK,547.4422619031227,10.999363076349773,8.811522329625681,675.5698273888054,10,4,3,0,41.18307873578227,55.96432804922478,38.77125151892271,49.331228518541295,52.3112672707047,7.687217344670948,50.948789472607785,7.680232395326803,41.55167332352594,12.120235513311384,120.98598808536676,5952.7986192578255
2025-03-21 11:00:00,42.9786496325055,DK,471.86921056406374,11.126125069760326,7.486776311444685,662.5837045416297,11,4,3,0,46.49473264776894,58.91307543789325,37.00924577010608,45.63439539647862,49.29701620346008,7.091360740878973,51.4462397944744,6.842968751490488,41.44101725002705,12.093433849246015,123.7906590679492,4960.615983511538
2025-03-21 12:00:00,41.71788188590267,DK,477.17307814498105,11.34437358252677,8.922180845846562,701.7220505852921,12,4,3,0,42.9786496325055,41.18307873578227,48.559194626159794,33.26183025304242,47.87529106484624,7.692173109266699,50.87613039945297,7.37005030079362,41.79335273472957,11.967300482282102,128.69481197993127,6260.8910388402655
2025-03-21 13:00:00,28.039171405073134,DK,357.4818354461446,11.680350644196315,9.628480400633133,563.6576715305243,13,4,3,0,41.71788188590267,46.49473264776894,45.17895386936744,41.23789651414404,43.221098290820954,9.938990866985277,49.447815194095114,9.826133612992823,41.243405855184946,12.292777720399855,136.43059117137727,5427.166842998162
2025-03-21 14:00:00,24.566725989930553,DK,301.7088545345662,14.631165787798489,7.211834297771078,620.1964707078612,14,4,3,0,28.039171405073134,42.9786496325055,60.58066296973577,24.15975374139053,37.49670671616051,8.93368012664218,46.44665377911135,11.477751529525683,41.260363032207444,12.26844381647702,214.07101231004498,4472.754178807529
2025-03-21 15:00:00,31.461915113143746,DK,468.4875171599964,13.2276378080739,11.443592260710105,620.1628090430152,15,4,3,0,24.566725989930553,41.71788188590267,51.23152625325957,31.78649275406061,35.87651277905409,9.012573480283857,44.7991861841017,12.12886930382901,41.246838963835906,12.279515265465609,174.97040198158612,7096.890321944887
2025-03-21 16:00:00,28.916329226700935,DK,-48.40214739102912,10.169721531614359,8.313311067268264,475.88529828726615,16,4,3,0,31.461915113143746,28.039171405073134,54.95828655843661,38.383683989584895,32.946778875542755,7.620103950962238,42.629023073123726,12.470863154706104,40.85236584871575,12.525102769006843,103.4232360305807,3956.182517001789
2025-03-21 17:00:00,28.25589430260452,DK,-222.62236205222493,17.2098681588578,8.84865572706825,443.5358768653621,17,4,3,0,28.916329226700935,24.566725989930553,61.06415603597321,22.0507484252217,30.492986320559265,5.9256949110162775,39.895001262009664,11.6298241454292,41.110913593606696,12.179391961701473,296.17956204526763,3924.6962769849247
2025-03-21 18:00:00,29.329686747729383,DK,-355.8638456029054,18.130661385568697,9.185018052994383,372.34362504013495,18,4,3,0,28.25589430260452,31.461915113143746,50.248232717585715,24.765957052230647,28.428287130863712,2.251505712714186,38.15178909785497,11.503959443329771,41.30106899758581,11.946504710940596,328.7208822781518,3419.982917911011
2025-03-21 19:00:00,25.772848015903413,DK,-209.148921132918,11.245638222149644,8.696342770114372,242.28587417122966,19,4,3,0,29.329686747729383,28.916329226700935,55.96432804922478,29.67122844923407,28.05056656600209,2.5056056659582397,35.635832428411526,10.512949134185536,41.13863647953037,12.136498407197454,126.464379023473,2107.0010101498137
2025-03-21 20:00:00,32.78390681932391,DK,-19.638096466978716,13.287361048884362,9.531050549824686,183.52318854982852,20,4,3,0,25.772848015903413,28.25589430260452,58.91307543789325,29.105260062937898,29.42009670423432,2.465927280496604,33.458401710197414,7.538700621360616,41.29191342771312,12.000382531013994,176.55396364340933,1749.1687871334225
2025-03-21 21:00:00,36.244867457905,DK,425.3581821102837,15.61235520745319,6.618663175791615,54.37599832047781,21,4,3,0,32.78390681932391,29.329686747729383,41.18307873578227,27.02618793608093,30.2172554283612,3.7148267254335066,33.04688410370764,7.20614430362709,41.67602507445579,11.666808936563038,243.74563512369073,359.8964177306532
2025-03-21 22:00:00,34.85667955476073,DK,66.47774019276548,17.351733841508043,6.7365660409934,0.0,22,4,3,0,36.244867457905,25.772848015903413,46.49473264776894,38.77125151892271,31.20731381637116,4.073088301827357,32.07704634595695,5.8957409802331275,41.51291790928237,11.736341139169737,301.0826673065355,0.0
2025-03-21 23:00:00,51.649636894460386,DK,335.3480677765189,12.014003896933103,5.652861082942071,0.0,23,4,3,0,34.85667955476073,32.78390681932391,42.9786496325055,37.00924577010608,35.1062709150138,8.954515492340368,32.79962861778653,7.629686182354566,42.12293420613047,11.871775642021625,144.33628963552377,0.0
2025-03-22 00:00:00,43.560397077542824,DK,416.71542078544957,9.211223297636474,8.732172010125915,0.0,0,5,3,1,51.649636894460386,36.244867457905,41.71788188590267,48.559194626159794,37.47805596998271,9.00297591867504,32.953171550423214,7.841087673609874,41.91465097493809,11.797564218350152,84.84663463892096,0.0
2025-03-22 01:00:00,38.819557554523215,DK,787.0881772408771,9.044334473084723,9.411042555909688,0.0,1,5,3,1,43.560397077542824,34.85667955476073,28.039171405073134,45.17895386936744,39.65250755975268,6.952498427425632,33.85153706287739,7.844462871412136,41.64967612848625,11.792475205774725,81.7999860610287,0.0
2025-03-22 02:00:00,51.11375898781722,DK,1175.3864851747244,11.036533257378789,8.768715281189232,0.0,2,5,3,1,38.819557554523215,51.649636894460386,24.566725989930553,60.58066296973577,42.70748292116823,7.34672081039613,36.06378981270127,8.686140567420745,41.255221795906316,11.278855138296542,121.80506634122806,0.0
2025-03-22 03:00:00,45.274384363804145,DK,667.3796360092097,6.081814250493971,11.202154415580535,0.0,3,5,3,1,51.11375898781722,43.560397077542824,31.461915113143746,51.23152625325957,44.212402405484745,6.649908597779117,37.214828916922976,8.932568227497747,41.007007550512334,11.114106887680666,36.98846457751154,0.0
2025-03-22 04:00:00,55.50401715817725,DK,755.1248133885749,5.134851928884078,7.841977511227368,0.0,4,5,3,1,45.274384363804145,38.819557554523215,28.916329226700935,54.95828655843661,47.6536253393875,6.164825119544573,39.430469577879336,9.928925024124513,41.02974632550153,11.144408319696275,26.36670433156454,0.0
2025-03-22 05:00:00,57.78954784416188,DK,1111.7950885583487,5.443422845881625,9.190652860070486,0.0,5,5,3,1,55.50401715817725,51.11375898781722,28.25589430260452,61.06415603597321,48.67694383100442,7.355420804218403,41.891607373009116,10.54823253064812,40.89330431750939,10.905955346968097,29.630852279066012,0.0
2025-03-22 06:00:00,47.29914270799694,DK,1056.3782979252624,4.516209520874428,5.669767796606832,333.18726306594647,6,5,3,1,57.78954784416188,45.274384363804145,29.329686747729383,50.248232717585715,49.30006810274677,6.984277459288692,43.38906203636474,9.855540424758336,40.77042556710986,10.812180181368566,20.39614843643683,1889.0944143708723
2025-03-22 07:00:00,54.643909022425746,DK,1272.304378291741,7.01949597954443,7.078970143936659,461.8611624478938,7,5,3,1,47.29914270799694,55.50401715817725,25.772848015903413,55.96432804922478,51.937460014063866,4.916933515958243,45.79498378690827,8.609336994495042,40.7154081076599,10.734586018544801,49.27332380684041,3269.501379612519
2025-03-22 08:00:00,49.4412663011636,DK,969.7983389574122,10.688192899423042,9.244245064017015,584.8623461822613,8,5,3,1,54.643909022425746,57.78954784416188,32.78390681932391,58.91307543789325,51.65871123295492,5.019312111746628,47.183097077061575,7.605096787229106,40.3207493936295,10.197118356155531,114.23746745527713,5406.610856824779
2025-03-22 09:00:00,48.330795708560856,DK,701.6949724358619,9.017770301577425,9.551373770371749,528.9036885537682,9,5,3,1,49.4412663011636,47.29914270799694,36.244867457905,41.18307873578227,52.16811312374771,4.352606594281527,48.190257764616234,6.780401849951156,40.61857093416194,10.326952093998665,81.3201812120118,5051.7568179053305
2025-03-22 10:00:00,50.05552826837716,DK,788.1309661384619,9.00420853445094,7.265235653557096,617.6368412031762,10,5,3,1,48.330795708560856,54.643909022425746,34.85667955476073,46.49473264776894,51.26003164211437,4.077082486372329,49.456828490750944,5.327090720913604,40.76693741835395,10.440004985435841,81.07577133187915,4487.277199659698
2025-03-22 11:00:00,35.452295081249034,DK,771.1502386678421,10.085574140549822,7.840367182388686,673.6466044073886,11,5,3,1,50.05552826837716,49.4412663011636,51.649636894460386,42.9786496325055,47.53715618162889,6.437455260933864,48.107050006316655,6.616869452565628,40.4533393120516,10.483628429136893,101.71880574452727,5281.636729723264
2025-03-22 12:00:00,29.040086705228667,DK,584.0964362394728,8.848002362475137,4.947818192743201,660.8123239437786,12,5,3,1,35.452295081249034,48.330795708560856,43.560397077542824,41.71788188590267,44.49398018116751,9.937037375043582,46.89702414195714,8.564831158111526,39.92509784619018,10.73356180188167,78.28714580636561,3269.579238397941
2025-03-22 13:00:00,24.77635281133593,DK,392.0452836701991,14.997705358963108,7.269507284491601,774.8208679930143,13,5,3,1,29.040086705228667,50.05552826837716,38.819557554523215,28.039171405073134,39.516054145985876,11.232175629926315,45.72675708002487,10.507849854136628,39.789147071451126,10.909869229703721,224.93116603427072,5632.565944051323
2025-03-22 14:00:00,22.089957630524744,DK,383.3349379178309,14.199158346855171,9.764332013144392,610.270286633214,14,5,3,1,24.77635281133593,35.452295081249034,51.11375898781722,24.566725989930553,34.957502700879395,11.927158108135696,43.308106966917165,12.336361893176429,39.68594838980922,11.070651125867979,201.61609775906686,5958.8816964434955
2025-03-22 15:00:00,23.466698737988736,DK,300.305727495861,14.9069107240389,9.133975718317952,569.7100344409484,15,5,3,1,22.089957630524744,29.040086705228667,45.274384363804145,31.461915113143746,30.813486539117378,10.596621091960834,41.49079983143255,13.56542410744333,39.35281437417776,11.442920981343358,222.21598733446595,5203.717621065707
2025-03-22 16:00:00,24.137165734618225,DK,263.4190963152862,22.294592353468328,8.984897128867239,535.219451580149,16,5,3,1,23.466698737988736,24.77635281133593,55.50401715817725,28.916329226700935,26.493759450157558,4.975916592315376,38.87689554613596,13.641568999769145,39.153682562007646,11.67173134816014,497.04884820732843,4808.891713816379
2025-03-22 17:00:00,23.386884047525236,DK,66.77906437339433,16.83020908644888,8.08311306046674,380.4791894820778,17,5,3,1,24.137165734618225,22.089957630524744,57.78954784416188,28.25589430260452,24.48285761120359,2.4055638235927845,36.010006896416236,12.900457657323825,38.950807134712676,11.909288547320592,283.2559378935864,3075.4563057383825
2025-03-22 18:00:00,26.733361945424626,DK,-113.42361606337087,14.715164322380975,7.9976920033611725,330.21596441218685,18,5,3,1,23.386884047525236,23.466698737988736,47.29914270799694,29.329686747729383,24.098403484569584,1.5711963236270001,34.296191832868544,12.627551028540665,38.842626934616646,12.011834153274332,216.53606103467393,2640.965577961544
2025-03-22 19:00:00,24.237981083185403,DK,-33.62017585786962,15.014742619997271,6.662923407157925,275.2859972766267,19,5,3,1,26.733361945424626,24.137165734618225,54.643909022425746,25.772848015903413,24.00867486321116,1.5397953565537255,31.76236450459852,11.135937451934476,38.77867414575339,12.088287673420414,225.44249594476253,1834.2095149172487
2025-03-22 20:00:00,33.89030871930548,DK,228.28909140945206,17.499668595872784,9.38122252650989,158.3569797808744,20,5,3,1,24.237981083185403,23.386884047525236,49.4412663011636,32.78390681932391,25.97540004467462,4.06477583418348,30.466451372777005,9.704413335145977,38.82477422491929,12.066522048830066,306.2384009653761,1485.5820659504102
2025-03-22 21:00:00,28.456220925221814,DK,-96.94052479072104,14.496542225693359,8.825511574883599,97.84328363971102,21,5,3,1,33.89030871930548,26.733361945424626,48.330795708560856,36.244867457905,26.80698707588013,3.957870158638021,28.810236807498754,7.90811831223227,38.500247286057494,12.242380599603846,210.14973650131057,863.5170322868887
2025-03-22 22:00:00,47.02928247784067,DK,243.73466177458,10.256141664624948,8.967603382090418,0.0,22,5,3,1,28.456220925221814,24.237981083185403,50.05552826837716,34.85667955476073,30.622339866417203,8.863356754588313,28.558049658287384,7.1841348136299,39.007439074519155,12.336655022632385,105.1884418448558,0.0
2025-03-22 23:00:00,40.449101077561636,DK,211.92271498326704,13.706829069907728,6.931496000769659,0.0,23,5,3,1,47.02928247784067,33.89030871930548,35.452295081249034,51.649636894460386,33.4660427047566,8.81463561121582,28.9744501579801,7.7431232517785205,38.54075008214837,12.046046385918725,187.87716315166756,0.0
2025-03-23 00:00:00,36.90544469090247,DK,425.7489645869635,9.226895728191792,3.676879846362331,0.0,0,6,3,1,40.449101077561636,28.456220925221814,29.040086705228667,43.560397077542824,35.16138982900291,8.218811220336613,29.629896656786247,8.074970190690308,38.263460399371695,12.00198967084264,85.13560477892393,0.0
2025-03-23 01:00:00,39.42161255023089,DK,805.0998950727201,13.05267762690453,10.17787110961221,0.0,1,6,3,1,36.90544469090247,47.02928247784067,24.77635281133593,38.819557554523215,37.69199507351049,6.295222807220494,30.850334968360826,8.375851411787817,38.28854602419285,12.003831560019089,170.37239323189405,0.0
2025-03-23 02:00:00,50.243353020864,DK,708.2198136039807,10.34283126968675,7.025890774088011,0.0,2,6,3,1,39.42161255023089,40.449101077561636,22.089957630524744,51.11375898781722,40.41750245710358,7.702760221653917,33.1964512508891,9.558421105570343,38.25227910890313,11.964649224706132,106.97415867321003,0.0
2025-03-23 03:00:00,49.0304787883115,DK,782.8407002245035,6.375053536600575,6.258014158018579,0.0,3,6,3,1,50.243353020864,36.90544469090247,23.466698737988736,45.274384363804145,43.84654543428519,5.607560362980178,35.32676625508267,10.029896193761706,38.40878304325761,12.084461631402052,40.6413075945235,0.0
2025-03-23 04:00:00,55.13859660992545,DK,581.0414736962355,9.191223384829847,9.370523509932807,0.0,4,6,3,1,49.0304787883115,39.42161255023089,24.137165734618225,55.50401715817725,45.19809778963266,7.261461397979324,37.91021882802493,10.845182131316855,38.39355718708045,12.062195643143644,84.47858730984304,0.0
2025-03-23 05:00:00,54.36275807199259,DK,1052.2136263499783,6.440575630475532,7.199540406266561,0.0,5,6,3,1,55.13859660992545,50.243353020864,23.386884047525236,57.78954784416188,47.51704062203782,7.652674843892754,40.491541663397214,10.760186689570997,38.25077427990673,11.84086990450969,41.481014451875296,0.0
2025-03-23 06:00:00,51.03840973647113,DK,1049.0968362282151,8.024368806811328,10.103438454198063,435.1257329064803,6,6,3,1,54.36275807199259,49.0304787883115,26.733361945424626,47.29914270799694,49.872534796299256,5.64484041822734,42.51696231265109,10.208368959118054,38.406577072759816,11.988782190230816,64.39049474772665,4396.266062258449
2025-03-23 07:00:00,45.59305978586211,DK,1335.6138578056261,7.639575701318824,9.217577585258216,450.70310560702234,7,6,3,1,51.03840973647113,55.13859660992545,24.237981083185403,54.643909022425746,50.90110933557113,3.5232216453361223,44.29655220454081,8.440469092619301,38.02945835456966,11.591586160715604,58.363116896181005,4154.3908438495555
2025-03-23 08:00:00,39.803125543051785,DK,791.4570549016192,5.642077391677209,9.350704332505774,606.5928449544554,8,6,3,1,45.59305978586211,54.36275807199259,33.89030871930548,49.4412663011636,49.161071422602426,5.772896379962111,44.78928693985301,7.93521628847494,37.62786915631501,11.343333543186592,31.8330372936751,5672.070343382629
2025-03-23 09:00:00,41.9879201482533,DK,817.3834561260616,6.980466809885476,5.251654263703751,560.8357236390921,9,6,3,1,39.803125543051785,51.03840973647113,28.456220925221814,48.330795708560856,47.9873116492594,6.477691499359218,45.9169285417723,6.167833983055566,37.36358267463552,11.155460812611906,48.726916883912715,2945.315319286616
2025-03-23 10:00:00,44.85355732672478,DK,719.876736742151,11.464791893040871,10.407453656877621,744.0119874524448,10,6,3,1,41.9879201482533,45.59305978586211,47.02928247784067,50.05552826837716,46.27313843539262,5.492752252320839,45.73561811251263,6.16414029889217,37.14683388540001,10.946720281298388,131.4414531507357,7743.270279572734
2025-03-23 11:00:00,37.749704381914405,DK,864.9001785039554,9.895823468838321,8.506066748572533,726.831813902913,11,6,3,1,44.85355732672478,39.803125543051785,40.449101077561636,35.452295081249034,43.50429615371292,4.734124908388073,45.51066838787537,6.418603707385195,37.24255927292773,10.941301535668963,97.9273221264113,6182.479924044228
2025-03-23 12:00:00,26.580073633456173,DK,400.94089352260966,11.063264508054951,7.245011407612413,727.6520042926179,12,6,3,1,37.749704381914405,41.9879201482533,36.90544469090247,29.040086705228667,39.427906803210426,6.957362041133456,44.65022079975484,8.13866367931671,37.140058728270546,11.032626938708141,122.39582157518836,5271.847071872054
2025-03-23 13:00:00,30.089829588719454,DK,346.3947826028074,11.217418100640577,8.270342620789322,699.7752619188312,13,6,3,1,26.580073633456173,44.85355732672478,39.42161255023089,24.77635281133593,36.84403510368665,7.087406434849349,43.87257221962889,9.075572166068365,37.36145359399486,10.825095331084135,125.83046884457885,5787.381173621321
2025-03-23 14:00:00,28.09559595399612,DK,291.579301943308,15.09820832673819,4.43109522030818,640.6824604208311,14,6,3,1,30.089829588719454,37.749704381914405,50.243353020864,22.089957630524744,34.892780172177375,7.695339451184455,42.0269257973899,9.878697535765507,37.611688524139495,10.521895501407613,227.9558946775864,2838.9249881060296
2025-03-23 15:00:00,19.432920104053593,DK,103.76843403799808,19.289097844376933,8.800871309066162,657.5139563389854,15,6,3,1,28.09559595399612,26.580073633456173,49.0304787883115,23.466698737988736,31.133613498144086,8.943930946643773,39.560462573701734,11.528278921467725,37.4436144143922,10.78655657902253,372.0692956499468,5786.695713654358
2025-03-23 16:00:00,23.200031390262644,DK,-102.29942480232489,13.669488843940554,5.924822669740676,532.0179934924024,16,6,3,1,19.432920104053593,30.089829588719454,55.13859660992545,24.137165734618225,27.524692508733732,6.269425907495952,36.89891547206317,11.289145295650297,37.40456715004405,10.838391813788986,186.85492525461527,3152.1122685537334
2025-03-23 17:00:00,22.29447364310514,DK,-24.144914564872664,16.177319637733515,5.278225114417751,342.2331806065246,17,6,3,1,23.200031390262644,28.09559595399612,54.36275807199259,23.386884047525236,24.948820718932186,3.9880354752340277,34.226558436322556,10.550738163887255,37.35905004985988,10.90192786378263,261.7056706613984,1806.3837688644242
2025-03-23 18:00:00,16.88259421109139,DK,134.72634997195442,18.939364988072693,4.938847313669037,294.14067691464993,18,6,3,1,22.29447364310514,19.432920104053593,51.03840973647113,26.733361945424626,23.332574148538058,5.024970465692526,31.380240475874242,10.204523388968788,36.94860139426266,11.488999422954464,358.69954615143376,1452.715892020711
2025-03-23 19:00:00,25.961908425537285,DK,-268.2659730267462,15.60435248458742,10.20894243608467,250.12104660448057,19,6,3,1,16.88259421109139,23.200031390262644,45.59305978586211,24.237981083185403,22.644587288007695,4.114962528144771,29.744311195847175,9.247575543275543,37.020431700193996,11.41120197438192,243.49581646324958,2553.471366838393
2025-03-23 20:00:00,29.426560965360064,DK,13.581232937155903,16.003698224649234,6.725038898719243,190.49994915827773,20,6,3,1,25.961908425537285,22.29447364310514,39.803125543051785,33.89030871930548,22.866414789901686,4.4866693633522505,28.87959748103953,8.689819797006965,36.83444221044627,11.500465386042524,256.11835686564103,1281.1195682934558
2025-03-23 21:00:00,35.194761307287976,DK,-73.57755358110848,12.041391802994564,11.051021105937817,99.68320213971364,21,6,3,1,29.426560965360064,16.88259421109139,41.9879201482533,28.456220925221814,25.49338832377408,6.315763014699437,28.31350091095909,7.947842681757795,37.115214726365686,11.368526650785432,144.99511655322468,1101.6011707534412
2025-03-23 22:00:00,38.69744690506708,DK,409.00932578496827,13.885489270345472,6.911962760000224,0.0,22,6,3,1,35.194761307287976,25.961908425537285,44.85355732672478,47.02928247784067,28.076290909574823,8.10559898683056,27.800491709154276,6.914707402682823,36.768054910833456,11.178240507901405,192.8068122768792,0.0
2025-03-23 23:00:00,30.432417498951146,DK,-14.04690350801576,11.390260125418717,4.568849770918926,0.0,23,6,3,1,38.69744690506708,29.426560965360064,37.749704381914405,40.449101077561636,29.432614885549157,7.610360148009364,27.190717802240673,6.248078053991251,36.35069309505802,11.221737482485894,129.7380257247036,0.0
2025-03-24 00:00:00,41.50210727340827,DK,308.2156305456823,12.430821345299998,5.750516806207502,0.0,0,0,3,0,30.432417498951146,35.194761307287976,26.580073633456173,36.90544469090247,33.53586706260197,5.945375764615501,28.434220605570015,7.479126496689783,36.542220702662426,11.27073731203854,154.52531931876607,0.0
2025-03-24 01:00:00,52.351251376579754,DK,624.8518975641646,11.577031632269435,10.455188926118698,0.0,1,0,3,0,41.50210727340827,38.69744690506708,30.089829588719454,39.42161255023089,37.93409088777572,8.453698190273258,30.289339087891708,10.19490251183173,37.0809556537603,11.714628266860414,134.0276614145671,0.0
2025-03-24 02:00:00,55.39992069920912,DK,983.1048058468681,13.258039876965174,7.671769330231484,0.0,2,0,3,0,52.351251376579754,30.432417498951146,28.09559595399612,50.243353020864,42.26298417675056,9.773088646260378,32.564699483326116,12.456827373171937,37.295812640358015,12.01009666941683,175.77562137919872,0.0
2025-03-24 03:00:00,57.72303114647099,DK,760.4033383786763,8.325141129015721,6.886991093123617,0.0,3,0,3,0,55.39992069920912,41.50210727340827,19.432920104053593,49.0304787883115,46.0176958166144,10.78918374318199,35.75554207019424,13.63557624775558,37.65800232194799,12.500428200879167,69.30797481802915,0.0
2025-03-24 04:00:00,75.8322515927386,DK,741.9727965535797,7.176960749194446,8.303602137810396,0.0,4,0,3,0,57.72303114647099,52.351251376579754,23.200031390262644,55.13859660992545,52.20682993122631,15.411176688944991,40.141560420400566,17.222802669696303,38.52023794623187,14.337326692675274,51.508765595477705,0.0
2025-03-24 05:00:00,59.851022502590695,DK,1279.1943270326524,6.5898106672458905,8.98713115843991,0.0,5,0,3,0,75.8322515927386,55.39992069920912,22.29447364310514,54.36275807199259,57.10993076516623,11.203464564678171,43.2712728253577,17.096723349206542,38.74891563084012,14.641539219066493,43.42560463014773,0.0
2025-03-24 06:00:00,62.08038250065849,DK,630.3972199167513,5.508666325616004,10.218363317909741,413.9732465828876,6,0,3,0,59.851022502590695,57.72303114647099,16.88259421109139,51.03840973647113,60.53964330304128,8.22328108494706,47.03775518282163,15.674127546123898,39.208997829347936,15.20706771037089,30.34540468697573,4230.129037478583
2025-03-24 07:00:00,59.59703719367015,DK,463.20172182051783,7.24325520832375,10.880564145890672,492.67289898882484,7,0,3,0,62.08038250065849,75.8322515927386,25.961908425537285,45.59305978586211,61.74727427255633,7.255346547135193,49.840682580166025,14.528118322154844,39.7924968880066,15.722605556858904,52.46474601290913,5360.559080389824
2025-03-24 08:00:00,55.634317923010094,DK,941.015591902886,6.640165336051391,7.264028394526648,554.1772151505943,8,0,3,0,59.59703719367015,59.851022502590695,29.426560965360064,39.803125543051785,61.78634047652317,7.214852022484627,52.024662326636864,13.077812857847414,40.4521299038382,16.051720603945682,44.09179569009848,4025.5590264536204
2025-03-24 09:00:00,47.64414868538668,DK,673.1425457227515,8.500665881730121,5.331470313940743,591.0115110721196,9,0,3,0,55.634317923010094,62.08038250065849,35.194761307287976,41.9879201482533,60.106526733009126,9.239382113539401,53.06211127481176,12.076832848636414,40.68780609288542,16.116641863610614,72.26132043281055,3150.9603264782663
2025-03-24 10:00:00,49.36640945757376,DK,465.75343657385736,11.936242783764962,7.156635363858268,682.1017555893102,10,0,3,0,47.64414868538668,59.59703719367015,38.69744690506708,44.85355732672478,55.695553043814975,5.968960924743457,53.951191487520646,11.290292991463133,40.875841598337466,16.193500347583466,142.47389179298114,4881.553545800266
2025-03-24 11:00:00,37.815109588575524,DK,691.0808120111312,8.448720818011127,8.373730562051232,652.7294108018064,11,0,3,0,49.36640945757376,55.634317923010094,30.432417498951146,37.749704381914405,52.02290089147912,8.940408954252872,54.56641582832268,10.022140360284888,40.87856681528168,16.19295686799554,71.3808834606946,5465.78021598078
2025-03-24 12:00:00,36.62467449331607,DK,468.76014275423984,14.04675037231604,5.925651696464239,742.7777829510356,12,0,3,0,37.815109588575524,47.64414868538668,41.50210727340827,26.580073633456173,47.780282890255386,9.247790614094606,54.15996309664832,10.67760506706789,41.297091851109165,15.93508212642101,197.31119602216083,4401.442429639751
2025-03-24 13:00:00,31.79710722031803,DK,177.7747513013939,15.65832520953802,5.938867719095375,770.5480839173699,13,0,3,0,36.62467449331607,49.36640945757376,52.351251376579754,30.089829588719454,43.14696122803003,9.106353394038761,52.44711775029318,12.489062721742698,41.36822841909244,15.886613048260873,245.1831483676539,4576.183141587662
2025-03-24 14:00:00,31.57837975228355,DK,-86.06087973417871,13.911304957088118,8.540745311985232,706.6394193235129,14,0,3,0,31.79710722031803,37.815109588575524,55.39992069920912,28.09559595399612,39.1376381995756,7.695171654225222,50.461989338049385,13.801317219615893,41.51334441068776,15.775622170711562,193.52440560910446,6035.227307851259
2025-03-24 15:00:00,40.4255001184268,DK,240.9380750627554,10.816770023392461,7.755864845744559,561.0072499249213,15,0,3,0,31.57837975228355,36.62467449331607,57.72303114647099,19.432920104053593,37.93453010508229,6.583181405590425,49.02052841904571,13.87710540848717,42.38803524461997,15.06405470043075,117.00251373896175,4351.096407900529
2025-03-24 16:00:00,18.095079897576262,DK,117.02753369951296,14.485342513779244,7.918763539708634,543.0708658636553,16,0,3,0,40.4255001184268,31.79710722031803,75.8322515927386,23.200031390262644,32.722641845082705,7.957696032048693,44.209097444448844,13.744523041866852,42.1753289324247,15.379509864662516,209.8251477415004,4300.449772079111
2025-03-24 17:00:00,30.434731002747707,DK,-82.79808590041077,18.619301633029224,6.336178879485322,375.9295885979499,17,0,3,0,18.095079897576262,31.57837975228355,59.851022502590695,22.29447364310514,31.492578747444735,7.574267062249022,41.757739819461925,13.317741246552066,42.51450632240981,15.007254312560928,346.6783933017247,2381.9571194479363
2025-03-24 18:00:00,19.53386634429625,DK,289.32739920953316,15.96561956816308,7.392368120473926,378.61951555878386,18,0,3,0,30.434731002747707,40.4255001184268,62.08038250065849,16.88259421109139,28.6441107226081,8.424219640022189,38.21219680643174,13.076783016326267,42.62497599462668,14.818948939142533,254.90100819531185,2798.8948366060354
2025-03-24 19:00:00,26.8133122948487,DK,-276.97986640976467,13.661462618008034,6.004703260348852,281.9435048572449,19,0,3,0,19.53386634429625,18.095079897576262,59.59703719367015,25.961908425537285,27.81347823502988,8.295879901597788,35.48021973152995,11.536832634039191,42.66045115584799,14.778288099738873,186.63556086323092,1692.9870828504806
2025-03-24 20:00:00,37.067391318355725,DK,-318.1177360771671,13.985836605212338,9.633566371135034,81.50918302339177,20,0,3,0,26.8133122948487,30.434731002747707,55.634317923010094,29.426560965360064,28.72831349604191,9.061423721458514,33.932975847808756,9.684511794095863,42.9788190872228,14.561508602674754,195.60362554769736,785.2241245128375
2025-03-24 21:00:00,35.10090518688891,DK,-71.9350045695227,15.743850727816435,9.923668218332967,44.42343438909024,21,0,3,0,37.067391318355725,19.53386634429625,47.64414868538668,35.194761307287976,27.840881007452257,7.869021930933741,32.88770555626727,8.696625124727197,42.97490841553952,14.56370243616698,247.86883573976607,440.8434239962146
2025-03-24 22:00:00,33.03971275524604,DK,160.88279672890022,14.01877402785194,4.160793824409273,0.0,22,0,3,0,35.10090518688891,26.8133122948487,49.36640945757376,38.69744690506708,30.331653150397226,6.394232836044776,31.527147497739964,6.9948434209164825,42.7391694926303,14.681266600097413,196.5260252439761,0.0
2025-03-24 23:00:00,38.74424579243676,DK,339.2583673132776,11.183116272607434,5.99414782850064,0.0,23,0,3,0,33.03971275524604,37.067391318355725,37.815109588575524,30.432417498951146,31.716572282012066,7.262012830040198,31.6045755147284,7.075452306006358,43.08549567152554,14.47491865805192,125.06208956665718,0.0
2025-03-25 00:00:00,49.58922121765726,DK,371.75278842873405,9.622144345829904,4.860111038705303,0.0,0,1,3,0,38.74424579243676,35.10090518688891,36.62467449331607,41.50210727340827,36.725798094238904,7.538479267107253,32.6849544084235,8.712174049403178,43.42245875253591,14.530479931546934,92.58566181198638,0.0
2025-03-25 01:00:00,46.12424188195077,DK,619.8206018541197,8.315175046571294,6.553121680071665,0.0,1,1,3,0,49.58922121765726,33.03971275524604,31.79710722031803,52.351251376579754,39.94428635875591,6.512522076088431,33.87888229689289,9.52337961817383,43.16300002359304,14.419283773341816,69.14213605512192,0.0
2025-03-25 02:00:00,53.91328389255795,DK,419.69211516191115,6.1305240394499485,7.686293609304739,0.0,2,1,3,0,46.12424188195077,38.74424579243676,31.57837975228355,55.39992069920912,42.751935121122955,8.385985172258035,35.74012430858243,11.087079401865738,43.10105682331591,14.367530441834887,37.58332499827372,0.0
2025-03-25 03:00:00,55.375651914459816,DK,1062.3063114079257,10.29305797704646,4.953879109488401,0.0,3,1,3,0,53.91328389255795,49.58922121765726,40.4255001184268,57.72303114647099,46.1310595757181,8.762794196974289,36.98597029158518,12.42114120660036,43.00324935531544,14.271330904782815,105.94704251883978,0.0
2025-03-25 04:00:00,53.310592401435905,DK,836.5824662137055,5.777158993126441,6.009449922634834,0.0,4,1,3,0,55.375651914459816,46.12424188195077,18.095079897576262,75.8322515927386,49.50953951674975,6.254764271219008,39.920596333573485,11.690771125871182,42.06484688901116,12.669363810754527,33.37556603186171,0.0
2025-03-25 05:00:00,67.71629039575149,DK,1126.4220794621597,8.53179092126122,5.8452548047224635,0.0,5,1,3,0,53.310592401435905,53.91328389255795,30.434731002747707,59.851022502590695,54.338213617302195,7.366247995089669,43.027392949657134,13.718627579952159,42.39256638455953,13.23839086978704,72.79145632411536,0.0
2025-03-25 06:00:00,59.57214941134555,DK,988.5450692755409,9.15406283060129,8.267704207683348,432.7703556544148,6,1,3,0,67.71629039575149,55.375651914459816,19.53386634429625,62.08038250065849,56.00203498291691,7.204712256433843,46.363916538577904,12.278594336036216,42.288056672504815,13.08522344466057,83.79686630659612,3578.0172904046244
2025-03-25 07:00:00,44.7013154429161,DK,994.313556975291,8.459341133215295,7.991858222957962,416.4085915935554,7,1,3,0,59.57214941134555,53.310592401435905,26.8133122948487,59.59703719367015,55.76488057641114,7.607067842357545,47.85458346758352,10.669735146018247,41.66740159955674,12.571722194749533,71.56045240810823,3327.8784268372992
2025-03-25 08:00:00,53.309633240328246,DK,966.9661579386602,6.2641593464123595,6.409694442210954,494.39165414225886,8,1,3,0,44.7013154429161,67.71629039575149,37.067391318355725,55.634317923010094,55.66427213437285,7.640373062111315,49.208103627747896,10.196637505565922,41.570539737778326,12.46795929811893,39.23969231724532,3168.8994378311168
2025-03-25 09:00:00,45.91156258474647,DK,863.0951025967368,8.867635925383121,8.206811293164257,622.0477566858914,9,1,3,0,53.309633240328246,59.57214941134555,35.10090518688891,47.64414868538668,54.08692391275397,8.625315995321513,50.10899174423603,9.272640708686612,41.49834865025165,12.436238919775944,78.63496690514536,5105.028554457265
2025-03-25 10:00:00,49.83373002908854,DK,798.5445519735088,9.14908831528622,6.75980937971093,635.2074223372043,10,1,3,0,45.91156258474647,44.7013154429161,33.03971275524604,49.36640945757376,53.507446850696056,8.802869824092841,51.50849318372291,7.573955105219309,41.51782034073143,12.449452558499646,83.70581700090683,4293.8810915770355
2025-03-25 11:00:00,37.71663196909988,DK,815.2400285777469,8.551119951349957,7.05476599070121,681.1041791680121,11,1,3,0,49.83373002908854,53.309633240328246,38.74424579243676,37.815109588575524,48.507503779587466,7.548703215130859,51.42285869844483,7.735480125025416,41.51371710658662,12.450742162603301,73.12165242237529,4805.030599318955
2025-03-25 12:00:00,37.23508531968162,DK,459.30423394029407,12.31242953774096,10.94498039195039,736.9826575862336,12,1,3,0,37.71663196909988,45.91156258474647,49.58922121765726,36.62467449331607,44.78465976431014,6.424923824559462,50.39334737361352,8.756432153420489,41.539150891018515,12.440940437728694,151.59592112183606,8066.2607364888145
2025-03-25 13:00:00,36.74886135436583,DK,432.39122896644204,10.562733216778486,10.278998314934011,592.6062348258092,13,1,3,0,37.23508531968162,49.83373002908854,46.12424188195077,31.79710722031803,43.459250749551764,7.216995028789983,49.61206566298145,9.553904810105376,41.745473979937174,12.312751916084936,111.5713330088356,6091.398489193882
2025-03-25 14:00:00,35.49778502620254,DK,152.0528611425548,16.419518512233207,4.998913737498121,719.024007567187,14,1,3,0,36.74886135436583,37.71663196909988,53.91328389255795,31.57837975228355,40.49060938053081,5.897507914537945,48.07744075745183,10.253600807669077,41.90878253301713,12.197491748585458,269.600588173569,3594.3389890185645
2025-03-25 15:00:00,22.850725249780375,DK,354.470052496621,14.027962951052668,9.257541047111665,601.1213996317589,15,1,3,0,35.49778502620254,37.23508531968162,55.375651914459816,40.4255001184268,36.6471364913698,8.567941099422868,45.367030202061876,12.252892086883136,41.17650024682353,12.80294164291973,196.78374455610629,5564.906031388223
2025-03-25 16:00:00,25.758899681330263,DK,-148.29116230407317,16.00002352395359,9.2208693203365,504.4253427718911,16,1,3,0,22.850725249780375,36.74886135436583,53.310592401435905,18.095079897576262,32.63466476674342,6.559206492752503,43.07105580871974,13.175692600546203,41.49582607114662,12.287419201671153,256.00075276706826,4651.240167565554
2025-03-25 17:00:00,24.628703495070358,DK,297.22517343762894,16.488606007239092,5.301549633848079,436.1249580748098,17,1,3,0,25.758899681330263,35.49778502620254,67.71629039575149,30.434731002747707,30.453343354405163,6.705758654872425,39.480423566996315,11.629151156438587,41.253908258326724,12.568599318510643,271.8741280619611,2312.138111793517
2025-03-25 18:00:00,24.330799537375945,DK,-88.03159012886869,15.39026346959249,9.235631498863038,348.121467751026,18,1,3,0,24.628703495070358,22.850725249780375,59.57214941134555,19.53386634429625,28.30262905735422,6.141271569790676,36.54364441083218,10.487855842491289,41.45378047470504,12.242078996211108,236.86020966347309,3215.121592991809
2025-03-25 19:00:00,38.000242825201354,DK,-349.1179335681438,16.730172409788207,10.673940048178421,172.85326904187167,19,1,3,0,24.330799537375945,25.758899681330263,44.7013154429161,26.8133122948487,28.511192635826802,6.496459999834691,35.98522169268929,10.188132012694744,41.9199025801364,11.867648013561022,279.89866886123855,1845.0254308845933
2025-03-25 20:00:00,33.64754688832367,DK,12.608181089938558,13.942296858663527,5.352986598864488,249.74691137266177,20,1,3,0,38.000242825201354,24.628703495070358,53.309633240328246,37.067391318355725,28.202819612846994,6.132194727784447,34.346714496688904,8.607034073846545,41.7774090622184,11.948698843260507,194.38764169509884,1336.8918696856556
2025-03-25 21:00:00,28.475085319736365,DK,-69.76372208825,15.70192299396162,5.763070569324789,104.57890819823935,21,1,3,0,33.64754688832367,24.330799537375945,45.91156258474647,35.10090518688891,29.140212957839662,5.5529458441785025,32.89367472460473,7.921695261475979,41.50133323442038,12.183897386960044,246.55038570830067,602.6956280093921
2025-03-25 22:00:00,43.01774638016645,DK,338.1287097977446,10.130065255195488,9.633399145040322,0.0,22,1,3,0,28.475085319736365,38.000242825201354,49.83373002908854,33.03971275524604,32.01668740764569,7.558889608844341,32.32567608719456,6.7551037789981185,41.91708463545873,12.052135447735957,102.61822207451883,0.0
2025-03-25 23:00:00,52.93154532379977,DK,160.06568158826101,11.810457354279448,8.141066833004611,0.0,23,1,3,0,43.01774638016645,33.64754688832367,37.71663196909988,38.74424579243676,36.73382771243393,10.344317860773343,33.59358553341954,8.935089189283122,42.50822211593219,12.236271947520763,139.4869029172535,0.0
2025-03-26 00:00:00,51.35355877573962,DK,330.76331335704407,14.130368891815651,8.701028761832362,0.0,0,2,3,0,52.93154532379977,28.475085319736365,37.23508531968162,49.58922121765726,41.237620918827865,9.72852577732018,34.77012498809105,10.28564398849492,42.58173618085228,12.285862864913579,199.66732501879147,0.0
2025-03-26 01:00:00,42.17922521076639,DK,171.50137636215413,6.994746419687592,8.27925464415431,0.0,1,2,3,0,51.35355877573962,43.01774638016645,36.74886135436583,46.12424188195077,41.934117983088704,9.599129353834927,35.22265530945776,10.497883592073702,42.4173604862196,12.262775076556052,48.92647747573239,0.0
2025-03-26 02:00:00,50.40982058031682,DK,579.5387361501846,6.516572191637053,8.379468053209605,0.0,2,2,3,0,42.17922521076639,52.93154532379977,35.49778502620254,53.91328389255795,44.72783026508757,9.132992126119394,36.465324938967285,11.37902663174715,42.271382848209555,12.140216575302718,42.46571312881734,0.0
2025-03-26 03:00:00,61.482348460873865,DK,288.7775252674824,7.98684002166521,4.94513195473115,0.0,3,2,3,0,50.40982058031682,51.35355877573962,22.850725249780375,55.375651914459816,50.22904078861048,7.099858931674297,39.68462687322507,12.578596539063511,42.52582853764348,12.485882906199084,63.78961353167313,0.0
2025-03-26 04:00:00,53.030246811371086,DK,536.2321371950746,6.67768121966812,9.692711624596212,0.0,4,2,3,0,61.482348460873865,42.17922521076639,25.758899681330263,53.310592401435905,51.897790860477926,6.183455531835349,41.95723913406181,12.294250303111173,42.51414747139078,12.475481434858503,44.591426471508306,0.0
2025-03-26 05:00:00,59.215667089856005,DK,1055.0458443733937,6.695451802397147,9.937256196208864,0.0,5,2,3,0,53.030246811371086,50.40982058031682,24.628703495070358,67.71629039575149,52.94514448815397,6.885877984114274,44.839486100293946,11.910734321657955,42.15995483364512,11.832981804959129,44.82907483822321,0.0
2025-03-26 06:00:00,60.27572456690218,DK,1077.1600317301663,6.986522711291518,7.139294723217261,319.858967210802,6,2,3,0,59.215667089856005,61.482348460873865,24.330799537375945,59.57214941134555,54.43217212001439,7.416378229351967,47.834896519421136,10.74718966819665,42.18927046512666,11.878778136525055,48.811499595392185,2283.5674367818015
2025-03-26 07:00:00,50.192376018313716,DK,988.0544255015272,7.6288799982827165,7.511122311725591,462.19981331759004,7,2,3,0,60.27572456690218,53.030246811371086,38.000242825201354,44.7013154429161,55.767697254605615,5.14106465464939,48.85090761884715,10.299924523371766,42.41806465576822,11.981700750566645,58.1998100281981,3471.639330285154
2025-03-26 08:00:00,52.079734886172105,DK,659.6174732663768,9.243517380000705,4.535861206241872,548.50220936841,8,2,3,0,50.192376018313716,59.215667089856005,33.64754688832367,53.309633240328246,56.046016305581496,4.8287096397630584,50.386923285334525,9.135066878125928,42.36681889101172,11.93563370474447,85.4426135543751,2487.929893012128
2025-03-26 09:00:00,33.014158208243046,DK,764.0111193648778,8.776530782806729,8.626585723388986,562.1060786741903,9,2,3,0,52.079734886172105,60.27572456690218,28.475085319736365,45.91156258474647,51.30131793014303,9.822647178796963,50.76517935937676,8.190411839177616,41.82942704199074,12.058807332484193,77.0274925815541,4849.056273320936
2025-03-26 10:00:00,40.44962514843597,DK,669.2794921818863,8.611681943070769,8.742191094781605,617.5001981157515,10,2,3,0,33.014158208243046,50.192376018313716,43.01774638016645,49.83373002908854,49.20454765298717,10.684693309373571,50.55116925673255,8.440969591397375,41.43842267196355,11.939534164360598,74.16106588861113,5398.304732993399
2025-03-26 11:00:00,40.41639490429758,DK,317.736584712752,11.60070616895799,7.1050524424335615,682.5407707733074,11,2,3,0,40.44962514843597,52.079734886172105,52.93154532379977,37.71663196909988,46.071335622060765,9.888582973788068,49.508240055107365,8.881772392688317,41.55091279426346,11.915638367988583,134.57638361849996,4849.487970443373
2025-03-26 12:00:00,31.56985161719187,DK,720.6796603534301,15.3605099378305,9.478141196173189,655.1678886342396,12,2,3,0,40.41639490429758,33.014158208243046,51.35355877573962,37.23508531968162,41.28702346377572,8.486588033209877,47.859597791895055,10.24033474246437,41.31486138999305,12.060092285577353,235.94526555018956,6209.773755673994
2025-03-26 13:00:00,42.385981479121725,DK,466.0629355638739,12.552580400075259,6.5612800144723025,730.1732239737802,13,2,3,0,31.56985161719187,40.44962514843597,42.17922521076639,36.74886135436583,39.98595770724372,7.373691805453502,47.87682748092467,10.230077279312491,41.54974139519121,12.022133377303565,157.56727470035355,4790.870981561972
2025-03-26 14:00:00,24.01830216554877,DK,125.80716523406736,11.99213621971111,8.358646328219384,634.6485313021813,14,2,3,0,42.385981479121725,40.41639490429758,50.40982058031682,35.49778502620254,35.30905225380649,7.061480914530131,45.677534279693994,12.269584647748319,41.071429609330636,12.492542654269744,143.81133111210707,5304.8026158788025
2025-03-26 15:00:00,26.65198485157434,DK,71.82377720563261,17.068393977965712,5.190105799047952,452.13796244920974,15,2,3,0,24.01830216554877,31.56985161719187,61.482348460873865,22.850725249780375,34.24869002769504,7.902589860981146,42.77500397891904,12.310575555882735,41.22981542607205,12.273668455962422,291.3300729870562,2346.6438608773688
2025-03-26 16:00:00,28.08510874696546,DK,28.663859697291258,15.25397697804303,7.182330174683708,506.2588971689098,16,2,3,0,26.65198485157434,42.385981479121725,53.030246811371086,25.758899681330263,32.18793729411662,7.567199738519206,40.6962424735519,12.525686333243858,41.32674080380685,12.154791809504014,232.68381364666675,3636.1185533383573
2025-03-26 17:00:00,34.20979649620572,DK,-471.3098868293923,11.47372626586105,6.8807259606265125,388.65947474368363,17,2,3,0,28.08510874696546,24.01830216554877,59.215667089856005,24.628703495070358,31.153504226101308,6.576817600793433,38.612419924081046,11.171465662744986,41.725953012187496,11.732522111936344,131.64639442390975,2674.2593377123285
2025-03-26 18:00:00,20.418134944347308,DK,-129.43547650411938,17.4999518650438,7.680050320514067,268.43620922695277,18,2,3,0,34.20979649620572,26.65198485157434,60.27572456690218,24.330799537375945,29.294884780627218,7.881886319625829,35.29095412220146,10.009839307547784,41.5629253208113,12.008677299619148,306.24831527885004,2061.60359471104
2025-03-26 19:00:00,34.98879038457066,DK,-199.3597627440939,14.383163528672128,6.4903806187654665,197.54200230298932,19,2,3,0,20.418134944347308,28.08510874696546,50.192376018313716,38.000242825201354,28.062019598202046,5.701660612253081,34.02398865272288,8.846890686359854,41.43744813578502,12.063131535542164,206.87539309252406,1282.1227831394451
2025-03-26 20:00:00,31.67380363861683,DK,-213.3367038712024,14.608072701042568,6.966489285088848,180.47042359164848,20,2,3,0,34.98879038457066,34.20979649620572,52.079734886172105,33.64754688832367,29.33793651038005,5.467544570743819,32.32349438209328,6.780690842792906,41.3552088337139,12.125116134561301,213.3957880389451,1257.2452722266648
2025-03-26 21:00:00,29.871961836171838,DK,10.226550829535192,14.520324153927476,8.881528819315196,168.94466799712,21,2,3,0,31.67380363861683,20.418134944347308,33.014158208243046,28.475085319736365,29.874599341146304,5.306845069095965,32.06164468442067,6.8121927019519175,41.413412021898715,12.063798209602611,210.83981353512965,1500.486937686059
2025-03-26 22:00:00,40.73895401620892,DK,529.5373053699043,13.100059068989433,6.3559060019557485,0.0,22,2,3,0,29.871961836171838,34.98879038457066,40.44962514843597,43.01774638016645,31.98357355268688,6.7669537534429125,32.08575542340176,6.845012574102425,41.31846234006715,12.05958911410634,171.61154761101227,0.0
2025-03-26 23:00:00,43.31606281660395,DK,418.75904970214117,12.873636923207018,4.016280274954825,0.0,23,2,3,0,40.73895401620892,31.67380363861683,40.41639490429758,52.93154532379977,33.501284606086585,8.229299833874718,32.32739441609395,7.207418814776287,40.91781723560066,11.814230873616982,165.73052763055904,0.0
2025-03-27 00:00:00,43.19014808718991,DK,305.7642020434406,9.27857324630171,10.728602284843024,0.0,0,3,3,0,43.31606281660395,29.871961836171838,31.56985161719187,51.35355877573962,37.29662012989369,5.9141308547141564,33.29575245526045,7.848501214244799,40.577675123577755,11.616575942351135,86.09192148698584,0.0
2025-03-27 01:00:00,50.12508546548655,DK,663.9260788224921,9.918655758993221,9.992342633813157,0.0,1,3,3,0,43.19014808718991,40.73895401620892,42.385981479121725,42.17922521076639,39.819335976713,7.693420463015929,33.940677787457524,8.909605266552319,40.908752634191096,11.776337048216751,98.3797320654094,0.0
2025-03-27 02:00:00,50.90442296033927,DK,949.8710873172004,7.250003871261236,4.644909086220947,0.0,2,3,3,0,50.12508546548655,43.31606281660395,24.01830216554877,50.40982058031682,43.02443919700008,7.626754598794756,36.18118785369006,9.545433054079709,40.92936106669203,11.794106060187774,52.562556133302905,0.0
2025-03-27 03:00:00,55.71537944119699,DK,958.4801271758275,8.3336803778647,8.608850086922573,0.0,3,3,3,0,50.90442296033927,43.19014808718991,26.65198485157434,61.482348460873865,47.331675464504265,5.7895686630567385,38.60313740282528,10.542800515424176,40.68907069087216,11.409639078711805,69.45022864040713,0.0
2025-03-27 04:00:00,59.87924751207022,DK,864.9387758762541,7.446287717557345,6.223484935329497,0.0,4,3,3,0,55.71537944119699,50.12508546548655,28.08510874696546,53.030246811371086,50.521724380481146,6.641003571710184,41.25264896658401,11.601183583997102,40.974445720067955,11.810350277295473,55.447200772645374,0.0
2025-03-27 05:00:00,64.92665402985162,DK,773.5755576034195,4.020349293503152,7.756408907094303,0.0,5,3,3,0,59.87924751207022,50.90442296033927,34.20979649620572,59.215667089856005,54.12348958268908,7.7234552681620015,43.81238709438784,13.186396914542987,41.21240350923444,12.243450328011162,16.163208441771292,0.0
2025-03-27 06:00:00,50.21347680562125,DK,1059.644662722718,8.07714777708857,7.817882734459172,357.9026744960066,6,3,3,0,64.92665402985162,55.71537944119699,20.418134944347308,60.27572456690218,55.294044369094316,6.095701091888769,46.295332249494,11.00576053949169,40.79314318584773,11.723514378824817,65.24031621292681,2798.0411395590913
2025-03-27 07:00:00,65.49219524948546,DK,981.6599902288841,5.184545264673395,6.76061887579954,435.75548228513776,7,3,3,0,50.21347680562125,59.87924751207022,34.98879038457066,50.192376018313716,57.85522933309414,6.6890058113503565,48.83728265490357,11.660102655533573,41.430635653813226,12.63721596930902,26.879509601447324,2945.9767387700344
2025-03-27 08:00:00,42.6169226688686,DK,1032.051345897766,8.537268386392864,5.661903145259391,504.20165360263195,8,3,3,0,65.49219524948546,64.92665402985162,31.67380363861683,52.079734886172105,56.473979284515686,8.901226480689692,49.749209240757885,10.57297790059377,41.03635181142558,12.436543557150411,72.88495150130301,2854.740928377728
2025-03-27 09:00:00,48.46156943341049,DK,900.5877509296677,8.5885031894947,5.848352371799665,550.2000703804525,9,3,3,0,42.6169226688686,50.21347680562125,29.871961836171838,33.014158208243046,55.265010949884605,9.497502572756877,51.29834320719444,8.567495326627476,41.67999394580755,12.402998974161076,73.76238703596064,3217.7638865738622
2025-03-27 10:00:00,48.513149387530305,DK,879.9105430638671,12.667599699640412,5.397050645469699,683.521200908802,10,3,3,0,48.46156943341049,65.49219524948546,40.73895401620892,40.44962514843597,53.37066126246128,9.526571961346423,51.946192821471215,7.969497719677486,42.01597412243648,12.477213741605018,160.46808215032988,3688.998538557074
2025-03-27 11:00:00,43.084194999938546,DK,442.362480239147,9.706010629161534,5.099711340416531,622.2174432038446,11,3,3,0,48.513149387530305,42.6169226688686,43.31606281660395,40.41639490429758,49.73025142414244,8.32505595486334,51.92687050341576,7.992571631934415,42.127132459754854,12.474226886003159,94.20664233339669,3173.1293513116248
2025-03-27 12:00:00,34.695269927913145,DK,683.4788131268651,10.759496303156386,6.628999176778709,738.8013956921737,12,3,3,0,43.084194999938546,48.46156943341049,43.19014808718991,31.56985161719187,47.143883611191086,10.317113494553162,51.2189639901427,9.131749680222574,42.257358222701576,12.375141859879982,115.76676069763593,4897.513843846381
2025-03-27 13:00:00,33.18331370767717,DK,330.1103983872195,12.676392508417653,5.3318357786559165,637.9631882548376,13,3,3,0,34.695269927913145,48.513149387530305,50.12508546548655,42.385981479121725,41.75907002088971,6.5798757121790254,49.80714967699191,10.520313033156302,41.87391373222472,12.512790250924365,160.69092702746718,3401.5149526025434
2025-03-27 14:00:00,28.70400438205777,DK,585.0521745250533,13.232219090736553,8.12745988830266,615.4871294569018,14,3,3,0,33.18331370767717,43.084194999938546,50.90442296033927,24.01830216554877,39.44025030642124,8.413216987549255,47.95711479546846,12.13752271188997,42.06915132457926,12.25599583436578,175.0916220652529,5002.346956427516
2025-03-27 15:00:00,25.9053835003382,DK,-71.39095421118711,16.35150027062858,9.737848067549274,524.148113884508,15,3,3,0,28.70400438205777,34.695269927913145,55.71537944119699,26.65198485157434,35.68088598424252,8.61304360170249,45.47294846706357,13.391140992976021,42.03804293494442,12.297705905131936,267.37156110036653,5104.074697899853
2025-03-27 16:00:00,31.679416345640128,DK,334.18005874083065,12.159501916429763,5.603249274137334,499.9298926557183,16,3,3,0,25.9053835003382,33.18331370767717,59.87924751207022,28.08510874696546,32.875263810594156,5.916726813937486,43.12296253652772,13.104475632939563,42.187805751555864,12.141288880980206,147.85348685565907,2801.231808142709
2025-03-27 17:00:00,28.788507480700375,DK,-23.380756452004626,13.609084346949125,7.242164757948174,489.3522887097812,17,3,3,0,31.679416345640128,28.70400438205777,64.92665402985162,34.20979649620572,30.492649224054464,3.269754382734019,40.11145032409845,11.717295945821196,41.96191870924314,12.344896083937888,185.2071767623757,3543.9698995152576
2025-03-27 18:00:00,24.132897723941234,DK,-210.28360072288967,13.566886494937286,7.762725977483288,375.78140442219785,18,3,3,0,28.788507480700375,25.9053835003382,50.21347680562125,20.418134944347308,28.732253856725816,3.3954951298406835,37.93806873395845,12.086150679892876,42.11670049172623,12.083555043430962,184.06040916651173,2917.0880699633485
2025-03-27 19:00:00,33.67097100096212,DK,-159.7400799553985,17.251818911879838,7.707360298715969,308.33443981551966,19,3,3,0,24.132897723941234,31.679416345640128,65.49219524948546,34.98879038457066,28.813530072273306,3.52664980338562,35.28630004658151,8.428421235756511,42.06179135074254,12.120291718796176,297.62525576829483,2376.4446201609644
2025-03-27 20:00:00,33.15913593790194,DK,-77.08216353108332,18.107749838167454,6.915266292709595,201.10712729669677,20,3,3,0,33.67097100096212,28.788507480700375,42.6169226688686,31.67380363861683,29.55605199824733,3.943362924658471,34.49815115233429,8.117062751119308,42.12368019654608,12.06862425107102,327.89060420165345,1390.709338618505
2025-03-27 21:00:00,38.843815685606394,DK,151.27979868710946,13.544848883067216,8.248720593596865,47.32913515818997,21,3,3,0,33.15913593790194,24.132897723941234,48.46156943341049,29.871961836171838,31.712457362458697,4.95550653394096,33.696671673350615,7.012671016500688,42.49750744027252,11.808780604212805,183.4629312651272,390.404811856491
2025-03-27 22:00:00,41.57658085451063,DK,274.5670976070997,12.27880009040399,7.727853662238735,0.0,22,3,3,0,38.843815685606394,33.67097100096212,48.513149387530305,40.73895401620892,33.361984780603784,6.383720253551877,33.11862429559897,5.873735022343856,42.532408558535096,11.804594254415418,150.76893166010504,0.0
2025-03-27 23:00:00,38.17578928412624,DK,175.85047666102338,11.492221442508013,4.288030912222824,0.0,23,3,3,0,41.57658085451063,33.15913593790194,43.084194999938546,43.31606281660395,34.92653174784142,6.1859291506982,32.70959048594795,5.254980396196803,42.318230494681856,11.836346620611081,132.07115368364097,0.0
2025-03-28 00:00:00,43.390327271999034,DK,415.1290815478034,12.37068642001049,8.501667885655966,0.0,0,4,3,0,38.17578928412624,38.843815685606394,34.695269927913145,43.19014808718991,38.136103339184395,4.114700419724598,33.4341785979551,6.087228723621108,42.326571294048904,11.83705826409103,153.03388250223193,0.0
2025-03-28 01:00:00,53.512543066152766,DK,977.8635942736331,6.935121721612619,8.537937431410905,0.0,1,4,3,0,43.390327271999034,41.57658085451063,33.18331370767717,50.12508546548655,41.44303201671617,6.863477630618022,35.128281044494734,8.40041058629986,42.46771536074333,11.953711145870413,48.09591329358318,0.0
2025-03-28 02:00:00,55.8828422718154,DK,1015.5086340201423,8.143219019251353,5.236783548520257,0.0,2,4,3,0,53.512543066152766,38.17578928412624,28.70400438205777,50.90442296033927,45.23031640570175,7.6073737075330055,37.39318420197454,10.018886363230257,42.6751494987215,12.148094741394402,66.31201599549696,0.0
2025-03-28 03:00:00,55.04328474512001,DK,860.8181245280801,8.703838503007265,6.839231427772624,0.0,3,4,3,0,55.8828422718154,43.390327271999034,25.9053835003382,55.71537944119699,47.930227915620684,7.760547620427479,39.82134263903969,10.500926223344099,42.64714555305162,12.117463297587578,75.75680468643175,0.0
2025-03-28 04:00:00,57.1552310560089,DK,860.6133975258593,7.115124916763641,8.130013742499559,0.0,4,4,3,0,55.04328474512001,53.512543066152766,31.679416345640128,59.87924751207022,50.52666961587039,7.815539543638172,41.94432719823708,11.253492103064055,42.5336448673824,11.960782137746017,50.62500258115081,0.0
2025-03-28 05:00:00,63.384894428066985,DK,926.9691784881865,6.167773758142541,6.344728117718697,0.0,5,4,3,0,57.1552310560089,55.8828422718154,28.788507480700375,64.92665402985162,54.728187139860516,6.515926566750231,44.82735944385097,11.984580097307278,42.46940488397471,11.838801021204803,38.04143313163176,0.0
2025-03-28 06:00:00,53.444697355576345,DK,1042.7035945460834,7.8046595572254995,8.909311852409443,385.6161079790082,6,4,3,0,63.384894428066985,55.04328474512001,24.132897723941234,50.21347680562125,56.403915487123406,3.702387926638235,47.27000941315389,10.243982985743097,42.60403907355617,11.948562190020473,60.91271080419133,3435.574161297377
2025-03-28 07:00:00,57.56251528205432,DK,698.4044001048532,0.747391396255729,11.491100746116143,554.6692576128244,7,4,3,0,53.444697355576345,57.1552310560089,33.67097100096212,65.49219524948546,57.078910856440324,3.428906190406834,49.260971436578245,9.666087558218454,42.27363574157988,11.38445833823621,0.5585938991970881,6373.760320002413
2025-03-28 08:00:00,51.36639840431164,DK,801.5373944075504,8.174287256245101,5.191383691607456,494.11791615331504,8,4,3,0,57.56251528205432,63.384894428066985,33.15913593790194,42.6169226688686,56.32617021185637,4.161478004305635,50.778243308779054,8.231337484353578,42.63819723055666,11.535024684940453,66.81897214761106,2565.15569164938
2025-03-28 09:00:00,48.1320888924523,DK,439.8365758177559,6.443161023789883,4.00126655056987,520.7353610386735,9,4,3,0,51.36639840431164,53.444697355576345,38.843815685606394,48.46156943341049,55.17430423641175,5.368908605992829,51.55226607601622,7.402004152233173,42.62446887468341,11.527986610369652,41.514323978485095,2083.600981822969
2025-03-28 10:00:00,51.065447615043375,DK,749.8446245210558,5.227350379689966,7.370992948087172,559.1083896291655,10,4,3,0,48.1320888924523,57.56251528205432,41.57658085451063,48.513149387530305,54.15934032958416,5.493698560622092,52.34300497272727,6.714338799834317,42.730814634163124,11.596242025203546,27.325191992044832,4121.183997172953
2025-03-28 11:00:00,45.80631740620353,DK,678.8487104918088,11.073111611798566,7.663334939479687,723.7096406442404,11,4,3,0,51.065447615043375,51.36639840431164,38.17578928412624,43.084194999938546,51.229577492606914,4.100358550756194,52.978882316233715,5.502660552626511,42.84423640109083,11.61314877187666,122.61380076734825,5546.029375187296
2025-03-28 12:00:00,41.87631570701931,DK,323.36270754012526,14.10321080456206,5.758477181537861,605.8424895970708,12,4,3,0,45.80631740620353,48.1320888924523,43.390327271999034,34.695269927913145,49.30151388451409,5.372836784885559,52.85271468581874,5.754109858937198,43.143446641886925,11.48587551242703,198.90055499791603,3488.730151950821
2025-03-28 13:00:00,40.75131899523519,DK,605.3878301067462,12.338098509781101,9.126731255869469,669.4580865542777,13,4,3,0,41.87631570701931,51.065447615043375,53.512543066152766,33.18331370767717,46.49964783671089,4.518757440726205,51.78927934657562,6.719342841754873,43.45878019553518,11.302970589166069,152.22867483706264,6109.964043049495
2025-03-28 14:00:00,31.27402826351573,DK,-75.1531326004681,15.642091569654347,3.542998329780902,674.9745506765016,14,4,3,0,40.75131899523519,45.80631740620353,55.8828422718154,28.70400438205777,43.15091947991157,6.970598033099058,49.73854484588397,8.792028290888569,43.56586452392926,11.168480252122768,244.6750286734516,2391.43370569146
2025-03-28 15:00:00,32.26197214153408,DK,-226.42836663523758,17.873936801565137,7.606047175290621,606.7461502567875,15,4,3,0,31.27402826351573,41.87631570701931,55.04328474512001,25.9053835003382,40.505900021425205,7.677584809067498,47.84010212891848,9.928557009694643,43.83072238397909,10.800776294183112,319.4776167863445,4614.939842279097
2025-03-28 16:00:00,25.880072077567725,DK,31.87766181977517,17.919715859314397,5.008488287709612,546.2722432092087,16,4,3,0,32.26197214153408,40.75131899523519,57.1552310560089,31.679416345640128,36.30833743184593,7.634397815190694,45.23383888071504,11.274664609980455,43.589083039476066,11.143873214440243,321.11621647856396,2735.9981320141787
2025-03-28 17:00:00,28.62426181331735,DK,146.45674737789673,18.894142062827985,9.658965741641993,451.701158575925,17,4,3,0,25.880072077567725,31.27402826351573,63.384894428066985,28.788507480700375,33.444661499698235,6.496917814698562,42.337119496152575,10.63452404073625,43.582239470001774,11.153403942260148,356.9886042903257,4362.966016144856
2025-03-28 18:00:00,26.946730428406084,DK,256.78553829157374,17.08451113908282,10.205240635563637,413.94329066566974,18,4,3,0,28.62426181331735,32.26197214153408,53.444697355576345,24.132897723941234,30.95639728659603,5.38574541219571,40.128955585555055,10.866955970796953,43.699482499354474,10.953055981997528,291.880520861445,4224.390890720223
2025-03-28 19:00:00,29.65795144875946,DK,-154.7397657183222,15.399834824579235,4.686896753660704,211.79751517717807,19,4,3,0,26.946730428406084,25.880072077567725,57.56251528205432,33.67097100096212,29.10750269551674,2.460336208197028,37.80357526611382,9.722617741237487,43.53227335134603,11.141812261303237,237.15491262432337,992.6730863173195
2025-03-28 20:00:00,34.59842346070346,DK,202.7234647940398,11.38035528805263,5.1210956574102395,141.1502430770734,20,4,3,0,29.65795144875946,28.62426181331735,51.36639840431164,33.15913593790194,29.6615685617147,3.282703617297115,36.40624402081313,8.752738088335835,43.592243664796094,11.087291844558242,129.51248648230748,722.8438968644003
2025-03-28 21:00:00,30.68840167524423,DK,58.744915506584725,13.159386162725628,7.939385703187003,63.87965432116723,21,4,3,0,34.59842346070346,26.946730428406084,48.1320888924523,38.843815685606394,29.399306817333052,3.0906412061183843,34.95260341937912,8.04846736189533,43.25243474769767,11.360754754630555,173.16944417973474,507.165214242003
2025-03-28 22:00:00,48.890373023319874,DK,135.47454001183584,10.827714164994994,5.44594862964837,0.0,22,4,3,0,30.68840167524423,29.65795144875946,51.065447615043375,41.57658085451063,33.23435697495841,8.087413749133413,34.771347203402165,7.668112979316939,43.55717608806472,11.411825035198328,117.23939403883324,0.0
2025-03-28 23:00:00,37.290677431238095,DK,467.32246494607364,15.591766370120645,6.129387493362923,0.0,23,4,3,0,48.890373023319874,34.59842346070346,45.80631740620353,38.17578928412624,34.67875957794519,7.87037827192464,34.06171053882172,6.910683234021398,43.52029642752771,11.431385673242005,243.10317854042512,0.0
2025-03-29 00:00:00,35.12028940904523,DK,550.464575682684,9.5929220087728,6.27098677031222,0.0,0,5,3,1,37.290677431238095,30.68840167524423,41.87631570701931,43.390327271999034,36.04101940805172,6.9136160360554415,33.49870834732388,6.477807205086073,43.17571151657131,11.559401968711564,92.02415266639758,0.0
2025-03-29 01:00:00,50.566629408036796,DK,234.13109115441046,8.934001422406105,2.380863616832087,0.0,1,5,3,1,35.12028940904523,48.890373023319874,40.75131899523519,53.512543066152766,39.52579906793128,8.202171506391165,34.31665088172401,7.9330554488423255,43.052965114149806,11.460079633228137,79.8163814155543,0.0
2025-03-29 02:00:00,51.78930441446275,DK,965.3080699451791,8.667215624706083,6.192534437038925,0.0,2,5,3,1,50.566629408036796,37.290677431238095,31.27402826351573,55.8828422718154,42.39094589355783,9.09107498722335,36.02625722763626,9.308989199502376,42.882401036760115,11.29002723757623,75.12062668514926,0.0
2025-03-29 03:00:00,53.26839180020153,DK,1049.571661422764,6.73841195503068,4.840754381099051,0.0,3,5,3,1,51.78930441446275,35.12028940904523,32.26197214153408,55.04328474512001,46.15427758105071,7.869326757054074,37.77679219919188,10.442826895444025,42.808447164055174,11.212452116989562,45.40619567570039,0.0
2025-03-29 04:00:00,54.71032168578639,DK,727.9001615903135,9.400802476588822,5.233964284427856,0.0,4,5,3,1,53.26839180020153,50.566629408036796,25.880072077567725,57.1552310560089,47.12426902479513,8.598905629134297,40.17931299987677,10.768329684347215,42.70657594029591,11.086839515393548,88.37508720383853,0.0
2025-03-29 05:00:00,51.93533608489029,DK,982.1236198320161,4.441075620319516,9.107473936165029,0.0,5,5,3,1,54.71032168578639,51.78930441446275,28.62426181331735,63.384894428066985,49.56504546707049,7.216763746647741,42.121902522507845,10.595570207783911,42.22951100933021,10.38232028956227,19.723152665396377,0.0
2025-03-29 06:00:00,46.916282442326334,DK,1018.8060372565478,6.089546101409068,3.707196140668887,439.08994543855306,6,5,3,1,51.93533608489029,53.26839180020153,26.946730428406084,53.444697355576345,51.53104430595068,2.6676751771222134,43.786031857001205,9.507869954247745,41.957493721278134,10.158823099523408,37.08257172118638,1627.792551136316
2025-03-29 07:00:00,50.20605116717277,DK,955.0976663093156,4.566678629701473,7.846620302723354,357.75550540199356,7,5,3,1,46.916282442326334,54.71032168578639,29.65795144875946,57.56251528205432,51.47094793247334,2.6976395434167886,45.49837350020231,8.532420134247863,41.650974383158065,9.771088451595961,20.85455370697212,2807.171612098337
2025-03-29 08:00:00,43.99155310892055,DK,742.9516711231354,4.0762554135852405,5.662284068563783,498.7775931868673,8,5,3,1,50.20605116717277,51.93533608489029,34.59842346070346,51.36639840431164,50.17132271488298,4.051965877714486,46.281134304220394,7.844703771757146,41.34368916251677,9.566082663474592,16.61585819678298,2824.2204196585863
2025-03-29 09:00:00,49.09609357567716,DK,639.2287170056635,6.4255380270775255,5.66068959223573,560.7222003811939,9,5,3,1,43.99155310892055,46.916282442326334,30.68840167524423,48.1320888924523,49.47593967746224,3.7617834265406405,47.81510862925648,6.131045499123983,41.3838560243178,9.597796951272732,41.28753893741934,3174.074323833342
2025-03-29 10:00:00,39.83627644759673,DK,664.8891858017109,8.712306398149423,7.800953721330822,689.1828575124208,10,5,3,1,49.09609357567716,50.20605116717277,48.890373023319874,51.065447615043375,46.99693213776397,4.458846367074066,47.06060058127955,6.53077392579316,40.91597389234086,9.37646244496269,75.90428277523537,5376.283576988929
2025-03-29 11:00:00,32.551749677300826,DK,783.9553264031335,9.090276916179269,6.303837661591059,635.5670022210666,11,5,3,1,39.83627644759673,43.99155310892055,37.290677431238095,45.80631740620353,43.76633440316573,6.649232242299556,46.66568993511811,7.27601909102627,40.36370023696991,9.465818924693991,82.63313441282168,4006.5112050656876
2025-03-29 12:00:00,31.20183831875115,DK,528.7200309188866,9.869226706953617,6.76496106689234,737.8747574668743,12,5,3,1,32.551749677300826,49.09609357567716,35.12028940904523,41.87631570701931,41.14726038256986,8.097512505873354,46.33915234426027,7.902243087017176,39.91893034579207,9.640818484442116,97.40163579324653,4991.694006506033
2025-03-29 13:00:00,31.288582230841666,DK,216.4676110315184,9.698535564158,7.560104393519,756.6008464010094,13,5,3,1,31.20183831875115,39.83627644759673,50.566629408036796,40.75131899523519,37.994348893181346,7.527752429172008,44.73264841282734,8.865549994234973,39.52464964727567,9.797521486511963,94.06159208923754,5719.981383016466
2025-03-29 14:00:00,23.35038629133206,DK,324.33974212966905,13.468306282456265,4.961118306086632,687.8690363287536,14,5,3,1,31.288582230841666,32.551749677300826,51.78930441446275,31.27402826351573,34.55415442358326,8.840869160005564,42.36273856923312,10.464593165044311,39.19449789843469,10.212355826334186,181.39527411805088,3412.5996683207504
2025-03-29 15:00:00,19.7411053072271,DK,-503.2619147192886,11.538114489991024,4.399261603437777,611.6749245983668,15,5,3,1,23.35038629133206,31.20183831875115,53.26839180020153,32.26197214153408,29.661656378841588,7.143445172117737,39.568798028151924,11.69194200095329,38.6727951136719,10.87990421930083,133.12808598414082,2690.9180095712927
2025-03-29 16:00:00,23.649841917994568,DK,216.74043818220144,16.708173831990692,3.453434019337682,475.6063329549627,16,5,3,1,19.7411053072271,31.288582230841666,54.71032168578639,25.880072077567725,26.96391729057456,5.368357049847064,36.98042471416927,11.471180859013488,38.57986885702302,11.002749413289008,279.16307280001854,1642.4750900391125
2025-03-29 17:00:00,23.228262906418752,DK,-410.9056689001541,15.677267462419389,3.9729140124953677,398.24411747961403,17,5,3,1,23.649841917994568,23.35038629133206,51.93533608489029,28.62426181331735,25.410002828760884,4.740034367831677,34.588168615963305,11.054681454683507,38.355035569235575,11.266988854452752,245.77671508823366,1582.18963472861
2025-03-29 18:00:00,20.062729823388857,DK,-152.48818828062645,12.58332811047436,11.521923923070728,412.4809452648334,18,5,3,1,23.228262906418752,19.7411053072271,46.916282442326334,26.946730428406084,23.5534847462005,4.164316101036405,32.35037256438518,11.050211887270498,38.068202210693194,11.651124843561437,158.34014633585423,4752.574071057712
2025-03-29 19:00:00,21.817780095704254,DK,-286.89689206976294,14.528724345141507,8.113094233926851,298.38078440938455,19,5,3,1,20.062729823388857,23.649841917994568,50.20605116717277,29.65795144875946,21.9750177236776,1.7285387838549653,29.98468330842947,9.854078196663975,37.74152840431589,12.001816991395813,211.08383109710752,2420.791421506349
2025-03-29 20:00:00,27.782888020307073,DK,-271.94899703640044,12.978149053130984,2.9215863400372353,173.04902403112277,20,5,3,1,21.817780095704254,23.228262906418752,43.99155310892055,34.59842346070346,22.713768011840102,2.949726712509881,28.633961217711683,8.815758241262703,37.457547760966044,12.159024175405742,168.43235284528467,505.57766476610357
2025-03-29 21:00:00,22.53908338392497,DK,298.61196688243,14.188035112289068,2.9788191589661377,81.6171492964139,21,5,3,1,27.782888020307073,20.062729823388857,49.09609357567716,30.68840167524423,23.180097691289745,2.5843161314626637,26.42087703506567,6.139064949770104,37.11799283216107,12.46618920207307,201.30034034754746,243.12272802435734
2025-03-29 22:00:00,26.391117773009796,DK,76.4597597376215,15.093283200138849,6.587467195890261,0.0,22,5,3,1,22.53908338392497,21.817780095704254,39.83627644759673,48.890373023319874,23.636977000458952,2.906234933535001,25.300447145516756,4.467385747632578,36.18052386339816,12.388142373385733,227.8071977595936,0.0
2025-03-29 23:00:00,33.72854323247442,DK,359.89125379488235,7.397710948298711,6.718264667209212,0.0,23,5,3,1,26.391117773009796,27.782888020307073,32.551749677300826,37.290677431238095,25.38702372146823,5.010542647152928,25.398513275114556,4.650209196212176,36.03210160511633,12.395600046375996,54.72612727457861,0.0
2025-03-30 00:00:00,40.12399671442465,DK,410.6158842241632,10.072920744397491,6.721502743088006,0.0,0,6,3,1,33.72854323247442,22.53908338392497,31.20183831875115,35.12028940904523,28.73056820330753,7.032527530901873,26.142026474754015,6.137784910452322,36.240589409507145,12.42164958568261,101.4637323229133,0.0
2025-03-30 01:00:00,46.33061286852648,DK,644.8176879958846,8.265501170169037,5.113823485345883,0.0,1,6,3,1,40.12399671442465,26.391117773009796,31.288582230841666,50.566629408036796,32.816040332111236,9.045558634712975,27.395529027894415,8.40256021750233,36.06408872036088,12.237975811958512,68.31850959406572,0.0
2025-03-30 02:00:00,55.207772029395834,DK,685.3643782120511,8.805099977991263,5.372826552447478,0.0,2,6,3,1,46.33061286852648,33.72854323247442,23.35038629133206,51.78930441446275,37.386854333626026,12.327316313462951,30.050311172733064,11.478107471787856,36.206524870983095,12.447064406913077,77.52978562242174,0.0
2025-03-30 03:00:00,54.436090830950846,DK,516.9549457555598,6.975775271226334,6.279494120771993,0.0,3,6,3,1,55.207772029395834,40.12399671442465,19.7411053072271,53.26839180020153,42.70302224146368,11.493162776902066,32.94155996637671,12.923872032348973,36.255178997264316,12.518732820038538,48.66144063465284,0.0
2025-03-30 04:00:00,50.76890148964786,DK,1052.2660657816473,4.404936684714861,5.795521085039939,0.0,4,6,3,1,54.436090830950846,46.33061286852648,23.649841917994568,54.71032168578639,46.76598619423669,8.489971463449805,35.201481597347815,13.50919647550915,36.09095315575854,12.289865051320703,19.40346719634675,0.0
2025-03-30 05:00:00,51.901488909611416,DK,804.2115965122717,4.946441424920367,1.1851343269582078,0.0,5,6,3,1,50.76890148964786,55.207772029395834,23.228262906418752,51.93533608489029,49.79481047375952,5.687774385680466,37.590917097613875,13.732846284605595,36.08954285678859,12.287969604838084,24.467282770168236,0.0
2025-03-30 06:00:00,46.38990747656645,DK,608.6836202680497,4.006454429792788,5.164135811302891,396.8957768755328,6,6,3,1,51.901488909611416,54.436090830950846,20.062729823388857,46.916282442326334,50.83912893411648,3.828289609857471,39.784848568712,12.745504008768105,36.06761056654859,12.26825916543345,16.05167709800625,2049.623694717821
2025-03-30 07:00:00,49.73446269624218,DK,817.3398809513517,8.101809030759949,3.920922203932651,441.2116318812448,7,6,3,1,46.38990747656645,50.76890148964786,21.817780095704254,50.20605116717277,51.406437238735755,3.2323844076220043,42.111238785423495,11.6703227785105,36.04796104692648,12.244985283933461,65.63930957090346,1729.9564840765318
2025-03-30 08:00:00,45.934068471880416,DK,1153.1646600190816,6.657098685835719,5.974157910270302,668.4201527833383,8,6,3,1,49.73446269624218,51.901488909611416,27.782888020307073,43.99155310892055,49.86081997914986,3.2681683629881175,43.62383715638794,10.787272451964965,36.12889918704982,12.306042219480952,44.31696291295566,3993.247543134664
2025-03-30 09:00:00,45.83408771027885,DK,943.5977390159724,11.349632532859294,11.594253077660099,514.0574104713818,9,6,3,1,45.934068471880416,46.38990747656645,22.53908338392497,49.09609357567716,48.4271527923712,2.6964303079195258,45.56508751691743,8.501949759269975,35.99298227599155,12.173900664007455,128.81415863093807,5960.111713451799
2025-03-30 10:00:00,36.43540863734581,DK,600.2695731184282,8.563233317082188,6.3586984034018865,706.0453178187475,10,6,3,1,45.83408771027885,49.73446269624218,26.391117773009796,39.83627644759673,46.03823731698753,5.29962866726639,46.402111755612104,6.758276088622555,35.85127945056443,12.146983232727763,73.32896484278642,4489.529235143447
2025-03-30 11:00:00,39.275968232469246,DK,479.55798168757485,8.430684934375744,4.372940627655206,679.4339523313506,11,6,3,1,36.43540863734581,45.934068471880416,33.72854323247442,32.551749677300826,43.93398387079716,5.0042699486090925,46.86439717227834,5.954489072919835,36.13145522369645,12.14511759387419,71.07644846271015,2971.1243339581138
2025-03-30 12:00:00,40.472462092029005,DK,355.6729897565235,8.125256984458558,6.843603003954506,738.5960077418338,12,6,3,1,39.275968232469246,45.83408771027885,40.12399671442465,31.20183831875115,42.947742973374254,5.0065583830366895,46.893435953745374,5.919375412710961,36.51773121424969,12.128929609584828,66.01980106349258,5054.657857290819
2025-03-30 13:00:00,28.68012421717926,DK,705.9400741609078,8.80350824197266,5.965375774418427,710.1393967861361,13,6,3,1,40.472462092029005,36.43540863734581,46.33061286852648,31.288582230841666,39.4386865601971,6.464559584751004,45.42256189946644,7.925077383207783,36.40904546368042,12.18936109899846,77.50175736648055,4236.248354048132
2025-03-30 14:00:00,28.17756766584664,DK,246.38709044631082,10.364862644685557,5.840188980903684,616.4510814690537,14,6,3,1,28.68012421717926,39.275968232469246,55.207772029395834,23.35038629133206,36.47926975919147,6.9430048089513665,43.17004486917066,8.694976919816627,36.610178020951864,12.00291594293594,107.43037764319809,3600.190813261727
2025-03-30 15:00:00,27.30292724361482,DK,152.4549388449404,14.980425643058878,6.213701186431344,608.9371930382588,15,6,3,1,28.17756766584664,40.472462092029005,54.436090830950846,19.7411053072271,33.390743014747464,6.008081844381409,40.90894790355933,9.020782954696141,36.92525393496802,11.634443898289673,224.413152447216,3783.753758844001
2025-03-30 16:00:00,20.425303501105823,DK,193.0439889141492,16.104129054054237,9.113087129659085,432.10492743008575,16,6,3,1,27.30292724361482,28.68012421717926,50.76890148964786,23.649841917994568,30.722392158707468,7.701912652410697,38.38031473784749,10.183556046697804,36.79089816759765,11.811683817089266,259.3429725896338,3937.8098528253877
2025-03-30 17:00:00,23.123892459927223,DK,-15.205081339231484,12.248623655468998,2.7382231293481705,470.7490408144519,17,6,3,1,20.425303501105823,28.17756766584664,51.901488909611416,23.228262906418752,28.030379529950466,6.894769533338022,35.98218170037381,10.098049839955873,36.78654939899384,11.816912404032431,150.02878145331474,1289.015911676598
2025-03-30 18:00:00,22.66040770415348,DK,-131.80842916414062,17.187124840539333,5.9472641536229105,364.9079232995263,18,6,3,1,23.123892459927223,27.30292724361482,46.38990747656645,20.062729823388857,25.061703798637875,3.430515994173481,34.00472338600607,10.197600101921315,36.894785977359035,11.668029910465766,295.3972602842842,2170.2038116122512
2025-03-30 19:00:00,24.661352116540026,DK,-102.23288296152984,14.079637498857238,3.1472377400369247,291.34634264627306,19,6,3,1,22.66040770415348,20.425303501105823,49.73446269624218,21.817780095704254,24.391908448531336,2.939991843842288,31.91529750436422,9.201714306477497,37.01326814489386,11.521796151680173,198.2361920992269,916.9362049980799
2025-03-30 20:00:00,22.75758941424156,DK,-27.332953775032088,14.674664991266132,6.111025292684499,227.90591625435746,20,6,3,1,24.661352116540026,23.123892459927223,45.934068471880416,27.782888020307073,23.48857873993049,2.3091780282537044,29.98392424956098,8.388099005518312,36.80388070297446,11.740423137525395,215.34579260589183,1392.7388185828136
2025-03-30 21:00:00,29.902055962706307,DK,59.00216210475785,16.67274445094444,3.162626977027813,120.89361859519397,21,6,3,1,22.75758941424156,22.66040770415348,45.83408771027885,22.53908338392497,23.92176685977907,3.2285922544442127,28.65625493726327,6.752701851456207,37.11067122709035,11.44391839112464,277.9804075264986,382.34141951967166
2025-03-30 22:00:00,35.91842810111982,DK,315.52590872739574,14.104678042806507,4.165266372789833,0.0,22,6,3,1,29.902055962706307,24.661352116540026,36.43540863734581,26.391117773009796,26.50395429311474,5.362975163152783,28.6131732259111,6.700003118095307,37.507642490761604,11.218939181578026,198.94194269122798,0.0
2025-03-30 23:00:00,44.57648237771181,DK,300.9796546101991,10.509611694761418,4.409820171524189,0.0,23,6,3,1,35.91842810111982,22.75758941424156,39.275968232469246,33.72854323247442,30.079385946078833,8.74410312548109,29.05488273801465,7.583362253910891,37.95963995514649,11.278431477121108,110.45193797466597,0.0
2025-03-31 00:00:00,50.987586603409916,DK,566.5280154431158,7.959101238254965,6.95163343868942,0.0,0,0,3,0,44.57648237771181,29.902055962706307,40.472462092029005,40.12399671442465,34.80058242928824,11.230940624185353,29.93114311396306,9.410099059467335,38.412289533854214,11.582961504120828,63.34729252079171,0.0
2025-03-31 01:00:00,60.54198732809424,DK,533.2662065295439,4.180753061626589,6.83690888788483,0.0,1,0,3,0,50.987586603409916,35.91842810111982,28.68012421717926,46.33061286852648,40.78068829788061,13.970798646833089,32.58629837320597,12.880253206193876,39.004430136336204,12.343636776359757,17.4786961623001,0.0
2025-03-31 02:00:00,48.994253130207824,DK,685.7270380632182,5.922730289588374,2.508565247107233,0.0,2,0,3,0,60.54198732809424,44.57648237771181,28.17756766584664,55.207772029395834,45.15346558387498,10.989263313614126,34.32102216190274,13.613439290886934,38.7455335155367,12.050695631794287,35.078734083207586,0.0
2025-03-31 03:00:00,59.50939589854414,DK,373.9132536868523,6.025738640078449,5.109868221999699,0.0,3,0,3,0,48.994253130207824,50.987586603409916,27.30292724361482,54.436090830950846,50.08802223984796,9.286632159191427,37.004894549813514,15.18775070387274,38.95692122668642,12.377952098791253,36.30952615853448,0.0
2025-03-31 04:00:00,57.48530416815675,DK,1036.2782368327155,3.8331333968730137,3.5808402905016568,0.0,4,0,3,0,59.50939589854414,60.54198732809424,20.425303501105823,50.76890148964786,53.68250158435411,6.444041831378156,40.09322793873442,15.277601510982464,39.23677133829096,12.727603634438132,14.692911638223249,0.0
2025-03-31 05:00:00,67.94558461521322,DK,972.2606083241328,5.220652465051877,2.4829901786493327,0.0,5,0,3,0,57.48530416815675,48.994253130207824,23.123892459927223,51.901488909611416,57.57735195727102,6.8865836350360725,43.828368951674925,16.20279513601111,39.90527532602437,13.79806053633822,27.255212160852242,0.0
2025-03-31 06:00:00,52.36106287297974,DK,1119.6020219719305,5.650827012300185,4.565965899151261,408.6378422633723,6,0,3,0,67.94558461521322,59.50939589854414,22.66040770415348,46.38990747656645,57.80626466886599,6.642219945567939,46.30342354907711,14.89066153812102,40.154073467541586,13.972798872940908,31.931845922941438,1865.82645287731
2025-03-31 07:00:00,50.62841916530025,DK,323.71183750579644,5.398699892929478,4.383034423088362,473.85750697047115,7,0,3,0,52.36106287297974,57.48530416815675,24.661352116540026,49.73446269624218,56.15400330840032,7.046316924629779,48.46734580314046,13.256852184989908,40.19132165375234,14.000612181755049,29.145960533916753,2076.9337646904087
2025-03-31 08:00:00,49.38039843926099,DK,1270.687642848365,5.213087329827798,9.853432972691046,622.0608718231873,8,0,3,0,50.62841916530025,67.94558461521322,22.75758941424156,45.934068471880416,56.21836085990918,6.9691858915386025,50.685913221892086,10.505249870433326,40.33491873572653,14.079524698462098,27.176279508411117,6129.435105443532
2025-03-31 09:00:00,38.60101628703937,DK,745.635464962239,7.783177608269617,5.865919650721394,553.5712195563046,9,0,3,0,49.38039843926099,52.36106287297974,29.902055962706307,45.83408771027885,52.73363092465839,9.690486280863404,51.41082658225317,9.153901513155606,40.03354075975822,14.0340347660858,60.577853681869556,3247.2042948691346
2025-03-31 10:00:00,42.942788246703614,DK,891.6365633475033,9.46705334683313,2.244764998491527,634.2084963736428,10,0,3,0,38.60101628703937,50.62841916530025,35.91842810111982,36.43540863734581,50.30987827108287,10.075339815363114,51.99618992771849,8.253453831510448,40.304681576814794,14.024354254229685,89.62509907178435,1423.649034405494
2025-03-31 11:00:00,37.88357235349489,DK,341.4283371261544,7.5657904490241075,3.2467169192048386,699.6463353274524,11,0,3,0,42.942788246703614,49.38039843926099,44.57648237771181,39.275968232469246,45.29954289412981,6.329874231594278,51.43844742570042,8.993409182302688,40.24666508185753,14.031673051730092,57.24118511854441,2271.5535943673017
2025-03-31 12:00:00,38.560736459397155,DK,542.554781012514,13.87364066488988,6.41903151840552,732.3244768862885,12,0,3,0,37.88357235349489,38.60101628703937,50.987586603409916,40.472462092029005,42.99948849186605,5.729598330980404,50.40287658036601,9.734936038757432,40.167009847164536,14.035761175098427,192.47790529848612,4700.81389883292
2025-03-31 13:00:00,35.932704838349345,DK,79.90736481400836,12.111701465629155,8.553150473286573,677.2906573237922,13,0,3,0,38.560736459397155,42.942788246703614,60.54198732809424,28.68012421717926,40.55020277070756,4.89665865451511,48.352103039553946,9.993520694412231,40.46920070637996,13.854600153399186,146.6933123925234,5792.968906241567
2025-03-31 14:00:00,40.54986325143137,DK,45.24620786083912,13.469923912299361,1.2042983030708063,609.4608368018686,14,0,3,0,35.932704838349345,37.88357235349489,48.994253130207824,28.17756766584664,39.078446906069296,2.4048942810003058,47.648403882989236,10.238498174240284,40.98471302244599,13.605294585331151,181.43885020313414,733.972651548604
2025-03-31 15:00:00,33.60432647598951,DK,449.2528801800837,15.761691323262154,0.6164161572686329,641.5577498614704,15,0,3,0,40.54986325143137,38.560736459397155,59.50939589854414,27.30292724361482,38.245665270894314,3.3013477699164486,45.48964809777635,10.241295876994538,41.24727132379493,13.388861847482653,248.43091336979745,395.46656283551835
2025-03-31 16:00:00,24.54688758222299,DK,-51.149182044888555,15.4522014058345,8.118195278290287,561.0567681272792,16,0,3,0,33.60432647598951,35.932704838349345,57.48530416815675,20.425303501105823,35.17968182681421,5.721651938508437,42.74478004894854,11.111081282088103,41.41900399384148,13.13418698531506,238.77052828647373,4554.768405863686
2025-03-31 17:00:00,22.511356694133347,DK,-19.476338508589606,17.216368463072882,5.15549328228853,394.772960757696,17,0,3,0,24.54688758222299,40.54986325143137,67.94558461521322,23.123892459927223,32.61764588358728,7.449533853442212,38.95859438885855,9.343475348483533,41.39348167026674,13.171824913404517,296.4033430562905,2035.2493472154554
2025-03-31 18:00:00,30.057041557777033,DK,94.01354613775084,15.87038667850388,2.63967946379399,417.77214005527486,18,0,3,0,22.511356694133347,33.60432647598951,52.36106287297974,22.66040770415348,31.20036339998393,6.879854711532987,37.09992594592499,8.625867799465968,41.70167474750105,12.795613325245325,251.86917332523342,1102.7845386491756
2025-03-31 19:00:00,22.571805588692655,DK,36.17346444998675,13.719974988656372,5.445523099791593,317.9232696739481,19,0,3,0,30.057041557777033,24.54688758222299,50.62841916530025,24.661352116540026,28.973546858374487,7.196758815086508,34.761874814541024,8.425663736705948,41.614610308840746,12.92307498398973,188.2377136893564,1731.2585089707563
2025-03-31 20:00:00,40.77993216279066,DK,17.071079136495985,15.003176153420366,-0.8952305504870326,181.7148248623896,20,0,3,0,22.571805588692655,22.511356694133347,49.38039843926099,22.75758941424156,29.011891676934365,7.271004029515333,34.04516929150183,7.368617010018814,42.36554125669696,12.287694193480322,225.09529469056153,-162.67666269321177
2025-03-31 21:00:00,40.67670569501803,DK,139.43880989997126,11.059940915505395,4.3830159407410445,106.49251970351025,21,0,3,0,40.77993216279066,30.057041557777033,38.60101628703937,29.902055962706307,30.19062154677245,8.613692611682378,34.21814340883338,7.508323718773943,42.814484995543275,12.006134928104474,122.32229305447032,466.7584114301652
2025-03-31 22:00:00,36.082558384369044,DK,650.6831170476548,12.427208958341618,5.0319072732328936,0.0,22,0,3,0,40.67670569501803,22.571805588692655,42.942788246703614,35.91842810111982,32.11323334713013,8.386454219384113,33.64645758697217,7.029540882667021,42.82132375734533,12.002082172131551,154.43552249428615,0.0
2025-03-31 23:00:00,33.75509169328221,DK,279.0667180420221,10.879303144997289,6.224805206622382,0.0,23,0,3,0,36.082558384369044,40.77993216279066,37.88357235349489,44.57648237771181,33.98718918032161,6.943953811051418,33.30241753195445,6.903208689659186,42.37043247882743,12.135800738718967,118.3592369207479,0.0
2025-04-01 00:00:00,52.960594343810946,DK,460.21980934299347,9.22434211025359,2.3484730229616475,0.0,0,1,4,0,33.75509169328221,40.67670569501803,38.560736459397155,50.987586603409916,37.804447977993924,9.982061184370359,34.50240568898892,8.871361128741906,42.45264113467747,12.203207267145393,85.08848736699764,0.0
2025-04-01 01:00:00,49.203375814273365,DK,759.5404017527827,8.126398977120466,4.547639250353441,0.0,1,1,4,0,52.960594343810946,36.082558384369044,35.932704838349345,60.54198732809424,42.24304301559071,7.455241560838394,35.608294936982595,9.840123824350208,41.98019898826827,11.680737190034492,66.03836033534456,0.0
2025-04-01 02:00:00,59.02007250451538,DK,891.1051865915967,3.496428972791065,2.5254156754275483,0.0,2,1,4,0,49.203375814273365,33.75509169328221,40.54986325143137,48.994253130207824,45.28306640587817,10.017791228369227,37.147479041406264,11.910162141639352,42.39794146219775,12.113742489449756,12.225015561772782,0.0
2025-04-01 03:00:00,47.17565442096891,DK,1010.9594517053498,5.249639437965044,4.887032438895357,0.0,3,1,4,0,59.02007250451538,52.960594343810946,33.60432647598951,59.50939589854414,46.36622452686998,9.768363699021888,38.278423036821216,12.184317581270374,41.88403556729879,11.60728725198823,27.558714228637943,0.0
2025-04-01 04:00:00,53.57171902469613,DK,980.7587462980562,5.892272389170739,2.5855722828206744,0.0,4,1,4,0,47.17565442096891,49.203375814273365,24.54688758222299,57.48530416815675,49.281084633591156,8.628922896388596,40.69715899036064,12.091168741953506,41.72096951965459,11.404297223713934,34.71887390818385,0.0
2025-04-01 05:00:00,57.022788447715776,DK,674.3619305984375,5.701969318944416,3.560063249226282,0.0,5,1,4,0,53.57171902469613,59.02007250451538,22.511356694133347,67.94558461521322,53.15903409266341,4.493064007545199,43.57311163649251,11.460245537422795,41.26585301267553,10.493844923894965,32.51245411418345,0.0
2025-04-01 06:00:00,56.637457268579205,DK,1246.6863064602192,3.3408631002438613,2.3846341379662648,339.4166509034412,6,1,4,0,57.022788447715776,47.17565442096891,30.057041557777033,52.36106287297974,53.77184458012479,4.706271351612822,45.78814627905936,11.175565636963325,41.44403611249218,10.724207731843569,11.161366254571025,809.3845327385242
2025-04-01 07:00:00,52.57670101880792,DK,673.6938345407966,8.278917673988165,5.678537411194037,409.199970481657,7,1,4,0,56.637457268579205,53.57171902469613,22.571805588692655,50.62841916530025,54.334065447547225,4.228613428065123,48.28855423156896,8.55935140715345,41.52521452305499,10.803831247521645,68.5404778526736,2323.657341039585
2025-04-01 08:00:00,55.4916113282186,DK,913.539794940026,4.679832930758844,6.0931671608600535,510.59805630389604,8,1,4,0,52.57670101880792,57.022788447715776,40.77993216279066,49.38039843926099,53.74598858483109,3.6527277908214084,49.51452749535463,8.43884935320073,41.77984839342823,11.065857999200002,21.900836259814916,3111.159309069872
2025-04-01 09:00:00,43.88239276167543,DK,622.6982205894021,9.283872801102763,3.9070237876318954,668.4139406726935,9,1,4,0,55.4916113282186,56.637457268579205,40.67670569501803,38.60101628703937,53.197111641615514,4.879051910242249,49.781668084242746,8.180428088482751,41.99990574653807,11.052399736426716,86.19029418705567,2611.509166192988
2025-04-01 10:00:00,44.85966593000096,DK,657.1723306814015,9.336650907150808,4.452740917466779,528.7184584977997,10,1,4,0,43.88239276167543,52.57670101880792,36.082558384369044,42.942788246703614,51.745102792499644,5.928717059016904,50.51309371304541,7.174792604229489,42.079775650008784,11.066426937086066,87.17305016200001,2354.246313973114
2025-04-01 11:00:00,42.28071381982288,DK,615.1620046119567,8.353727890787768,0.8826072415055113,751.9223085055833,11,1,4,0,44.85966593000096,55.4916113282186,33.75509169328221,37.88357235349489,49.2880903545175,6.344251915834509,51.223562223590456,5.617653983073862,42.26298987777245,11.030274847186968,69.78476967332546,663.6520745365689
2025-04-01 12:00:00,40.38096169730986,DK,484.2714430900547,14.501991597181938,3.180436774759025,716.9011740550854,12,1,4,0,42.28071381982288,43.88239276167543,52.960594343810946,38.560736459397155,46.5786744259726,6.041950027818481,50.1752595030487,6.385322953803592,42.33883259601881,11.00995093890164,210.30776028473554,2280.0588578327147
2025-04-01 13:00:00,37.78199934990799,DK,374.97462829579655,9.821197973250293,3.67938083668911,627.722956808313,13,1,4,0,40.38096169730986,44.85966593000096,49.203375814273365,35.932704838349345,44.11289081448928,6.1229149457887875,49.223478131018254,7.325382567889102,42.41588653400043,10.969565037415746,96.45592962977565,2309.631818030333
2025-04-01 14:00:00,25.54579859616259,DK,492.7422538117296,15.170126920195242,9.02137625283255,599.3432716720918,14,1,4,0,37.78199934990799,42.28071381982288,59.02007250451538,40.54986325143137,39.121922025813284,7.116929863134478,46.43395530532219,9.349552848426898,41.79071717336423,11.495479179762222,230.1327507748324,5406.901158357576
2025-04-01 15:00:00,21.181636431381147,DK,157.15346970952243,16.246021019400573,1.5558560192242723,681.307024775702,15,1,4,0,25.54579859616259,40.38096169730986,47.17565442096891,33.60432647598951,35.3384626374309,9.659791191381268,44.267787139523215,11.84128985520043,41.27310508817221,12.141638808600483,263.9331989628052,1060.0156354370563
2025-04-01 16:00:00,33.81978997002755,DK,-61.84402895034898,13.54412263171978,6.708144548277474,477.7246560028635,16,1,4,0,21.181636431381147,37.78199934990799,53.57171902469613,24.54688758222299,33.49848331076867,8.460469730487093,42.62179305163416,11.803171906757104,41.6594760209974,11.726686051563119,183.44325786306393,3204.646046743341
2025-04-01 17:00:00,28.665000110773097,DK,129.85452051313726,17.994619701940625,5.773507617704215,382.9191402560843,17,1,4,0,33.81978997002755,25.54579859616259,57.022788447715776,22.511356694133347,31.229197692593704,7.392358001771636,40.258644023555604,11.492500552788416,41.91587783002405,11.351071463342162,323.8063382174697,2210.7865732332516
2025-04-01 18:00:00,23.855013017461737,DK,157.8940977849281,14.6956392254679,4.341062879752872,406.8657271182365,18,1,4,0,28.665000110773097,21.181636431381147,56.637457268579205,30.057041557777033,28.47487291261902,6.298265942229258,37.526773669295814,11.135975516696828,41.65745997417759,11.698080597937055,215.9618122451108,1766.229705036638
2025-04-01 19:00:00,36.92873150140848,DK,-308.48447617193267,15.421830903062535,7.297031039162866,276.34097802841364,19,1,4,0,23.855013017461737,33.81978997002755,52.57670101880792,22.571805588692655,28.33266160453577,6.050860229387399,36.222776209512524,10.079510659572113,42.25566522054075,11.02752947181159,237.8328684026546,2016.468694065958
2025-04-01 20:00:00,32.201011504983185,DK,106.46731207775231,14.700406687116178,4.524001015986325,128.10372117318002,20,1,4,0,36.92873150140848,28.665000110773097,55.4916113282186,40.77993216279066,29.44186375600587,6.047811118509029,34.281892890909575,8.074900136338577,41.8982101931321,11.214895061928656,216.10195676661004,579.5413647390953
2025-04-01 21:00:00,40.67599101173072,DK,206.68115786890584,12.978369753771197,4.558108462108457,113.34387535493937,21,1,4,0,32.201011504983185,23.855013017461737,43.88239276167543,40.67670569501803,32.6909228527308,5.958456952686356,34.01469274508085,7.775850005130635,41.8981804146618,11.214898447307842,168.43808146560303,516.6336773835153
2025-04-01 22:00:00,38.766029051943114,DK,110.48729932800138,13.731299999673709,3.6735487647375087,0.0,22,1,4,0,40.67599101173072,36.92873150140848,44.85966593000096,36.082558384369044,33.515296033050056,6.4663911698210335,33.50688967190936,7.179324240870086,42.009991692477385,11.16767395401698,188.5485996810392,0.0
2025-04-01 23:00:00,52.62450396314654,DK,565.7318401110631,12.43233447395621,6.226927835609855,0.0,23,1,4,0,38.766029051943114,32.201011504983185,42.28071381982288,33.75509169328221,37.50854667511229,9.539719354841806,34.368872183853,8.772667687509673,42.79621720372173,11.225317927003399,154.56294047232004,0.0
2025-04-02 00:00:00,54.9679366851999,DK,389.9888825934947,6.0431057848878815,5.972728538394367,0.0,0,2,4,0,52.62450396314654,40.67599101173072,40.38096169730986,52.960594343810946,42.69403395306866,9.078621868658031,35.58445343284384,10.518387651451555,42.87985646794627,11.311492499043954,36.519127527345375,0.0
2025-04-02 01:00:00,48.531254298141086,DK,574.5248132455688,10.891748392320206,2.5284354957801747,0.0,1,2,4,0,54.9679366851999,38.766029051943114,37.78199934990799,49.203375814273365,44.627787752524085,8.837475676082352,36.48022467852993,11.160656700054457,42.851851404774095,11.295977384223756,118.6301830416098,0.0
2025-04-02 02:00:00,57.68884569941985,DK,635.3856351432261,3.8347369942805685,1.1412956815750648,0.0,2,2,4,0,48.531254298141086,52.62450396314654,25.54579859616259,59.02007250451538,48.875760118263536,7.725279711336524,39.15881193713471,12.11426211753071,42.79638362122844,11.2161192282271,14.705207815303968,0.0
2025-04-02 03:00:00,58.374672462866485,DK,776.6692001095673,8.311775568695856,3.3738287959812854,0.0,3,2,4,0,57.68884569941985,54.9679366851999,21.181636431381147,47.17565442096891,51.8255403601195,7.337378749532746,42.25823160642515,11.851744951378315,43.263009372974174,11.631497572175302,69.08561310436932,0.0
2025-04-02 04:00:00,63.41175192712674,DK,633.7576845131789,7.859586767109251,2.1797129419773067,0.0,4,2,4,0,58.374672462866485,48.531254298141086,33.81978997002755,53.57171902469613,55.93316083931676,5.131078277142355,44.72422843618341,12.96285912153589,43.67301074390878,12.17155955781119,61.77310414971885,0.0
2025-04-02 05:00:00,52.17195264622434,DK,614.9527366256754,3.0999175810847928,3.6527409215418896,0.0,5,2,4,0,63.41175192712674,57.68884569941985,28.665000110773097,57.022788447715776,55.85773561982973,5.192401455896104,46.68314114747101,12.060131900486633,43.470892585513305,11.978990365951638,9.609489009518592,0.0
2025-04-02 06:00:00,59.83281159974769,DK,1238.9010126449944,4.474178712752182,6.2546663401408775,372.4736956416154,6,2,4,0,52.17195264622434,58.374672462866485,23.855013017461737,56.637457268579205,56.668548105587696,5.401298917402099,49.68129102932818,10.197317662204052,43.604032349312,12.148253361425775,20.018275153644773,2329.6986867174896
2025-04-02 07:00:00,60.11915081045207,DK,733.5706434808687,3.4356865618524663,2.8651867605990198,544.889018262738,7,2,4,0,59.83281159974769,63.41175192712674,36.92873150140848,52.57670101880792,58.59986419097286,3.7197141708402053,51.613825971748476,9.748393849972738,43.91830109063051,12.48340006011198,11.80394215129362,1561.2088011221942
2025-04-02 08:00:00,43.583664234365536,DK,654.734232000958,5.881934473175949,3.69414330814945,474.2620253407073,8,2,4,0,60.11915081045207,52.17195264622434,32.201011504983185,55.4916113282186,56.249000613463814,7.220502983148192,52.562380365863675,8.10259260383189,43.422136628386625,12.237635364446254,34.597153146735636,1751.9918872217786
2025-04-02 09:00:00,43.30420234525953,DK,342.87536787253083,6.628483738243382,3.89583554038939,579.4142350805923,9,2,4,0,43.583664234365536,59.83281159974769,40.67599101173072,43.88239276167543,53.73725559386265,8.784924129216781,52.78139797699108,7.781236521014854,43.39804536103596,12.237259013303083,43.93679666815696,2257.3025696345044
2025-04-02 10:00:00,35.37540246630692,DK,542.2076504620995,9.941177154511692,5.476651835183169,673.9311932296263,10,2,4,0,43.30420234525953,60.11915081045207,38.766029051943114,44.85966593000096,49.06453068372602,9.984288479818677,52.49884576152139,8.375310818193737,43.00286771671538,12.340707088268944,98.82700321738518,3690.8865061882157
2025-04-02 11:00:00,40.33220148904059,DK,284.7915638697609,12.166928264801328,-1.2571344248466296,685.3787967508869,11,2,4,0,35.37540246630692,43.583664234365536,52.62450396314654,42.28071381982288,47.09123882419539,10.408307255026639,51.47448722201256,9.08056797470071,42.921679702932785,12.352068897446783,148.03414340082145,-861.6132794555012
2025-04-02 12:00:00,41.396478805995926,DK,748.4030320272739,13.642865695629563,2.0232436535919875,650.8848209811342,12,2,4,0,40.33220148904059,43.30420234525953,54.9679366851999,40.38096169730986,44.018516691903436,8.427303087367038,50.343532398745566,9.443791712062236,42.963992915794705,12.344724201556879,186.12778438898593,1316.8985832694368
2025-04-02 13:00:00,41.735710219943684,DK,492.55389531726644,10.984263845693386,3.6592116276815263,744.1669320126973,13,2,4,0,41.396478805995926,35.37540246630692,48.531254298141086,37.78199934990799,40.9546099268187,2.9917494885096843,49.777237058895786,9.760771144618019,43.12873086871286,12.29886041719255,120.65405223180684,2723.06429055695
2025-04-02 14:00:00,31.53948295745081,DK,32.36993096445539,12.81350308757292,5.636802155976303,769.1109274254165,14,2,4,0,41.735710219943684,40.33220148904059,57.68884569941985,25.54579859616259,38.94724638066625,4.523460265521277,47.598123497065025,10.707002292949081,43.37846771709986,11.983103267085225,164.18586137524076,4335.326133896522
2025-04-02 15:00:00,36.995285012915716,DK,516.9337704755882,10.778108260959451,2.2528393481101707,607.2939463664871,15,2,4,0,31.53948295745081,41.396478805995926,58.374672462866485,21.181636431381147,37.895760158608944,4.012525691418748,45.8165078762358,10.528037047364329,44.03736974133047,11.112675150806194,116.16761768496237,1368.13569824353
2025-04-02 16:00:00,20.530898569460547,DK,183.3403955060996,13.173751178967432,-0.5164611689611673,479.7965855132001,16,2,4,0,36.995285012915716,41.735710219943684,63.41175192712674,33.81978997002755,35.42167617580122,8.233607689351011,42.243103429763615,11.264481578375188,43.48366593297351,11.943895599231077,173.54772012534582,-247.79630541772403
2025-04-02 17:00:00,18.486517854099365,DK,-127.92918984625868,17.03952063009362,4.476067135054853,363.1386395332085,17,2,4,0,20.530898569460547,31.53948295745081,52.17195264622434,28.665000110773097,31.78072890331101,10.218696826831911,39.4359838637532,12.674269804612369,43.059562505612114,12.65263436065072,290.34526330338605,1625.4329298831256
2025-04-02 18:00:00,27.31970720576141,DK,-579.8811429747146,18.327026163849006,1.9659194654713221,362.8987990610591,18,2,4,0,18.486517854099365,36.995285012915716,59.83281159974769,23.855013017461737,29.43460030327192,9.127113192472416,36.726558497587675,11.320496353013475,43.20392476345793,12.44200240213873,335.879888010406,713.429813070302
2025-04-02 19:00:00,31.093298868492404,DK,395.22560137361415,12.275874162829712,0.8573109249418582,314.6072013799308,19,2,4,0,27.31970720576141,20.530898569460547,60.11915081045207,36.92873150140848,27.660865078030042,7.058018588721093,34.30773750242437,8.655013855971806,42.96078173708642,12.6256280277065,150.69708646163008,269.7161908083979
2025-04-02 20:00:00,31.459164593048428,DK,-290.9271952449385,12.894962753354685,1.9879534636961327,198.75838732476905,20,2,4,0,31.093298868492404,18.486517854099365,43.583664234365536,32.201011504983185,27.647478683962976,7.0492617964097795,33.297362532314615,8.167692303653137,42.92987144908914,12.653991846433382,166.28006441040463,395.12242452093216
2025-04-02 21:00:00,24.44229459121221,DK,-262.6331399846522,13.094303984881176,2.8675935278108815,102.39243453876574,21,2,4,0,31.459164593048428,27.31970720576141,43.30420234525953,40.67599101173072,25.55531361367906,5.386821942268577,31.725536886144003,7.876610531387364,42.253467431567536,13.201730297517154,171.46079684847504,293.619882580164
2025-04-02 22:00:00,37.98283644732863,DK,374.5140864019278,12.570134033080096,2.0271549140461556,0.0,22,2,4,0,24.44229459121221,31.093298868492404,35.37540246630692,38.766029051943114,28.463969926657075,6.686196843507967,31.942823051229144,8.021089519110799,42.22083440637527,13.21168983385985,158.0082696095985,0.0
2025-04-02 23:00:00,35.79841683621234,DK,778.5409587165938,9.12627825509523,-1.1744878710755575,0.0,23,2,4,0,37.98283644732863,31.459164593048428,40.33220148904059,52.62450396314654,31.349286423675903,5.0560932553061475,31.565007663493457,7.689944124781917,41.51974744275301,13.081410253363103,83.28895478942403,-0.0
2025-04-03 00:00:00,49.53959521713408,DK,696.8545637021036,10.288420082379158,5.030776636896845,0.0,0,3,4,0,35.79841683621234,24.44229459121221,41.396478805995926,54.9679366851999,35.052601092238014,8.487437577424034,32.243600697754964,8.900407334339468,41.29356654825026,12.884220454023046,105.85158779150277,0.0
2025-04-03 01:00:00,51.609066271020694,DK,662.1913465617323,7.235517474508807,5.786394325680025,0.0,1,3,4,0,49.53959521713408,37.98283644732863,41.735710219943684,48.531254298141086,38.47189565932606,10.473528500477038,33.066380368678054,10.21668543891139,41.421808713786916,12.97439426344118,52.35271312392231,0.0
2025-04-03 02:00:00,48.13159201301129,DK,788.9508683330572,7.030944690682095,4.5396882258015925,0.0,2,3,4,0,51.609066271020694,35.79841683621234,31.53948295745081,57.68884569941985,41.250633562653206,10.452531051153725,34.44905612330809,11.077721107163878,41.02358981018656,12.594515145266737,49.434183243430745,0.0
2025-04-03 03:00:00,52.57845812825728,DK,944.2365023493353,7.2393799181066765,0.9612729022729476,0.0,3,3,4,0,48.13159201301129,49.53959521713408,36.995285012915716,58.374672462866485,45.93999415216072,7.212984969571794,35.747653882919884,12.25424088377238,40.78208087957784,12.299446338232533,52.40862159868623,0.0
2025-04-03 04:00:00,51.27252653002024,DK,1004.7984198495724,5.519149295162697,2.8336611752275447,0.0,4,3,4,0,52.57845812825728,51.609066271020694,20.530898569460547,63.41175192712674,48.15494249927599,6.25810397157734,38.30945621296653,11.994501279233623,40.27627982136507,11.555469531963778,30.46100894229489,0.0
2025-04-03 05:00:00,56.683174462759006,DK,959.2011979384095,4.309206922548789,3.2236016126636646,0.0,5,3,4,0,51.27252653002024,48.13159201301129,18.486517854099365,52.17195264622434,51.635735437033766,2.9383949259115374,41.49251093035483,11.304107296383119,40.46424739705402,11.791661288688841,18.569264301342404,0.0
2025-04-03 06:00:00,61.178265902261685,DK,940.8402207903753,4.976715942896427,4.434233022246401,282.8936125757443,6,3,4,0,56.683174462759006,52.57845812825728,27.31970720576141,59.83281159974769,53.57551388455503,4.631640422326094,44.31405748839652,11.664781270977832,40.520307992992095,11.890531862121591,24.767701576279475,1254.4161986659453
2025-04-03 07:00:00,49.89839814452641,DK,890.4442875646298,5.370498242500404,4.5733252205587425,372.2954580151103,7,3,4,0,61.178265902261685,51.27252653002024,31.093298868492404,60.11915081045207,53.290402530139325,4.825494752891485,45.881149094732685,10.969649998325764,40.09444329857853,11.327785156268007,28.84225137269993,1702.6282076399723
2025-04-03 08:00:00,54.897594244070326,DK,702.2197841188841,5.4718827360759015,1.7682966455655893,517.551534511635,8,3,4,0,49.89839814452641,56.683174462759006,31.459164593048428,43.583664234365536,54.418069568649166,4.117449200807791,47.83435156565118,10.230027456636137,40.5658570489829,11.708331395559474,29.941500677365493,915.1846423842476
2025-04-03 09:00:00,46.5692068167262,DK,717.418375219919,6.627088443367397,3.4006353559497016,622.6265947600513,9,3,4,0,54.897594244070326,61.178265902261685,24.44229459121221,43.30420234525953,53.41652768339398,5.233906742874668,49.67826091777735,7.165576299559237,40.701898901960675,11.760384957067314,43.91830123621371,2117.3260116955976
2025-04-03 10:00:00,41.6071991937957,DK,331.4086371609229,11.479278693069185,4.151205052353063,742.9269324709018,10,3,4,0,46.5692068167262,49.89839814452641,37.98283644732863,35.37540246630692,51.80563979402322,7.159087073676191,49.98029114664961,6.688285127753226,40.96155709893937,11.706339636989558,131.77383931315217,3084.0420356023706
2025-04-03 11:00:00,41.14408386149059,DK,529.7415971923106,10.568842707951333,5.682210167861351,723.3779848919304,11,3,4,0,41.6071991937957,54.897594244070326,35.79841683621234,40.33220148904059,49.215791360478484,7.821728448978368,50.425763398756125,5.773264330687462,40.99538553112479,11.705614928869323,111.70043618541607,4110.385740959981
2025-04-03 12:00:00,32.632555914919244,DK,222.28177856981657,10.161230477498075,4.179578603217264,687.8659361593983,12,3,4,0,41.14408386149059,46.5692068167262,49.53959521713408,41.396478805995926,44.458173029254745,7.771621287920001,49.016843456904894,7.737915299696598,40.63022207732993,11.828610229055567,103.25060481683575,2874.9897486538334
2025-04-03 13:00:00,31.455678432727634,DK,69.8726140055854,13.403201747378207,4.348678898318855,636.7555788178793,13,3,4,0,32.632555914919244,41.6071991937957,51.609066271020694,41.735710219943684,41.384386410621616,8.772346534204123,47.337394470380474,9.177328667311214,40.201887419529264,11.972096747140665,179.6458170809222,2769.04554899212
2025-04-03 14:00:00,25.179619592407693,DK,205.97883023069585,12.4650008950567,2.9382187794265398,714.6089199605111,14,3,4,0,31.455678432727634,41.14408386149059,48.13159201301129,31.53948295745081,36.431390635344506,7.9695043429820736,45.424730101996836,11.171773661247439,39.93689311265246,12.239567454788828,155.37624731376434,2099.677348573691
2025-04-03 15:00:00,38.675832949641205,DK,344.8470666756463,16.391926960081378,5.5914838139748255,549.2521021277561,15,3,4,0,25.179619592407693,32.632555914919244,52.57845812825728,36.995285012915716,35.11582832416368,6.472139933146939,44.26617800377883,11.082987235346991,40.00691594334936,12.226807329453235,268.6952694646427,3071.1342388389958
2025-04-03 16:00:00,27.60772362039365,DK,170.65061930824336,15.425468735862742,3.5900911154868127,606.4234277386162,16,3,4,0,38.675832949641205,31.455678432727634,51.27252653002024,20.530898569460547,32.78258239526334,6.180817060202719,42.29411109464328,11.804872933320906,40.301783653804904,11.815094973140708,237.9450857210789,2177.1153601474653
2025-04-03 17:00:00,23.50480251091221,DK,-377.0630338691696,14.795906115396992,1.048389703220677,426.3674333055568,17,3,4,0,27.60772362039365,25.179619592407693,56.683174462759006,18.486517854099365,29.84270217016694,5.573465996016134,39.52924676532271,12.011980950923377,40.510878847838775,11.451034216741332,218.91883777564212,446.9992268661745
2025-04-03 18:00:00,28.667345253915617,DK,-277.92562731406747,15.891987407879844,5.577305463818199,429.52910363089256,18,3,4,0,23.50480251091221,38.675832949641205,61.178265902261685,27.31970720576141,29.18183372666633,5.4091646935460025,36.82000337796054,10.217566994184693,40.56703043317853,11.386660489257729,252.55526377221153,2395.6150165495105
2025-04-03 19:00:00,28.611331375341717,DK,125.19132445310899,11.503512641959302,4.166372068645873,293.3598987170818,19,3,4,0,28.667345253915617,27.60772362039365,49.89839814452641,31.093298868492404,28.707775883768686,5.29343048626561,35.046081147195146,9.567756997018558,40.46361512096392,11.487269570010305,132.3308031037175,1222.246488075632
2025-04-03 20:00:00,30.517790335852776,DK,-209.5101805998812,11.727049373347608,1.8844774813108534,168.15022552787707,20,3,4,0,28.611331375341717,23.50480251091221,54.897594244070326,31.459164593048428,29.597471007676194,5.023563527697929,33.01443082151035,7.285435797661926,40.42439119358077,11.520910491938405,137.52368700493253,316.87531348462574
2025-04-03 21:00:00,37.85033859162872,DK,21.519979407321244,10.659958525507664,1.8115795887693311,76.54280799340209,21,3,4,0,30.517790335852776,28.667345253915617,46.5692068167262,24.44229459121221,29.459888614674114,4.727801749308764,32.2878584694189,6.158309135314804,40.98305969359812,11.02670550766794,113.63471576554352,138.66338862793722
2025-04-03 22:00:00,42.2159751951291,DK,280.01041980491016,12.196390944475041,3.3637166138493413,0.0,22,3,4,0,37.85033859162872,28.611331375341717,41.6071991937957,37.98283644732863,31.89459721046336,6.862666258931704,32.338589802863346,6.243971577239351,41.15944047475648,11.010472261921658,148.75195207047278,0.0
2025-04-03 23:00:00,39.66825860068396,DK,96.92158647601212,14.111208333415451,3.6969351141029874,0.0,23,3,4,0,42.2159751951291,30.517790335852776,41.14408386149059,35.79841683621234,34.588506558758645,6.032896679963765,32.21560436446279,6.066785922198344,41.32068388160946,10.95675402059707,199.12620062905367,0.0
2025-04-04 00:00:00,43.31214126976048,DK,441.075101229192,13.803591325342989,3.1651500548302307,0.0,0,4,4,0,39.66825860068396,37.85033859162872,32.632555914919244,49.53959521713408,37.02930589473279,6.120062985585384,33.10556981069956,6.864398447012903,41.06120663380222,10.8266178944334,190.53913347708422,0.0
2025-04-04 01:00:00,48.40081655477823,DK,282.60442356761945,9.359991411038898,3.393182870453588,0.0,1,4,4,0,43.31214126976048,42.2159751951291,31.455678432727634,51.609066271020694,40.32755342463887,6.007565127551733,34.51766465420378,8.121877949383009,40.92752956229213,10.709897346920854,87.60943921472195,0.0
2025-04-04 02:00:00,41.32138512097015,DK,549.7264712097573,7.962231221834313,6.170480272720579,0.0,2,4,4,0,48.40081655477823,39.66825860068396,25.179619592407693,48.13159201301129,42.12815255549177,3.626499690093187,35.862811781583986,7.763506662898624,40.643770941790414,10.600385306103401,63.397126029953135,0.0
2025-04-04 03:00:00,47.57183740394799,DK,837.5097774217811,2.445388993300545,4.913651828037589,0.0,3,4,4,0,41.32138512097015,43.31214126976048,38.675832949641205,52.57845812825728,43.74840235754499,3.502577790850551,36.60414548610955,8.450850832631298,40.43516174494419,10.402727063460565,5.979927328555452,0.0
2025-04-04 04:00:00,63.40296547668761,DK,534.4139551858855,4.321650195579522,3.1518367060978667,0.0,4,4,4,0,47.57183740394799,48.40081655477823,27.60772362039365,51.27252653002024,47.27956740447141,8.607891899521471,39.587082307467384,10.938056497170221,40.940596701055334,11.215139579480175,18.676660412952522,0.0
2025-04-04 05:00:00,65.22140851663129,DK,991.057860736614,3.507104239292193,4.653186685102785,0.0,5,4,4,0,63.40296547668761,41.32138512097015,23.50480251091221,56.683174462759006,51.53842572379596,10.253091343123122,43.0634661412773,11.944979551379458,41.296356453300014,11.853483602638832,12.299780145261273,0.0
2025-04-04 06:00:00,55.1573741019736,DK,916.0724402146637,3.854933393752601,0.7055177165127389,301.0139387641597,6,4,4,0,65.22140851663129,47.57183740394799,28.667345253915617,61.178265902261685,53.51263119583147,9.462235659953189,45.27096854528213,11.481389732581176,41.04548596162134,11.47197665722203,14.860511470268946,212.37066671539537
2025-04-04 07:00:00,57.709813191482965,DK,1013.4609040279638,5.111629563248241,3.566419623461436,382.920045625595,7,4,4,0,55.1573741019736,63.40296547668761,28.611331375341717,49.89839814452641,55.064130635282275,9.216423418429574,47.69584202996057,10.688424582456761,41.37096158857786,11.83900523957977,26.1287567918734,1365.6535649358705
2025-04-04 08:00:00,53.93361243919879,DK,897.7955287051517,5.168416679952648,6.389178223034039,440.6327826444644,8,4,4,0,57.709813191482965,65.22140851663129,30.517790335852776,54.897594244070326,57.16616852165371,6.490237909429331,49.64716053857274,9.316647920459502,41.33079568004155,11.792663014952584,26.712530977612747,2815.2813792269026
2025-04-04 09:00:00,64.6148989508646,DK,1046.3814765880427,3.086773987456771,2.3344737327830702,507.79274852189707,9,4,4,0,53.93361243919879,55.1573741019736,37.85033859162872,46.5692068167262,60.00667877947314,5.0127306902959985,51.87754056850906,9.438664473167892,42.082699518963985,12.682885783494845,9.528173649639774,1185.428833122088
2025-04-04 10:00:00,51.16943791228031,DK,695.0449005295815,9.678497903801563,1.0752976663296483,585.3365161689392,10,4,4,0,64.6148989508646,57.709813191482965,42.2159751951291,41.6071991937957,57.9677575187386,5.783704837514341,52.623662461605,8.946545533245766,42.481126132234174,12.8167883703817,93.67332167389125,629.4109898539867
2025-04-04 11:00:00,41.03964770385955,DK,463.52841432621,7.202805827378169,1.097746011460563,652.6229913196493,11,4,4,0,51.16943791228031,53.93361243919879,39.66825860068396,41.14408386149059,53.93746404994331,7.7941268231294325,52.73794488686963,8.773087099441428,42.476774625666216,12.817279774123502,51.880411786912916,716.4142857086066
2025-04-04 12:00:00,33.03106532401399,DK,444.4595006064568,11.131972908567622,0.2226577139619077,797.6629568763284,12,4,4,0,41.03964770385955,64.6148989508646,43.31214126976048,32.632555914919244,50.249745920283374,11.469401046303082,51.881188558057424,10.168331324582372,42.49337918437849,12.804223765924634,123.92082083708348,177.60581049017904
2025-04-04 13:00:00,26.191693358175684,DK,399.2500832560172,16.05874634464561,0.8323999723912776,661.7800554064137,13,4,4,0,33.03106532401399,51.16943791228031,48.40081655477823,31.455678432727634,44.99672594806549,14.249966864690524,50.03042829167388,12.59176495958357,42.27404647293883,13.044350638719532,257.8833341616687,550.865699849397
2025-04-04 14:00:00,32.18632723468805,DK,179.772014065141,11.195158758184801,1.6609075914666265,661.9963966379552,14,4,4,0,26.191693358175684,41.03964770385955,41.32138512097015,25.179619592407693,41.372178413980365,14.287911563998003,49.26917346781704,13.415352112994752,42.565992624700506,12.719488624869262,125.33157962096186,1099.5148406995318
2025-04-04 15:00:00,25.07045355863774,DK,74.56494764750293,8.886390706204363,-0.4092102497105996,617.5114427406082,15,4,4,0,32.18632723468805,33.03106532401399,47.57183740394799,38.675832949641205,34.78143751527589,9.855121166617954,47.394058147374515,15.13632836895653,41.999101816742034,13.19471529685643,78.96793978331527,-252.69201168303692
2025-04-04 16:00:00,20.320137312546635,DK,-153.4110394535703,14.015463974495258,2.4331604565458904,531.5532593107926,16,4,4,0,25.07045355863774,26.191693358175684,63.40296547668761,27.60772362039365,29.639887415320274,7.315278367946503,43.80382246702943,16.074336887294425,41.6954523872484,13.617387597825232,196.43323042037443,1293.354371103104
2025-04-04 17:00:00,23.770565629662507,DK,-195.54309665472383,17.113717740191518,4.206478136219979,436.7144927495826,17,4,4,0,20.320137312546635,32.18632723468805,65.22140851663129,23.50480251091221,26.761707069620766,4.946864845049791,40.349585559782035,15.496817051521798,41.706525850529665,13.602051498382584,292.87933489094587,1837.0299655215176
2025-04-04 18:00:00,22.18970568217253,DK,-360.5210543599387,18.814536531489402,0.5864114283528437,290.23531182003785,18,4,4,0,23.770565629662507,25.07045355863774,55.1573741019736,28.667345253915617,24.954813795980524,4.107712816809166,37.60227985813194,15.55518942420188,41.43662420170704,13.932291592522962,353.9867848947493,170.19730376282138
2025-04-04 19:00:00,37.60867979915869,DK,286.9524354928537,12.087453823980397,5.440491635930222,331.95971162807854,19,4,4,0,22.18970568217253,20.320137312546635,57.709813191482965,28.611331375341717,26.857644869477692,6.651802464540018,35.927185408771585,14.217847124738904,41.81151371936608,13.691147946432151,146.1065399468583,1806.0240345783698
2025-04-04 20:00:00,36.03083711826615,DK,-261.7853489704763,14.87527082442919,3.423507965701874,265.35983218189426,20,4,4,0,37.60867979915869,23.770565629662507,53.93361243919879,30.517790335852776,27.498396516740712,7.4097449939847415,34.43528746536054,13.047776407840677,42.04122400196664,13.53882479753811,221.27368210011429,908.4614992520275
2025-04-04 21:00:00,34.73964188482851,DK,-72.13443015245531,12.018475691534595,4.463084959894799,18.379691878574135,21,4,4,0,36.03083711826615,22.18970568217253,64.6148989508646,37.85033859162872,29.10992790443917,7.816394710750414,31.945682709857532,8.982787890851155,41.9116116391833,13.595461622564914,144.44375794800797,82.0301263907648
2025-04-04 22:00:00,45.8281573393427,DK,26.318546886160277,11.599896113128283,1.0862546809424103,0.0,22,4,4,0,34.73964188482851,37.60867979915869,51.16943791228031,42.2159751951291,33.36126457557185,8.936170625184795,31.50057599544606,8.024893990357844,42.06211922852553,13.618951464818796,134.55758983536865,0.0
2025-04-04 23:00:00,42.7076058769747,DK,469.5753528376274,15.836153095268264,4.110974242779916,0.0,23,4,4,0,45.8281573393427,36.03083711826615,41.03964770385955,39.66825860068396,36.51743795012388,8.183883362340032,31.639572509872323,8.217276414837247,42.18875869837098,13.609851738650526,250.7837448567746,0.0
2025-04-05 00:00:00,36.88481146634257,DK,361.01006434159444,6.236338442956345,0.2180559878560584,0.0,0,5,4,1,42.7076058769747,34.73964188482851,33.03106532401399,43.31214126976048,38.96662224748555,4.329890609832859,31.96071802173304,8.35082257590914,41.92095328989523,13.649962691715457,38.89191717509517,0.0
2025-04-05 01:00:00,52.39169542688474,DK,798.9579370860072,8.492656597935458,4.182418790319701,0.0,1,5,4,1,36.88481146634257,45.8281573393427,26.191693358175684,48.40081655477823,41.430458185439896,6.865936505239681,34.14405152745879,9.972865296446981,42.087239909566335,13.75622903549474,72.12521609045666,0.0
2025-04-05 02:00:00,50.52554116307137,DK,535.3018751512263,7.7972166822651925,2.7456024682337468,0.0,2,5,4,1,52.39169542688474,42.7076058769747,32.18632723468805,41.32138512097015,43.846242192907425,7.1309743085560395,35.67231935482407,10.99806492103829,42.470746411320555,13.86184440669253,60.79658799019462,0.0
2025-04-05 03:00:00,44.96156194330847,DK,829.3522230380341,8.120365178273644,3.5084262286162518,0.0,3,5,4,1,50.52554116307137,36.88481146634257,25.07045355863774,47.57183740394799,45.549895535987424,5.570514045232006,37.329911720213296,10.751113566810014,42.361984933793906,13.83028487470537,65.94033062851915,0.0
2025-04-05 04:00:00,50.61690074904695,DK,685.9432912402679,5.504252168778284,0.05073457739698117,0.0,4,5,4,1,44.96156194330847,52.39169542688474,20.320137312546635,63.40296547668761,46.3480194376048,5.948583617376536,39.85464200658832,9.918629707485135,41.82923223680888,13.217206992828975,30.29679193750044,0.0
2025-04-05 05:00:00,47.61847868220107,DK,1331.992738699212,5.600060888905803,0.6117841040934751,0.0,5,5,4,1,50.61690074904695,50.52554116307137,23.770565629662507,65.22140851663129,47.16649823847587,5.679264842908988,41.841968094299865,8.719661353392395,41.09577682704095,12.320688495520502,31.360681959452457,0.0
2025-04-05 06:00:00,44.48855564493381,DK,682.4803161940974,4.214619522200179,3.596380225153454,401.34931316598664,6,5,4,1,47.61847868220107,44.96156194330847,22.18970568217253,55.1573741019736,48.43378893490774,3.2586004719197534,43.70020559119664,6.147533754618215,40.65124272466429,11.979012755344984,17.763017716910866,1443.4047332490752
2025-04-05 07:00:00,54.45791611386234,DK,964.9270551899398,5.887459149696961,0.505227780198283,495.8816870037477,7,5,4,1,44.48855564493381,50.61690074904695,37.60867979915869,57.709813191482965,48.778159049403996,3.8211496959008207,45.10430861742194,6.541319504234199,40.51574701309677,11.794644984665165,34.66217523935047,250.5332039658832
2025-04-05 08:00:00,56.924444868831756,DK,979.7680780786391,5.3275013511410085,3.3283363728449307,496.80262559708774,8,5,4,1,54.45791611386234,47.61847868220107,36.03083711826615,53.93361243919879,49.844643000364066,5.089012188767605,46.845442596635756,6.685714995246126,40.64036503099814,11.957256298541367,28.38227064640927,1653.526248899649
2025-04-05 09:00:00,37.2276570394927,DK,856.3132100835734,8.189805454709376,-0.33235182427380705,556.6765111881933,9,5,4,1,56.924444868831756,44.48855564493381,34.73964188482851,64.6148989508646,48.555658849728104,7.139540581446868,47.05277719285777,6.303838451912802,39.49922995135764,10.822808554216214,67.07291338598745,-185.0124540237744
2025-04-05 10:00:00,43.38640953856028,DK,632.9424682244584,7.344744786268154,4.098272213980021,657.016044473036,10,5,4,1,37.2276570394927,54.45791611386234,45.8281573393427,51.16943791228031,47.35057698131366,7.32972421018211,46.84929820945922,6.385835783104775,39.174937102452645,10.571610230430988,53.94527597541323,2692.630599202905
2025-04-05 11:00:00,33.42602281565425,DK,523.4453826045753,10.004405829344368,-0.3182161784224786,731.155845426071,11,5,4,1,43.38640953856028,56.924444868831756,42.7076058769747,41.03964770385955,44.98516767022252,9.261476719440761,46.07583295434919,7.412640371488389,38.85770273211076,10.627309472232886,100.08813599821957,-232.6656189627408
2025-04-05 12:00:00,30.373140608192635,DK,428.762294395822,10.496866715657578,3.251430326473586,706.9530199326708,12,5,4,1,33.42602281565425,37.2276570394927,36.88481146634257,33.03106532401399,42.632598497432326,11.035687347917886,45.533193716170025,8.328405898208846,38.74695586895153,10.704239278765359,110.18421084627991,2298.6084884011716
2025-04-05 13:00:00,26.2619553382692,DK,261.1900771230419,14.064594669372209,3.3980923184065412,609.2242150916239,13,5,4,1,30.373140608192635,43.38640953856028,52.39169542688474,26.191693358175684,37.93327170150014,10.996269939487538,43.35571537545207,9.678610121241437,38.74988345145543,10.700665160534879,197.81282321373314,2070.2001254901015
2025-04-05 14:00:00,21.849055206952855,DK,362.77582335898205,12.833053656862887,0.7532868142553897,612.9676691270115,14,5,4,1,26.2619553382692,33.42602281565425,50.52554116307137,32.18632723468805,32.087373424520315,7.714660911453073,40.96600821244219,11.172336202945772,38.31916378363314,11.173926679234487,164.68726615992193,461.7404627182383
2025-04-05 15:00:00,24.09481542478339,DK,508.55120972499674,10.30281397796547,3.3108835852839933,593.7887302355729,15,5,4,1,21.849055206952855,30.373140608192635,44.96156194330847,25.07045355863774,29.898566488735437,7.826789607718831,39.227112669231765,12.080862636598303,38.27851219472253,11.225876093098018,106.14797586456069,1965.9653600635834
2025-04-05 16:00:00,18.276655278479815,DK,-124.51105889378596,17.013228582365677,2.6677149777816513,521.2167197837086,16,5,4,1,24.09481542478339,26.2619553382692,50.61690074904695,20.320137312546635,25.71360744538869,5.556200044867011,36.53209221335118,12.889235931142347,38.19336710996975,11.374769606004373,289.4499467958244,1390.4576500372216
2025-04-05 17:00:00,23.35571417977433,DK,-336.9235090603498,13.00224703115135,1.069146738729063,539.2137746253727,17,5,4,1,18.276655278479815,21.849055206952855,47.61847868220107,23.770565629662507,24.035222672742037,4.087376954260788,34.51019517148228,12.895061045881691,38.176081632891076,11.397931531630634,169.0584278590841,576.4986486185052
2025-04-05 18:00:00,22.346255152998822,DK,-97.65640967025097,13.492222108432786,0.12972108296212337,280.70060288005016,18,5,4,1,23.35571417977433,24.09481542478339,44.48855564493381,22.18970568217253,22.697408430209734,2.6637634156290986,32.66500346382103,12.921601233895935,38.182604527508836,11.388425784987946,182.04005742328246,36.41278619372103
2025-04-05 19:00:00,22.97823138946382,DK,452.9789543863296,13.257143587480455,-1.7784209322306186,284.69279630591166,19,5,4,1,22.346255152998822,18.276655278479815,54.45791611386234,37.60867979915869,22.15012110540884,2.052018715878694,30.041696403454484,11.172072303816,37.573002510438215,11.804454547643921,175.75185609907413,-506.303628205701
2025-04-05 20:00:00,22.084820023310904,DK,-173.74761548616544,16.532661726979992,2.846130545713927,249.45565541641446,20,5,4,1,22.97823138946382,23.35571417977433,56.924444868831756,36.03083711826615,22.189415241468513,2.047352604361065,27.13839433299442,7.461701956151018,36.99191846481508,12.219620892635493,273.32890377874907,709.983360681745
2025-04-05 21:00:00,26.89564843856993,DK,394.26997049553967,8.579661339819523,-0.9827750916095708,216.08511385584825,21,5,4,1,22.084820023310904,22.346255152998822,37.2276570394927,34.73964188482851,22.65622074376627,2.7629296124943137,26.27739361625085,6.754236338668123,36.66508540455431,12.38624472294073,73.61058870599373,-212.3630675651458
2025-04-05 22:00:00,37.20539277402135,DK,505.5401628152879,17.989203051738755,2.337518849997156,0.0,22,5,4,1,26.89564843856993,22.97823138946382,43.38640953856028,45.8281573393427,25.811010326356524,5.847230617252805,25.76230888587261,5.438380324668898,36.30580354766592,12.233010194530365,323.61142643668694,0.0
2025-04-05 23:00:00,39.82535027685851,DK,179.87282910714026,12.561493182048508,1.6199340189500413,0.0,23,5,4,1,37.20539277402135,22.084820023310904,33.42602281565425,42.7076058769747,28.555949675870554,7.951297030578614,26.295586174306298,6.473440788637461,36.185709564327745,12.181469137868778,157.79111096265115,0.0
2025-04-06 00:00:00,36.303456248991125,DK,533.796615837055,9.590670090687182,3.50511600199093,0.0,0,6,4,1,39.82535027685851,26.89564843856993,30.373140608192635,36.88481146634257,30.88214985853594,7.811682669394695,26.789779144372833,7.016604236021186,36.16148643027143,12.180596502803533,91.98095278840167,0.0
2025-04-06 01:00:00,45.272736567682585,DK,875.088847176968,7.777302436395949,1.542739452134811,0.0,1,6,4,1,36.303456248991125,37.20539277402135,26.2619553382692,52.39169542688474,34.5979007215724,8.566074508751303,28.374010913490622,8.804873230292115,35.86486314447134,11.850376920806028,60.48643318717037,0.0
2025-04-06 02:00:00,51.58792656150702,DK,594.1744518025026,7.334851651131851,1.4879348784203568,0.0,2,6,4,1,45.272736567682585,39.82535027685851,21.849055206952855,50.52554116307137,39.51508514460509,8.413081908874284,30.8522501930368,10.767773941625228,35.9091292027395,11.909359086241652,53.80004874411164,0.0
2025-04-06 03:00:00,41.800766309333895,DK,732.8373185728015,6.892950547835838,3.610571859691131,0.0,3,6,4,1,51.58792656150702,36.303456248991125,24.09481542478339,44.96156194330847,41.99927145639908,5.706957190063311,32.32774610008267,10.968867243573282,35.777429384657225,11.822057040713563,47.51276725491038,0.0
2025-04-06 04:00:00,54.285395101364664,DK,736.6765191024906,6.500630196418818,2.816946509282775,0.0,4,6,4,1,41.800766309333895,45.272736567682585,18.276655278479815,50.61690074904695,44.8459385109563,6.959788550338169,35.32847441865641,11.677987395727088,35.930283316003795,12.043901383492553,42.25819295059216,0.0
2025-04-06 05:00:00,48.68345115439563,DK,700.0115670059608,5.9970819045867065,2.779142365480096,0.0,5,6,4,1,54.285395101364664,51.58792656150702,23.35571417977433,47.61847868220107,46.32228865721248,6.612651841329335,37.43911916654152,11.605953983802095,35.9746571690119,12.09070792039619,35.96499137032132,0.0
2025-04-06 06:00:00,54.25554764272129,DK,790.1444909867986,5.07899118223647,3.0853656307315918,356.3088951830984,6,6,4,1,48.68345115439563,41.800766309333895,22.346255152998822,44.48855564493381,49.31430388950085,5.049405633910467,40.098226874018394,11.488442111250423,36.381615168919716,12.545551347512259,25.796151429235813,1099.343219121877
2025-04-06 07:00:00,46.01073259349155,DK,658.174859792083,4.856441589274306,-0.9243137952996721,429.462920946969,7,6,4,1,54.25554764272129,54.285395101364664,22.97823138946382,54.45791611386234,49.43730322713568,4.939049101750446,42.01760197435403,10.222447637702421,36.029649188904266,12.127912242638924,23.585024910033148,-396.95850240097593
2025-04-06 08:00:00,38.35295116315851,DK,859.8293955440646,5.613252497511017,3.660407811088503,627.3431097859777,8,6,4,1,46.01073259349155,48.68345115439563,22.084820023310904,56.924444868831756,47.23147399407759,6.496377674779733,43.37327956934134,8.22160303503578,35.25583695116788,11.301054721561323,31.508603600813675,2296.331619293145
2025-04-06 09:00:00,36.08278271917259,DK,619.5587443815455,6.458758276974123,3.3717680391417444,563.740672475764,9,6,4,1,38.35295116315851,54.25554764272129,26.89564843856993,37.2276570394927,46.2784767290507,7.750691877890645,44.1388740927249,6.863260013040053,35.208133854487876,11.294784137987246,41.715558480381745,1900.802781818055
2025-04-06 10:00:00,40.81198808841433,DK,716.7571823581495,10.253418814771763,0.11346419396154506,632.9550918713021,10,6,4,1,36.08278271917259,46.01073259349155,37.20539277402135,43.38640953856028,44.03290889355898,6.868514100510251,44.43942370225764,6.606186938619965,35.10086629406512,11.225751176274981,105.13259739111558,71.81773931303299
2025-04-06 11:00:00,37.977848169870796,DK,238.23039331053513,10.339886622878048,1.5282733665467778,787.6517043114105,11,6,4,1,40.81198808841433,38.35295116315851,39.82535027685851,33.42602281565425,42.24864172947151,6.809067350455892,44.285465193342,6.743593664724784,35.29052568382415,11.23467242893385,106.9132553739724,1203.7471218143066
2025-04-06 12:00:00,28.287184401494073,DK,486.17604644289145,4.577183210475304,1.937819738639918,658.3969347575072,12,6,4,1,37.977848169870796,36.08278271917259,36.303456248991125,30.373140608192635,37.920581189266976,5.834052515849957,43.617442539383916,7.903474960574892,35.20361084187838,11.28233651804217,20.95060614225701,1275.8545760331158
2025-04-06 13:00:00,32.41688725335042,DK,457.29626977052453,13.026863857663725,1.7474407450917149,660.5682750543469,13,6,4,1,28.287184401494073,40.81198808841433,45.272736567682585,26.2619553382692,35.65494029924346,4.5655704819916485,42.54612176318956,8.506969244021903,35.46006633834009,11.1392956165172,169.69918196610544,1154.303918744917
2025-04-06 14:00:00,17.861408744007136,DK,-228.74712851429095,13.227881630253739,2.6841542470322497,645.7576201530111,14,6,4,1,32.41688725335042,37.977848169870796,51.58792656150702,21.849055206952855,32.23968322938489,8.289376171899125,39.73557861173124,10.569444691958585,35.29391440238402,11.378317341527763,174.9768524240043,1733.313058687143
2025-04-06 15:00:00,23.521808291822676,DK,141.25792337624088,13.71402953826377,4.879167877557547,639.5240975217692,15,6,4,1,17.861408744007136,28.287184401494073,41.800766309333895,24.09481542478339,30.146187491493237,8.700624919020397,38.21233211027197,11.519243823706525,35.270039105177325,11.403411790597131,188.0746061763712,3120.345433552197
2025-04-06 16:00:00,16.376324861722722,DK,232.5210966024392,13.614916811536249,4.179967769240838,535.3901253676657,16,6,4,1,23.521808291822676,32.41688725335042,54.285395101364664,18.276655278479815,26.073576953711306,8.424218003140135,35.053242923635146,11.902377477338346,35.190858671145776,11.532404790436372,185.36595978505238,2237.913468006654
2025-04-06 17:00:00,18.744249511864343,DK,-304.89111688277524,16.964505209624946,-0.6080040729676321,375.9553984282691,17,6,4,1,16.376324861722722,17.861408744007136,48.68345115439563,23.35571417977433,22.867977177376897,6.406081373630405,32.55830945342421,11.923379856344535,34.998714309982866,11.77405128927115,287.79443700739193,-228.58241349855655
2025-04-06 18:00:00,22.834439056826575,DK,254.51447736754068,16.59737584675247,3.2605742945072778,323.3915718436406,18,6,4,1,18.744249511864343,23.521808291822676,54.25554764272129,22.346255152998822,21.959186286598978,5.845807136683761,29.939883737932977,10.02427295437382,35.019055305975684,11.751642745671374,275.4728849983623,1054.4422462136781
2025-04-06 19:00:00,19.870904797376106,DK,20.840888728674855,12.805278976696552,4.674300952966,229.04561255350734,19,6,4,1,22.834439056826575,16.376324861722722,46.01073259349155,22.97823138946382,19.868189210603262,2.815354430043141,27.761564754923356,9.002614780606713,34.889583364638696,11.906169715447644,163.97516967102672,1070.6281250315405
2025-04-06 20:00:00,24.699860612369765,DK,-154.01507304390105,14.500458251663757,2.7900513552735857,171.1389477388477,20,6,4,1,19.870904797376106,18.744249511864343,38.35295116315851,22.084820023310904,21.007931188663697,3.198590716801198,26.623807209024292,8.383861451280621,34.998543389182814,11.795341247609635,210.26328950824353,477.4864530788674
2025-04-06 21:00:00,34.810969137483795,DK,55.29279387518497,10.810264435470671,4.198395164267114,123.80480951619988,21,6,4,1,24.699860612369765,22.834439056826575,36.08278271917259,26.89564843856993,22.889457996273887,6.543979410546425,26.51782274388356,8.260547370351208,35.32834841830422,11.668909813352464,116.86181716480203,519.7815135858248
2025-04-06 22:00:00,30.543977297276825,DK,281.6653825043443,8.857037791617234,6.040975205296711,0.0,22,6,4,1,34.810969137483795,19.870904797376106,40.81198808841433,37.20539277402135,25.250733402199568,6.274318542655223,25.66215517795543,7.094836952617067,35.05078944010654,11.701500218156433,78.44711844213589,0.0
2025-04-06 23:00:00,41.49922489906231,DK,305.7915557312215,9.098513251512804,4.063853406109143,0.0,23,6,4,1,30.543977297276825,24.699860612369765,37.977848169870796,39.82535027685851,29.0432293000659,8.151274236215615,25.955603238721398,7.697738555363969,35.12053421603169,11.73613263804835,82.78294338795409,0.0
2025-04-07 00:00:00,40.54269819969579,DK,527.7511984892739,10.77154734397071,2.515051505178638,0.0,0,0,4,0,41.49922489906231,34.810969137483795,28.287184401494073,36.303456248991125,31.994605823877436,8.644551194216328,26.97689605523821,8.77308677931428,35.29716929731106,11.786503653744827,116.02623218340246,0.0
2025-04-07 01:00:00,52.42509593011287,DK,365.2748039353871,9.695908665157026,4.106611262064687,0.0,1,0,4,0,40.54269819969579,30.543977297276825,32.41688725335042,45.272736567682585,37.42030434600023,9.66884584043338,28.644246778301746,11.406912734441482,35.595184270745655,12.134967065972699,94.0106448430671,0.0
2025-04-07 02:00:00,60.03883404793757,DK,703.8721648072155,7.692482478387452,2.306209980088963,0.0,2,0,4,0,52.42509593011287,41.49922489906231,17.861408744007136,51.58792656150702,43.31013325192819,11.03703392475222,32.15903222029595,13.988307301459427,35.94730541601359,12.727357142494952,59.17428668029796,0.0
2025-04-07 03:00:00,42.789570214304305,DK,490.8104912122777,7.203465401549485,2.064240400465091,0.0,3,0,4,0,60.03883404793757,40.54269819969579,23.521808291822676,41.800766309333895,44.63990009806494,10.26163832262694,33.764679047169416,14.012558110561114,35.98850557872069,12.748711956096184,51.88991379132048,0.0
2025-04-07 04:00:00,52.584117862112606,DK,830.7674896224793,6.145123735524951,1.3136058424677153,0.0,4,0,4,0,42.789570214304305,52.42509593011287,16.376324861722722,54.285395101364664,48.313256858870915,7.873504457938702,36.78199513053524,13.82499611273319,35.91761902708519,12.646875681521347,37.76254572491213,0.0
2025-04-07 05:00:00,59.88193058502756,DK,722.1813848515762,3.5054779189102345,5.143261031559397,0.0,5,0,4,0,52.584117862112606,60.03883404793757,18.744249511864343,48.68345115439563,51.37704113986512,8.258848560859683,40.2101352199655,14.044269973624928,36.384222336694855,13.326658791550146,12.28837543996723,0.0
2025-04-07 06:00:00,55.38732736954053,DK,772.8940114820467,5.666243045850183,0.3795769820111776,417.31128781013746,6,0,4,0,59.88193058502756,42.789570214304305,22.834439056826575,54.25554764272129,53.8511460015059,6.372050490327695,42.922875912691666,13.516930493450268,36.43137982531232,13.394477374898205,32.10631025464556,158.40175918616993
2025-04-07 07:00:00,56.68275774306068,DK,1150.1815481866217,6.754505617120652,5.081169763251412,466.69919758677116,7,0,4,0,55.38732736954053,52.584117862112606,19.870904797376106,46.01073259349155,54.56075630366387,6.418383952672894,45.990530324832044,11.888865846163903,36.8760475398777,13.894142272837227,45.62334613171444,2371.377851311598
2025-04-07 08:00:00,49.357435732902005,DK,1071.2747260110732,7.326949861221518,3.016162561375923,520.1042376778547,8,0,4,0,56.68275774306068,59.88193058502756,24.699860612369765,38.35295116315851,52.78052325115795,6.06676344819948,48.04532825154306,9.826557443873718,37.33456773028369,14.124667579008939,53.68419426885402,1568.7189296969102
2025-04-07 09:00:00,49.65344384595291,DK,895.3810147747092,9.1289697174051,-0.7821780357087027,711.1091094376357,9,0,4,0,49.357435732902005,55.38732736954053,34.810969137483795,36.08278271917259,53.92450218976605,4.150552971159718,49.2822011439155,8.89970920443074,37.90001194389953,14.342332716446407,83.33808810129936,-556.2139263944947
2025-04-07 10:00:00,44.793177178147026,DK,451.53744706548423,9.30505445221609,2.7517328998780233,697.5607474385482,10,0,4,0,49.65344384595291,56.68275774306068,30.543977297276825,40.81198808841433,52.626012075771776,5.614329108578701,50.46963446732135,6.897716299457456,38.06589482263839,14.40038252663137,86.5840383587065,1919.5008583901576
2025-04-07 11:00:00,47.51814596956242,DK,486.1278326123002,9.758922382959318,-2.183618701408068,716.7612602513944,11,0,4,0,44.793177178147026,49.357435732902005,41.49922489906231,37.977848169870796,50.5653813065276,4.594958203079536,50.97121122319635,6.385975238766252,38.46340723095887,14.528949065472464,95.23656607662437,-1565.1332923297603
2025-04-07 12:00:00,39.08087174352218,DK,662.6195399958367,12.501513745996547,3.2674503475572516,636.1847791730831,12,0,4,0,47.51814596956242,49.65344384595291,40.54269819969579,28.287184401494073,47.847638702191205,5.82913803795808,50.84939235184856,6.612905345975005,38.913144203543375,14.366400615542942,156.28784594134063,2078.702177819724
2025-04-07 13:00:00,35.91193826983955,DK,318.93386017672054,11.565272575665912,3.7868972798731617,623.6586583279969,13,0,4,0,39.08087174352218,44.793177178147026,52.42509593011287,32.41688725335042,44.38583545665435,5.6989714406636764,49.47329588015911,7.856419974401313,39.058771329230424,14.31531050449768,133.75552974945003,2361.7312767916374
2025-04-07 14:00:00,29.109624224739598,DK,633.8659079963389,10.977912727920582,0.8317224025910728,667.7446654316462,14,0,4,0,35.91193826983955,47.51814596956242,60.03883404793757,17.861408744007136,41.01120020529395,7.780851100290405,46.89586172822595,9.056826695824668,39.52744697426095,13.764687371827947,120.51456786184072,555.3781974501809
2025-04-07 15:00:00,26.41417616469679,DK,145.11017728560083,13.328565912827866,2.2635297058063446,604.7634333037039,15,0,4,0,29.109624224739598,39.08087174352218,42.789570214304305,23.521808291822676,37.13798892508459,8.379526969881676,45.531245557425315,10.798059142873242,39.647962302297366,13.630466276825977,177.65066929259692,1368.8999962683679
2025-04-07 16:00:00,25.2686149214369,DK,25.397121405787075,12.805401217660952,5.924749181395752,494.2938717495843,16,0,4,0,26.41417616469679,35.91193826983955,52.584117862112606,16.376324861722722,33.88389521563291,8.600322529116685,43.25495364570235,11.98951067285157,40.0184743881188,13.08012576764596,163.9783003452726,2928.5672120172862
2025-04-07 17:00:00,28.97569076276662,DK,-124.78620598503446,13.269176009263983,1.0049409053713065,447.63580076648526,17,0,4,0,25.2686149214369,29.109624224739598,59.88193058502756,18.744249511864343,30.793486014500274,5.490385071588351,40.679433660513936,11.398059547486428,40.44478444023972,12.510954386315914,176.07103196482686,449.8475268988815
2025-04-07 18:00:00,25.49252329614319,DK,-53.29181904354354,14.31653837063555,-0.10138086021802106,429.4313464021799,18,0,4,0,28.97569076276662,26.41417616469679,55.38732736954053,22.834439056826575,28.528761273270444,3.9841489874297715,38.18819998773082,11.15558784743004,40.555537950211246,12.359124403940585,204.96327091788,-43.53611930283598
2025-04-07 19:00:00,30.621845908277933,DK,-93.45688042064296,12.669447259903677,4.979761118820377,294.18345794163287,19,0,4,0,25.49252329614319,25.2686149214369,56.68275774306068,19.870904797376106,27.647079213010173,2.2168778479888247,36.01645733483226,9.664941311604775,41.00349382983216,11.756979851712785,160.51489387148078,1464.963345657873
2025-04-07 20:00:00,41.999642326746084,DK,128.6090334454988,12.973683407696436,5.94160869495677,117.94957451236306,20,0,4,0,30.621845908277933,28.97569076276662,49.357435732902005,24.699860612369765,29.79541556334459,6.336208212203009,35.40330788431927,8.948475579521082,41.72431806793117,11.232571009534036,168.3164611631378,700.8102174891078
2025-04-07 21:00:00,39.13512860857006,DK,257.78707276564296,8.8696013602055,2.0238256575908746,96.93718522756124,21,0,4,0,41.999642326746084,25.49252329614319,49.65344384595291,34.810969137483795,31.915574303990127,7.0649089721653775,34.52678161453736,7.87670846427864,41.904491379226435,11.151243632397625,78.66982828895927,196.18396263817755
2025-04-07 22:00:00,36.79831898405337,DK,12.802107898409872,11.946114325500801,4.039360384711893,0.0,22,0,4,0,39.13512860857006,30.621845908277933,44.793177178147026,30.543977297276825,33.83719164775954,6.4353421231047685,33.86054343169622,7.241938608492544,42.165088949508785,10.945392607622225,142.70964747793545,0.0
2025-04-07 23:00:00,48.326833949556324,DK,24.343886737183595,10.257611440977012,4.699386144956942,0.0,23,0,4,0,36.79831898405337,41.999642326746084,47.51814596956242,41.49922489906231,37.06238217889116,8.136000990826572,33.927934096695715,7.382974142918133,42.449572659946035,11.015835691641596,105.21859247406249,0.0
2025-04-08 00:00:00,44.150855607876125,DK,52.75892537934067,7.31583592662864,0.5314658488184119,0.0,0,1,4,0,48.326833949556324,39.13512860857006,39.08087174352218,40.54269819969579,40.17210423084665,6.153619327808073,34.350432752058545,7.835842332230021,42.59991255195355,11.013300992194182,53.52145530535034,0.0
2025-04-08 01:00:00,39.58545236464718,DK,651.0077879337691,9.01140270082949,1.0458226431594433,0.0,1,1,4,0,44.150855607876125,36.79831898405337,35.91193826983955,52.42509593011287,41.66603864024152,4.1250658279533425,34.65655892662584,7.972949993893061,42.06492740339248,10.825529597072958,81.20537863651704,0.0
2025-04-08 02:00:00,47.79055939006105,DK,449.32667876522527,8.444704703005813,4.47818334020465,0.0,2,1,4,0,39.58545236464718,48.326833949556324,29.109624224739598,60.03883404793757,42.63119148412735,4.83508393614208,36.213303523735966,8.591217959771273,41.554582625980956,10.212713289538664,71.3130375209685,0.0
2025-04-08 03:00:00,45.79383310981147,DK,342.9752720027772,2.4414068886753717,5.386462871312199,0.0,3,1,4,0,47.79055939006105,44.150855607876125,26.41417616469679,42.789570214304305,43.74097556766759,4.63206877103264,37.82827493582886,8.401111098397166,41.67976024662709,10.246863309515621,5.960467596071559,0.0
2025-04-08 04:00:00,54.81102671925845,DK,930.7284227984121,3.490570393722435,3.1421960342438897,0.0,4,1,4,0,45.79383310981147,39.58545236464718,25.2686149214369,52.584117862112606,46.7430935235351,5.050734287864667,40.290142585647324,8.708953778734775,41.77254811567483,10.359363105257417,12.184081673531596,0.0
2025-04-08 05:00:00,57.08866184507262,DK,1401.5628166310923,3.1534091993413718,0.25680560689107135,0.0,5,1,4,0,54.81102671925845,47.79055939006105,28.97569076276662,59.88193058502756,48.203398172787814,6.622343941232129,42.632890175839485,9.158287201527605,41.65616191817671,10.160849415011462,9.943989578490791,0.0
2025-04-08 06:00:00,64.78474086113191,DK,918.7858176920213,2.8258445438444015,5.990556537294062,452.6486012250832,6,1,4,0,57.08866184507262,45.79383310981147,25.49252329614319,55.38732736954053,51.64237904833045,9.020371208699327,45.90724163958854,9.491011302745841,42.04772081365969,10.869367442126379,7.9853973859751735,2711.6170371659355
2025-04-08 07:00:00,56.461665245024946,DK,1070.6610680348626,6.715889040088614,0.9544925182712509,495.0251484967159,7,1,4,0,64.78474086113191,54.81102671925845,30.621845908277933,56.68275774306068,54.455081195060075,6.88801512638129,48.0605599176508,8.596952053637299,42.03850862624153,10.856510507154594,45.10316559878237,472.49780059623026
2025-04-08 08:00:00,51.281859022436784,DK,869.3785736017325,5.333967713608592,1.3461587515522764,506.1849637537501,8,1,4,0,56.461665245024946,57.08866184507262,41.999642326746084,49.357435732902005,55.036964467122694,6.33791323891341,48.83407797562503,8.417759982671566,42.11869292997215,10.919839131295795,28.45121156981887,681.4053188612825
2025-04-08 09:00:00,53.367522814505854,DK,753.7754599550452,6.125366081394422,2.701109982874423,598.4283259023215,9,1,4,0,51.281859022436784,64.78474086113191,39.13512860857006,49.65344384595291,56.29924608457176,4.661269139889926,50.02011082611967,7.91458912157901,42.273446220328516,11.05672199534114,37.52010963109726,1616.4207251295893
2025-04-08 10:00:00,34.515886810068,DK,853.8152965975537,3.783974818560286,5.124755155324728,594.5261739586755,10,1,4,0,53.367522814505854,56.461665245024946,36.79831898405337,44.793177178147026,52.91672276637336,10.12213722873124,49.829908144954224,8.280200857815736,41.84522578832522,11.153484672230555,14.31846542749835,3046.801074970208
2025-04-08 11:00:00,42.85730845180621,DK,491.3546137135303,10.230828940775448,3.8547824042189864,772.8601830917171,11,1,4,0,34.515886810068,51.281859022436784,48.326833949556324,47.51814596956242,50.54483053416229,10.604902776496715,49.37411435347505,8.517596371273797,41.651024225085386,11.090815263242865,104.66986081540847,2979.2078347034153
2025-04-08 12:00:00,41.66309349645095,DK,473.47846281438063,7.78666339213759,2.97656145183836,794.8644347386555,12,1,4,0,42.85730845180621,53.367522814505854,44.150855607876125,39.08087174352218,46.691222640048785,8.358567561158043,49.166800844189616,8.684916869983166,41.75861679812408,11.077314946368766,60.63212678245568,2365.9628358803698
2025-04-08 13:00:00,26.830993730564337,DK,354.93003868794233,11.64214726717753,3.0734075113507515,695.9087256135001,13,1,4,0,41.66309349645095,34.515886810068,39.58545236464718,35.91193826983955,41.75277738763869,10.019640242502732,48.10392929134938,10.545293137441586,41.38024410898762,11.43502085873432,135.53959299064923,2138.8111045150604
2025-04-08 14:00:00,36.88777927138658,DK,36.381909271390384,13.200382818773242,2.233859788401471,704.2854235338209,14,1,4,0,26.830993730564337,42.85730845180621,47.79055939006105,29.109624224739598,39.35376409579698,8.947616153677973,47.19536428145984,11.03314517487783,41.7043339025979,11.179496866298878,174.2501065621638,1573.2748871895017
2025-04-08 15:00:00,30.54468932253133,DK,264.855079314031,16.279983944873536,3.2631094801515514,606.251712361988,15,1,4,0,36.88777927138658,41.66309349645095,45.79383310981147,26.41417616469679,35.549958513801236,6.240190985360364,45.92460229918649,12.041352505296526,41.876438617507674,10.963584618768309,265.0378772453401,1978.2657099665146
2025-04-08 16:00:00,25.354966291030998,DK,-48.00465323130097,11.58153262151647,-2.912289704274067,458.1637280562036,16,1,4,0,30.54468932253133,26.830993730564337,54.81102671925845,25.2686149214369,34.023138427295066,7.53102121021309,43.46993059683421,13.02714752934085,41.88003659124076,10.95791007954358,134.13189786325015,-1334.305508089905
2025-04-08 17:00:00,30.167339381406563,DK,-214.11194504310313,8.484475160051938,1.5536155329749424,419.99549733769936,17,1,4,0,25.354966291030998,36.88777927138658,57.08866184507262,28.97569076276662,31.90814358222846,6.222006259009278,41.22648705819537,12.78445407361338,41.929688617017426,10.899439979753677,71.98631874153835,652.5115284433858
2025-04-08 18:00:00,38.950909989266485,DK,27.301968714080715,14.877241714054817,2.629474320948101,356.5963983385979,18,1,4,0,30.167339381406563,30.54468932253133,64.78474086113191,25.49252329614319,31.456112997697716,5.418160764960014,39.073667818873254,10.411690484478326,42.4904547292309,10.349322439923597,221.3323210184127,937.6610723739233
2025-04-08 19:00:00,30.082302899088344,DK,-242.65650950274164,17.759276377406145,-0.15519771612447508,236.6859482769457,19,1,4,0,38.950909989266485,25.354966291030998,56.461665245024946,30.621845908277933,31.99799785911838,5.010311788868456,36.875387623378536,9.11018034450955,42.46797377051467,10.37677413067403,315.39189744909595,-36.73311861133761
2025-04-08 20:00:00,32.86374126502057,DK,-7.376470418393648,15.971466085334232,2.919477086737659,164.06733612824817,20,1,4,0,30.082302899088344,30.167339381406563,51.281859022436784,41.999642326746084,31.32732485805738,4.4644564472589146,35.340544476927185,7.9385550066318045,42.08731122627611,10.560643515458896,255.08772891498157,478.99082850850624
2025-04-08 21:00:00,32.482700593710376,DK,64.62281007788546,12.980116437143165,1.7378880091422961,97.94264870925271,21,1,4,0,32.86374126502057,38.950909989266485,53.367522814505854,39.13512860857006,31.65032673658722,4.466615055614772,33.60014262519423,5.560203985283843,41.81012672565695,10.72748322696671,168.48342272179417,170.21335477544648
2025-04-08 22:00:00,34.17921479756861,DK,387.1791131663154,10.440221451971672,5.657781847745519,0.0,22,1,4,0,32.482700593710376,30.082302899088344,34.515886810068,36.79831898405337,33.121034821010156,3.272279582896287,33.57208662415261,5.556011023583414,41.70099738455342,10.793801352694517,108.99822396620948,0.0
2025-04-08 23:00:00,46.47244342145783,DK,385.53012402472973,11.773412596008026,5.292869901544252,0.0,23,1,4,0,34.17921479756861,32.86374126502057,42.85730845180621,48.326833949556324,35.838552161018704,5.979388936168758,33.87334787162359,6.169401064743906,41.623731112549315,10.750860634926143,138.61324415584045,0.0
2025-04-09 00:00:00,41.91081334343955,DK,414.9946082509712,6.906887701836926,1.2152193128782134,0.0,0,2,4,0,46.47244342145783,32.482700593710376,41.66309349645095,44.150855607876125,36.33186938671421,6.395168075279312,33.89399119220597,6.198183055066119,41.53039601819779,10.737682699651756,47.70509772578617,0.0
2025-04-09 01:00:00,50.133906226633414,DK,712.9627823913178,8.54959381515796,1.8451550279811484,0.0,1,2,4,0,41.91081334343955,34.17921479756861,26.830993730564337,39.58545236464718,39.673803274638395,7.601564056627416,35.83590056687839,7.331060744122642,41.969914929113884,10.869685451192895,73.09555440418725,0.0
2025-04-09 02:00:00,50.442703710822485,DK,948.0415098034626,7.484471658566791,1.998935319897754,0.0,2,2,4,0,50.133906226633414,46.47244342145783,36.88777927138658,47.79055939006105,42.603630348938715,7.835915166115996,36.965477603498044,8.46452428922249,42.080420942478945,10.94465641203813,56.01731600788954,0.0
2025-04-09 03:00:00,57.542691843672706,DK,885.1154518636463,7.680913344891922,1.2435114987952938,0.0,3,2,4,0,50.442703710822485,41.91081334343955,30.54468932253133,45.79383310981147,46.78029555726577,8.038444850980927,39.215311146926496,10.04346960119148,42.56995672305649,11.372368298051818,58.99642981173881,0.0
2025-04-09 04:00:00,58.236904665899736,DK,855.0832258608954,10.43930694115786,2.5368804191707923,0.0,4,2,4,0,57.542691843672706,50.133906226633414,25.354966291030998,54.81102671925845,50.789910535320956,6.310111891772811,41.955472678165556,10.397526523168597,42.71270163749988,11.552767281493056,108.97912941170667,0.0
2025-04-09 05:00:00,62.18426967041436,DK,640.5956666745024,5.380492745754344,0.6302663133393587,0.0,5,2,4,0,58.236904665899736,50.442703710822485,30.167339381406563,57.08866184507262,53.40854824348037,7.336686957668172,44.62355020224954,11.176333049786015,42.92501863022246,11.870899344027723,28.94970218711512,0.0
2025-04-09 06:00:00,53.85247230548176,DK,706.9772673849254,3.5916904071279747,-0.11440021876051354,419.3174698631422,6,2,4,0,62.18426967041436,57.542691843672706,38.950909989266485,64.78474086113191,55.39882473715408,4.7616559133913885,45.86534706193414,11.315733486650894,42.469507440403696,11.185592043929606,12.900239980655117,-47.97001028244851
2025-04-09 07:00:00,53.477653699737274,DK,841.9179722736008,4.90975764432197,3.392252898915076,425.4776364367512,7,2,4,0,53.85247230548176,58.236904665899736,30.082302899088344,56.461665245024946,55.956115982671385,4.182700687983303,47.81495962865489,10.32091841899852,42.34517362601671,11.038922415281592,24.10572012597802,1443.3277456261042
2025-04-09 08:00:00,47.48354308756957,DK,731.1102614603628,2.0874350938568043,3.4058896195581605,394.8431456086349,8,2,4,0,53.477653699737274,62.18426967041436,32.86374126502057,51.281859022436784,55.46292254546257,5.04781662128658,49.03327644720064,9.197303374805347,42.18691046206391,10.93193754940727,4.357385271064965,1344.792170982141
2025-04-09 09:00:00,46.99902860820785,DK,736.1591299961846,5.1689364143183685,0.5381989317945544,579.421845316927,9,2,4,0,47.48354308756957,53.85247230548176,32.482700593710376,53.367522814505854,53.70564533955176,5.936096097394727,50.24297044840876,7.646452364093545,41.921556536801496,10.724063617735448,26.717903655266433,311.84421820799963
2025-04-09 10:00:00,47.45806582033168,DK,681.3299849794214,6.877101583628426,3.9375413126397385,649.8996832601126,10,2,4,0,46.99902860820785,53.477653699737274,34.17921479756861,34.515886810068,51.90917219862374,5.921523936917498,51.34954136697235,5.863353284471329,42.46081399556248,10.660690195776962,47.294526191544605,2559.006851908174
2025-04-09 11:00:00,45.46417874449014,DK,655.3480734226067,7.816526372498412,1.1387683303160212,637.5441282047282,11,2,4,0,47.45806582033168,47.48354308756957,46.47244342145783,42.85730845180621,49.12249037763638,3.596914450412623,51.26551931055838,5.946234266553827,42.56943359109098,10.67817174166266,61.09808453196319,726.0150623784816
2025-04-09 12:00:00,33.19794090612799,DK,405.9002443881818,10.474600213922582,2.9082542647226464,674.2390803095878,12,2,4,0,45.46417874449014,46.99902860820785,41.91081334343955,41.66309349645095,45.68006847774408,6.705309887388727,50.53944660744909,7.51686230663925,42.21671889982753,10.847870416567963,109.717249641507,1960.8586807530337
2025-04-09 13:00:00,38.571954559991845,DK,387.89080621398,9.782152429891076,4.042611813871596,764.5837991443414,13,2,4,0,33.19794090612799,47.45806582033168,50.133906226633414,26.830993730564337,43.195785287786514,5.958168742082245,49.575950635228956,8.276208603583804,42.70592560105367,10.378436551035929,95.69050616162387,3090.9154991157416
2025-04-09 14:00:00,37.94719834937669,DK,182.89488296202418,14.792400565516406,2.334698659239258,686.3552494396406,14,2,4,0,38.571954559991845,45.46417874449014,50.442703710822485,36.88777927138658,41.6063944980877,5.856700320176894,48.53465852177513,8.918403164221465,42.75006806263659,10.354840568515666,218.8151144906901,1602.4326806285553
2025-04-09 15:00:00,30.919381801177764,DK,-328.6467038640478,13.463791171043232,3.3114056129289526,551.2591676963868,15,2,4,0,37.94719834937669,33.19794090612799,57.542691843672706,30.54468932253133,38.92645336358269,6.535195850678301,46.31604935156722,9.746811389133576,42.765680249246856,10.335903340855012,181.27367269746168,1825.4427020883581
2025-04-09 16:00:00,36.81538492332533,DK,-200.8797806559701,14.085283065488067,1.3690645008715405,445.1200415202285,16,2,4,0,30.919381801177764,38.571954559991845,58.236904665899736,25.354966291030998,37.152673214081624,5.026616093722065,44.53092270635269,9.31723409156941,43.24319769225912,9.744365496050337,198.39519903492493,609.398047471811
2025-04-09 17:00:00,23.134484055357273,DK,-91.78042428885728,13.772420326678356,2.0089906217904896,424.2357999053937,17,2,4,0,36.81538492332533,37.94719834937669,62.18426967041436,30.167339381406563,33.43105743255948,5.8422650697216785,41.27677390509793,9.409919703801489,42.95016205367373,10.247444159585777,189.67956165470315,852.2857434377227
2025-04-09 18:00:00,21.37417218368742,DK,-321.9389485682215,14.724634280275989,1.9902049268860034,339.32716103247816,18,2,4,0,23.134484055357273,30.919381801177764,53.85247230548176,38.950909989266485,31.460429312152716,7.650806404300116,38.5702488949484,10.108837315612886,42.217797978441276,11.135312654392237,216.8148546878788,675.3305877130783
2025-04-09 19:00:00,20.279370379274475,DK,57.02283285470672,15.713160831730315,0.9087670955662062,284.22329358228376,19,2,4,0,21.37417218368742,36.81538492332533,53.477653699737274,30.082302899088344,28.41166528203316,7.8910925482107945,35.80372528490984,10.200517789225177,41.80934245678237,11.761968233585812,246.90342332382372,258.29277700103313
2025-04-09 20:00:00,39.10285989096481,DK,293.1374645765202,11.66402323604416,2.0483754624151196,148.23416437161703,20,2,4,0,20.279370379274475,23.134484055357273,47.48354308756957,32.86374126502057,28.60427553896451,8.179234280094143,35.105335018526105,9.597202966237232,42.06930573286337,11.623792971877243,136.0494380509781,303.63922499042985
2025-04-09 21:00:00,38.05133337318188,DK,310.1989797461895,11.149274916454004,-0.6953128090808094,128.0876053528015,21,2,4,0,39.10285989096481,21.37417218368742,46.99902860820785,32.482700593710376,29.79293413429853,9.054381218211153,34.35969374894061,8.912282335948053,42.301332098674685,11.478785696237203,124.30633116267045,-89.06095268629052
2025-04-09 22:00:00,38.15051329034029,DK,127.31142581395818,10.72075205369304,1.4196162943624746,0.0,22,2,4,0,38.05133337318188,20.279370379274475,47.45806582033168,34.17921479756861,30.015455528801027,9.275196125825122,33.58406437144133,8.030058821771137,42.46680286920684,11.384851410858086,114.93452459676354,0.0
2025-04-09 23:00:00,43.7206074703357,DK,588.7357048187296,7.3721358437975795,1.8321728019073422,0.0,23,2,4,0,38.15051329034029,39.10285989096481,45.46417874449014,46.47244342145783,33.4464760979641,9.999983243072837,33.43876676526179,7.808266850174261,42.35214303791009,11.356577681422763,54.34838689940505,0.0
2025-04-10 00:00:00,40.563787236492004,DK,449.7334914404223,7.120174669813471,1.8895642836559237,0.0,0,3,4,0,43.7206074703357,38.05133337318188,33.19794090612799,41.91081334343955,36.64474527343153,8.289033309622624,34.052587292792126,8.07265842874826,42.2960169501206,11.362180868152551,50.69688732865337,0.0
2025-04-10 01:00:00,62.00483493862059,DK,481.9923283276525,6.549146817366808,1.9189288969051264,0.0,1,3,4,0,40.563787236492004,38.15051329034029,38.571954559991845,50.133906226633414,43.59898936665588,9.259373121236747,36.00532732434452,11.409689261833574,42.790638979786735,11.960830855235027,42.8913240354258,0.0
2025-04-10 02:00:00,53.477096854524206,DK,547.3194672918121,8.127019989669597,2.2783953889264263,0.0,2,3,4,0,62.00483493862059,43.7206074703357,37.94719834937669,50.442703710822485,45.994695527249114,9.71190333790119,37.29948553310681,12.480475010532462,42.91707202744097,12.060853958664044,66.04845391248921,0.0
2025-04-10 03:00:00,55.69476668796521,DK,713.0594532956482,5.990326475908615,3.3608068248188117,0.0,3,3,4,0,53.477096854524206,40.563787236492004,30.919381801177764,57.542691843672706,48.93526774637967,9.494397512011307,39.3641009403391,13.348182801594179,42.840075145953165,11.968972569024745,35.88401128797173,0.0
2025-04-10 04:00:00,60.19742725895845,DK,775.3773381839735,5.211876974081397,4.150957936911729,0.0,4,3,4,0,55.69476668796521,62.00483493862059,36.81538492332533,58.236904665899736,52.60975340781602,8.720460532948108,41.31260446830853,14.59104758321817,42.92176358733061,12.084755328978261,27.16366159295986,0.0
2025-04-10 05:00:00,59.40161610780843,DK,937.0461576196318,6.202167023743358,1.1023933349501498,0.0,5,3,4,0,60.19742725895845,53.477096854524206,23.134484055357273,62.18426967041436,55.22325484739482,7.827672761723859,44.33486547267946,14.235183387191874,42.8058196888887,11.903906790379466,38.46687579040954,0.0
2025-04-10 06:00:00,57.52197442115115,DK,952.114796209973,4.239584369754782,-0.004477922131604917,352.5598950940543,6,3,4,0,59.40161610780843,55.69476668796521,21.37417218368742,53.85247230548176,58.049619378171336,3.124624988757455,47.347182325801434,12.673747666162972,42.958715610374924,12.074307167571204,17.974075628269052,-1.5787357569579734
2025-04-10 07:00:00,50.874656098977574,DK,903.5721171752172,5.646546256574341,0.3178349641604781,415.49745614530565,7,3,4,0,57.52197442115115,60.19742725895845,20.279370379274475,53.477653699737274,56.194589571564165,3.577875375962453,49.896789469110026,9.383899885086842,42.85025737700993,11.987087783251791,31.883484627633706,132.05961908271303
2025-04-10 08:00:00,54.734703452161085,DK,940.4003358414893,5.3238536857806515,1.4275179462568297,456.37672260579484,8,3,4,0,50.874656098977574,59.40161610780843,39.10285989096481,47.48354308756957,56.40419067117032,3.4202007578010987,51.199443099209724,8.817167994089514,43.152389058867904,12.198464279320898,28.34341806760023,651.4859617736471
2025-04-10 09:00:00,58.63061739096358,DK,1011.682645550542,6.993797663306346,1.698081153013666,613.636098596175,9,3,4,0,54.734703452161085,57.52197442115115,38.05133337318188,46.99902860820785,56.89349912167004,3.507307317889201,52.91438343402486,7.989904331882643,43.637038591482735,12.582942007906498,48.9132057552693,1042.0038938350003
2025-04-10 10:00:00,52.29866358588231,DK,859.9108270882648,6.434859432642074,0.8619316562517694,650.0586927317844,10,3,4,0,58.63061739096358,50.874656098977574,38.15051329034029,47.45806582033168,55.577038509490684,3.50154778104343,54.09339595865336,6.522344018637731,43.83873016504734,12.685231177975105,41.40741591786267,560.306165687167
2025-04-10 11:00:00,49.64516879446037,DK,252.4299288612799,3.8925515415244716,0.178332195068029,713.0860626730023,11,3,4,0,52.29866358588231,54.734703452161085,43.7206074703357,45.46417874449014,53.950963957266005,3.633157253101944,54.58710940233041,5.855980895859091,44.012938083796094,12.737127100463399,15.15195750342454,127.1662028288946
2025-04-10 12:00:00,35.25268914486019,DK,-90.78422698039088,9.806814835192263,1.8583238686194417,673.3199846780417,12,3,4,0,49.64516879446037,58.63061739096358,40.563787236492004,33.19794090612799,50.23941641121751,8.00273718469426,54.144517894694424,7.084125852234923,44.09855259374328,12.66798984953619,96.17361721174706,1251.2465987456817
2025-04-10 13:00:00,29.27590085817064,DK,477.4544596965943,14.17797125656509,3.1334187637957607,749.1151041418262,13,3,4,0,35.25268914486019,52.29866358588231,62.00483493862059,38.571954559991845,46.639623871083025,11.67504543140051,51.4171067213236,9.626816233682595,43.71121702283406,12.9825305087134,201.01486895198587,2347.291323560814
2025-04-10 14:00:00,30.540074454853695,DK,-103.37573968308405,14.30825272506038,3.960624455238947,609.2702022639613,14,3,4,0,29.27590085817064,49.64516879446037,53.477096854524206,37.94719834937669,42.60718570486513,12.471048566353453,49.50568818801773,11.31047851234662,43.40258686056227,13.211538578160402,204.72609604419776,2413.090462935025
2025-04-10 15:00:00,29.13083184650273,DK,21.49352902818974,15.299654700098912,1.6557194173511756,683.0893876161864,15,3,4,0,30.540074454853695,35.25268914486019,55.69476668796521,30.919381801177764,37.690554780788325,10.55895311266171,47.29202695122919,12.523514941408635,43.328063945784145,13.289827069771492,234.07943394225873,1131.0043628626436
2025-04-10 16:00:00,32.902363452889745,DK,-247.03530710409115,16.481627841087462,1.9445698792809498,437.618174508587,16,3,4,0,29.13083184650273,29.27590085817064,60.19742725895845,36.81538492332533,34.457838091956226,7.801085108707922,45.017438300723455,12.444972360205721,43.16502138451599,13.396772543183097,271.6440562921094,850.9791207753127
2025-04-10 17:00:00,18.541106902301042,DK,-423.35900066053813,14.511007631336799,0.9171689058731964,462.3251690137268,17,3,4,0,32.902363452889745,30.540074454853695,59.40161610780843,23.134484055357273,29.273827776596338,5.757224757893308,41.61239586693117,13.68014650682868,42.97363066980532,13.724187541001564,210.5693424767148,424.03026942196044
2025-04-10 18:00:00,35.24519729754758,DK,28.2925456409576,14.714367017078954,2.707687182818265,373.77153412633123,18,3,4,0,18.541106902301042,29.13083184650273,57.52197442115115,21.37417218368742,29.27257913537757,5.755669307816363,39.755997773297544,12.808670551252561,43.551590049549496,13.050573251807206,216.512596713301,1012.0563922561868
2025-04-10 19:00:00,28.38293213090092,DK,88.86811891599518,12.733143201236077,1.0737082551861887,219.6354808170738,19,3,4,0,35.24519729754758,32.902363452889745,50.874656098977574,20.279370379274475,29.123751014165947,5.767099926400586,37.88168744262449,12.678715316160979,43.88923845586726,12.5161764035302,162.13293578318454,235.82442888507995
2025-04-10 20:00:00,29.488232983781792,DK,-128.3147820375632,12.671620645121594,3.916821150050218,196.2196968930506,20,3,4,0,28.38293213090092,18.541106902301042,54.734703452161085,39.10285989096481,28.948444102320632,5.73131202680394,35.777814903592876,11.683549491641024,43.4886290014013,12.826069374823193,160.5699697738718,768.5574588471437
2025-04-10 21:00:00,29.718983215110754,DK,-451.76184902225583,13.602532883856533,-0.8011674603004044,166.48856007271638,21,3,4,0,29.488232983781792,35.24519729754758,58.63061739096358,38.05133337318188,29.04646933042197,5.740078384586451,33.368512055605144,9.275385771455904,43.141447744815004,13.089709540258914,185.02890085639834,-133.3852168425295
2025-04-10 22:00:00,30.154153285563723,DK,60.75111034950322,13.641455675293734,2.051306178662893,0.0,22,3,4,0,29.718983215110754,28.38293213090092,52.29866358588231,38.15051329034029,28.5884343025343,5.47435415453089,31.523136197245265,7.118970264801896,42.808266077949305,13.321978496812225,186.08931294100364,0.0
2025-04-10 23:00:00,46.43661725854618,DK,368.9512785292485,9.690467829091743,3.372780201951302,0.0,23,3,4,0,30.154153285563723,29.488232983781792,49.64516879446037,43.7206074703357,33.237686028575155,6.895772100604473,31.25575690258575,6.400447893469303,42.921433152458086,13.341587085680846,93.90516674666203,0.0
2025-04-11 00:00:00,46.55782230892591,DK,124.21768624517426,7.763794549263376,3.1382345562128267,0.0,0,4,4,0,46.43661725854618,29.718983215110754,35.25268914486019,40.563787236492004,35.123123530471545,8.829779679109718,32.19785133292456,7.735104753181768,43.171184613809494,13.351633298563314,60.27650580317171,0.0
2025-04-11 01:00:00,43.326270541831185,DK,586.0815065070915,7.408127171879053,8.156632851528812,0.0,1,4,4,0,46.55782230892591,30.154153285563723,29.27590085817064,62.00483493862059,37.61367993229326,8.654123405074532,33.36871547322961,8.295689715756929,42.3929110972766,12.736290506803519,54.88034819473273,0.0
2025-04-11 02:00:00,46.35559708432999,DK,666.9380301654008,7.4861378158121035,3.470165572703633,0.0,2,4,4,0,43.326270541831185,46.43661725854618,30.540074454853695,53.477096854524206,40.42490728238462,8.215223571490682,34.68667569235263,9.029329990047476,42.096181940185176,12.548396320198488,56.04225939733201,0.0
2025-04-11 03:00:00,53.468869218490106,DK,889.4116905134914,2.4829768753474135,0.7624563298837974,0.0,3,4,4,0,46.35559708432999,46.55782230892591,29.13083184650273,55.69476668796521,44.38322161628118,7.7326335786538545,36.71484547335157,10.310447136270016,42.00343621229038,12.451369439453272,6.165174163510005,0.0
2025-04-11 04:00:00,64.91370176591195,DK,876.9287755750499,0.13781793478156423,2.579637029389672,0.0,4,4,4,0,53.468869218490106,43.326270541831185,32.902363452889745,60.19742725895845,50.17647969633922,7.9577799018297775,39.382456999436755,13.019583793273966,42.19994765008011,12.783777044015281,0.018993783147455492,0.0
2025-04-11 05:00:00,55.69861319230684,DK,708.3491249682231,3.3047800901339786,-0.7819271433650856,0.0,5,4,4,0,64.91370176591195,46.35559708432999,18.541106902301042,59.40161610780843,51.720145685299336,7.985502664337007,42.47891585693724,11.990161016491589,42.04565586193421,12.587984622172309,10.921571444145947,-0.0
2025-04-11 06:00:00,48.88683953416496,DK,1159.3143003328983,1.9783857844349906,2.609366024974296,453.3953169081777,6,4,4,0,55.69861319230684,53.468869218490106,35.24519729754758,57.52197442115115,52.108315222839174,7.737121578148138,43.61571937665536,11.888231415077291,41.68585857497646,12.245136864843179,3.914010312054453,1183.0743358226528
2025-04-11 07:00:00,53.59831305577441,DK,871.2569985391402,3.754818851131672,1.1044534095663006,349.0025534255809,7,4,4,0,48.88683953416496,64.91370176591195,28.38293213090092,50.874656098977574,53.82032230849637,6.431566321979648,45.71700112039482,11.15698011296407,41.799344281509654,12.34620368157046,14.09866460481377,385.4570600782278
2025-04-11 08:00:00,51.01374381774276,DK,847.551793990233,5.140219243720433,4.601346074688141,472.43450441803265,8,4,4,0,53.59831305577441,55.69861319230684,29.488232983781792,54.734703452161085,54.59668009739851,5.574290958036444,47.51079368989156,9.978752537417671,41.64430429674222,12.199190791751024,26.421853873513864,2173.834652451152
2025-04-11 09:00:00,35.73606169388055,DK,586.8997987786346,5.462058836170794,1.6714849743767481,672.358957574273,9,4,4,0,51.01374381774276,48.88683953416496,29.718983215110754,58.63061739096358,51.64121217663024,9.56457865067387,48.01221689645572,9.117461843057022,40.69036447603043,11.698008669546196,29.834086729791448,1123.8378949730106
2025-04-11 10:00:00,45.300089022518364,DK,581.3435497616979,10.41079450651646,2.537033691977325,745.9940085014402,10,4,4,0,35.73606169388055,53.59831305577441,30.154153285563723,52.29866358588231,48.37227671939798,7.174134827857027,49.2743782078686,7.284715022923011,40.39875720255693,11.481278663220431,108.3846422569133,1892.6119335813728
2025-04-11 11:00:00,40.52456301021999,DK,372.44897974588037,9.329959269579154,1.965528560313773,682.9024779866596,11,4,4,0,45.300089022518364,51.01374381774276,46.43661725854618,49.64516879446037,45.843268355716845,6.736128816566515,48.78170702050809,7.6831071047782995,40.01873196154691,11.311610259876737,87.04813997200598,1342.2643243918271
2025-04-11 12:00:00,41.289799351083204,DK,385.41078801531546,10.582605761083713,6.7143469468292425,638.0473648736679,12,4,4,0,40.52456301021999,35.73606169388055,46.55782230892591,35.25268914486019,44.57709499186988,6.763560330194094,48.342705107354526,7.966987726511256,40.270278220139545,11.268057872731456,111.99154469452218,4284.071376271956
2025-04-11 13:00:00,43.46870543419027,DK,632.9321734772083,12.483173154749197,2.5941587108867568,792.8662142916318,13,4,4,0,41.289799351083204,45.300089022518364,43.326270541831185,29.27590085817064,42.88882705493919,5.127833889562423,48.35457468171777,7.95893662495455,40.861645077473696,11.036009041476174,155.82961201145102,2056.8207963724426
2025-04-11 14:00:00,36.80183420309072,DK,-104.3802285862711,10.084439567312842,6.901758330080984,732.8310109120134,14,4,4,0,43.46870543419027,40.52456301021999,46.35559708432999,30.540074454853695,40.520175452497185,3.710729014309408,47.55842777494784,8.62688765412696,41.12255173365023,10.853899133855359,101.69592138678482,5057.822534103657
2025-04-11 15:00:00,27.507763832285104,DK,-256.2656701686218,15.353367188054293,4.864947767359113,631.4347228034035,15,4,4,0,36.80183420309072,41.289799351083204,53.468869218490106,29.13083184650273,39.14879247556461,6.387464492114418,45.395002326097426,10.13358945190543,41.0549238997245,10.936606354160912,235.72588401122218,3071.896944935438
2025-04-11 16:00:00,21.898776316826655,DK,281.22136360650245,13.764121706701292,4.200777697793352,484.3798825531291,16,4,4,0,27.507763832285104,43.46870543419027,64.91370176591195,32.902363452889745,35.24857369128266,8.630792339833896,41.81042520534032,10.209125499983333,40.59644110238854,11.508907777896049,189.4510463568857,2034.772207888948
2025-04-11 17:00:00,39.87022906712444,DK,-104.82764857490741,15.580937566193533,3.9741105377576194,438.1351987439804,17,4,4,0,21.898776316826655,36.80183420309072,55.69861319230684,18.541106902301042,35.139518034100064,8.554591262801544,40.491393194908454,9.22690299848225,41.485154525922844,10.512101059142147,242.76561544162087,1741.1977102909814
2025-04-11 18:00:00,27.893537870316948,DK,-213.8145477319833,12.082305018484636,4.024238839555083,341.9819959477585,18,4,4,0,39.87022906712444,27.507763832285104,48.88683953416496,35.24519729754758,32.90680778730569,8.374645739935128,38.74195138958779,9.477192758306009,41.17883538312157,10.804872497230281,145.98209455969902,1376.2172305215386
2025-04-11 19:00:00,29.242618083360597,DK,145.01802433468112,10.767213342369834,-0.61870091556864,275.95589944489683,19,4,4,0,27.893537870316948,21.898776316826655,53.59831305577441,28.38293213090092,30.53579322883408,6.615373011575318,36.71231014188664,8.570995150308788,41.21465563114072,10.761946954724849,115.93288316010697,-170.73416764312523
2025-04-11 20:00:00,31.502012897968875,DK,-134.13580983959213,14.845829555522934,2.678877454821067,247.55007190656676,20,4,4,0,29.242618083360597,39.87022906712444,51.01374381774276,29.488232983781792,29.652489677980437,5.929667113618644,35.08633256523881,7.379160409008789,41.29856312756518,10.67403599439548,220.39865519163828,663.1563065698357
2025-04-11 21:00:00,35.76992889525087,DK,431.6485521161134,13.030093518806467,4.9269601854912235,146.48347864157859,21,4,4,0,31.502012897968875,27.893537870316948,35.73606169388055,29.718983215110754,31.02951718847473,6.280935367085175,35.08915483201967,7.379437969361731,41.55068586423769,10.457906445163914,169.7833371088423,721.7182670993117
2025-04-11 22:00:00,37.70663458527286,DK,305.5851742678536,9.335867574538266,3.138849876174369,0.0,22,4,4,0,35.76992889525087,29.242618083360597,45.300089022518364,30.154153285563723,33.66416023321577,4.833552512463889,34.45636696224921,6.720390475253683,41.8653725850589,10.210775799439586,87.158423369315,0.0
2025-04-11 23:00:00,39.45245430433542,DK,193.00819581959865,8.136318100201537,0.4262645495154298,0.0,23,4,4,0,37.70663458527286,31.502012897968875,40.52456301021999,46.43661725854618,33.59453110608426,4.7281310904882,34.36702457009216,6.639018480546341,41.574365795300125,10.174290133835838,66.19967222766715,0.0
2025-04-12 00:00:00,38.45693776678193,DK,851.4616426531006,10.821326530092922,3.131835341967641,0.0,0,5,4,1,39.45245430433542,35.76992889525087,41.289799351083204,46.55782230892591,35.35509775549509,4.106585519426818,34.130952771400395,6.417136509476898,41.23682893937746,10.1360769902944,117.1011078708929,0.0
2025-04-12 01:00:00,44.61230868945646,DK,428.2665379505927,4.9345313507283874,6.644855275633562,0.0,1,5,4,1,38.45693776678193,37.70663458527286,43.46870543419027,43.326270541831185,37.916712856511076,4.319317958217603,34.226253042672575,6.5749681104166156,41.29041386219517,10.150991578040404,24.349599651321324,0.0
2025-04-12 02:00:00,45.11386708897925,DK,818.4190744018614,9.475354106762985,5.730427674192018,0.0,2,5,4,1,44.61230868945646,39.45245430433542,36.80183420309072,46.35559708432999,40.185355221679465,3.8223752438109857,34.91892244982995,7.271871664778188,41.2386751123889,10.127188884915393,89.78233544855017,0.0
2025-04-12 03:00:00,46.58356380155493,DK,833.4119066745722,3.4757289206159445,3.1126362243905166,0.0,3,5,4,1,45.11386708897925,38.45693776678193,27.507763832285104,53.468869218490106,41.98762770606348,3.8731054533064495,36.5085724472691,7.582851664576687,40.951787386683264,9.85965392276094,12.080691529606078,0.0
2025-04-12 04:00:00,52.100745277924474,DK,1113.360959771979,5.913247574569992,5.139542797238753,0.0,4,5,4,1,46.58356380155493,44.61230868945646,21.898776316826655,64.91370176591195,44.38664615483875,4.988411311806615,39.025403194027255,7.2997664940905675,40.417914199683786,8.795204383492191,34.96649687815789,0.0
2025-04-12 05:00:00,50.72168386202058,DK,1215.2651524899047,3.654900719916361,2.5036302023864763,0.0,5,5,4,1,52.100745277924474,45.11386708897925,39.87022906712444,55.69861319230684,46.26485108111961,4.87938045538585,39.92969109360193,8.04774904156173,40.21054214425519,8.47198733134446,13.358299272445132,0.0
2025-04-12 06:00:00,58.92251924266894,DK,926.4008298131533,5.532469380725178,-0.1710989305308579,271.60702873172727,6,5,4,1,50.72168386202058,46.58356380155493,27.893537870316948,48.88683953416496,49.67578132710077,5.449553197244646,42.51543954129793,8.780424028195227,40.62869546544285,9.140161240632562,30.608217448661637,-46.47167214066253
2025-04-12 07:00:00,36.572179334239074,DK,752.2793390752976,3.5891551244950937,1.3877122668634712,457.92216466612825,7,5,4,1,58.92251924266894,52.100745277924474,29.242618083360597,53.59831305577441,48.335759767897876,7.533655601477722,43.12623631220447,7.992792135613181,39.91927322704555,8.741814102339495,12.882034507689392,635.4642051758606
2025-04-12 08:00:00,52.83489592609342,DK,945.0071304800426,5.016477951507973,6.362421780138975,650.5778275792211,8,5,4,1,36.572179334239074,50.72168386202058,31.502012897968875,51.01374381774276,49.622597907416896,7.532672207921571,44.90397656454818,7.531407957293238,39.9951545648935,8.84954446863676,25.16505103796563,4139.250539865535
2025-04-12 09:00:00,50.450920871076555,DK,638.0103166428526,6.356677887305448,2.6886580794639716,505.48348619000393,9,5,4,1,52.83489592609342,58.92251924266894,35.76992889525087,35.73606169388055,50.26715741900384,7.384624591834577,46.12739256253366,7.092377264463016,40.608273697276665,9.049125043528319,40.40735376295805,1359.072259180369
2025-04-12 10:00:00,30.204612193066673,DK,1072.6774495053246,5.4077684083092095,2.7498762843725437,651.4948607720801,10,5,4,1,50.450920871076555,36.572179334239074,37.70663458527286,45.300089022518364,46.61780190486087,10.8802601467649,45.502224029849806,8.153391426705236,39.97929549604951,9.231612956748174,29.24395915790712,1791.5302670277351
2025-04-12 11:00:00,34.96579769086164,DK,576.716588767808,10.065232052936702,3.1801136782228383,720.1011859549125,11,5,4,1,30.204612193066673,52.83489592609342,39.45245430433542,40.52456301021999,43.99182087633438,11.571110588168054,45.128335978726994,8.549294326517558,39.74768027440958,9.286905081730719,101.30889627946438,2290.0036311597046
2025-04-12 12:00:00,30.95156319703716,DK,346.9356897375783,8.86234353064082,7.588063249918614,706.153910082809,12,5,4,1,34.96579769086164,50.450920871076555,38.45693776678193,41.289799351083204,39.32999486872909,9.860829960028449,44.502888097914926,9.321401962822621,39.31692043465765,9.45058586952225,78.54113285509118,5358.3405338856965
2025-04-12 13:00:00,22.186366485874437,DK,327.5265386217213,10.688672657704291,7.031707901496726,682.4176365753868,13,5,4,1,30.95156319703716,30.204612193066673,44.61230868945646,43.46870543419027,36.932359394001644,12.148961683140598,42.63405958094976,11.329281465471338,38.43015631181117,10.025095317027338,114.24772318355532,4798.561487227869
2025-04-12 14:00:00,22.27992561739756,DK,-99.42525790593916,10.280520675379291,8.217350537668867,588.1480731522624,14,5,4,1,22.186366485874437,34.96579769086164,45.11386708897925,36.80183420309072,31.839864342552335,10.432530490932091,40.731231124984625,12.70851916950335,37.82507678740728,10.552044804328284,105.68910535690108,4833.018885146652
2025-04-12 15:00:00,18.299328057730115,DK,-127.87619829540387,8.05758991734507,3.461699649972497,609.1267105623,15,5,4,1,22.27992561739756,30.95156319703716,46.58356380155493,27.507763832285104,26.48126554032793,6.4633686766979865,38.37421147966589,14.073976734831625,37.441391963467495,11.096855644516218,64.92475527610092,2108.613720742412
2025-04-12 16:00:00,31.192758077653117,DK,227.07007969666583,13.440708376293811,4.371039048266789,487.1618011492038,16,5,4,1,18.299328057730115,22.186366485874437,52.100745277924474,21.898776316826655,26.64595652109234,6.5885929631833,36.63187921297661,13.502767105564912,37.82864120350193,10.685419070572374,180.65264165657462,2129.4032556471507
2025-04-12 17:00:00,26.681822016612443,DK,-194.34176893881335,18.972320796658877,0.7465049719310173,331.0905805369546,17,5,4,1,31.192758077653117,22.27992561739756,50.72168386202058,39.87022906712444,25.26529390871747,5.222871622409764,34.62855739252593,12.996130116117268,37.279124243063926,10.912566350296208,359.94895641133496,247.16076453036348
2025-04-12 18:00:00,28.9552211752153,DK,-289.38219653638794,15.70234168208293,6.733658923009148,409.7296110256866,18,5,4,1,26.681822016612443,18.299328057730115,58.92251924266894,27.893537870316948,24.932570238413827,4.837553399993449,32.13128255357146,10.553099329101434,37.323361047434695,10.874952404268013,246.56353430087896,2758.979451304182
2025-04-12 19:00:00,27.78133194401204,DK,44.367637360923055,13.743323736655107,1.4442309682367296,307.33262520622003,19,5,4,1,28.9552211752153,31.192758077653117,36.572179334239074,29.242618083360597,25.86506448143676,4.74059383651744,31.39871193771921,10.521871374994573,37.262474124961834,10.92613242490409,188.87894733050769,443.8592948723151
2025-04-12 20:00:00,20.97737947743275,DK,224.1281290403801,12.591382202778277,4.213341198297858,177.58304884255395,20,5,4,1,27.78133194401204,26.681822016612443,52.83489592609342,31.502012897968875,25.64797345810929,4.962249944603781,28.743918900330815,8.43330315399621,36.8239477324395,11.36959058043638,158.54290577644153,748.2179758076733
2025-04-12 21:00:00,27.156903760012725,DK,210.2372715397395,12.229319873957461,1.5851850155069114,113.96636099499355,21,5,4,1,20.97737947743275,28.9552211752153,50.450920871076555,35.76992889525087,27.1242360751564,3.4151953417672383,26.80275080774216,4.939945736660494,36.46507168513791,11.53897807296989,149.55626457957095,180.6577677211151
2025-04-12 22:00:00,35.87530945103216,DK,369.20953716116304,12.141322535325642,2.6020564172952074,0.0,22,5,4,1,27.156903760012725,27.78133194401204,30.204612193066673,37.70663458527286,27.904661304052905,4.789401399547025,27.275308912572623,5.53084432313528,36.38876647121122,11.53646571166307,147.4117129068063,0.0
2025-04-12 23:00:00,31.210125294276875,DK,139.23145973484705,7.421132253855172,2.105265208673199,0.0,23,5,4,1,35.87530945103216,20.97737947743275,34.96579769086164,39.45245430433542,28.65937851699697,4.913349095445778,26.962336212857224,5.149195590962534,36.04533609579211,11.563947762862787,55.07320392920954,0.0
2025-04-13 00:00:00,44.756224623845824,DK,135.63786665163127,10.706213972323063,2.564039549420964,0.0,0,6,4,1,31.210125294276875,27.156903760012725,30.95156319703716,38.45693776678193,31.29287909176873,8.22330805350013,28.112724665091278,7.239312984310503,36.307806381503106,11.69184554468654,114.62301762116557,0.0
2025-04-13 01:00:00,43.57444804974578,DK,849.6762529423577,8.651231389067465,2.7015446644746426,0.0,1,6,4,1,44.756224623845824,35.87530945103216,22.186366485874437,44.61230868945646,33.92506510939102,9.327910055572225,29.89506479541389,8.214767799552309,36.26456218818183,11.661674953610342,74.84380454718618,0.0
2025-04-13 02:00:00,45.95688690690008,DK,605.4640322315729,7.533493273388862,2.6832524809224454,0.0,2,6,4,1,43.57444804974578,31.210125294276875,22.27992561739756,45.11386708897925,38.088316347635576,7.850805529762523,31.868144902872434,9.023110497349988,36.299688013928524,11.690722059194629,56.75352090019523,0.0
2025-04-13 03:00:00,53.702592555958205,DK,723.3867873022643,6.061035489253071,5.446457894333214,0.0,3,6,4,1,45.95688690690008,44.756224623845824,18.299328057730115,46.58356380155493,42.512597813626485,7.937757601965817,34.81841694439144,9.925920180984217,36.596314212028666,12.04785726385095,36.736151201985216,0.0
2025-04-13 04:00:00,53.78991069689519,DK,1118.651530262031,4.5828106604631405,1.5700644846475593,0.0,4,6,4,1,53.702592555958205,43.57444804974578,31.192758077653117,52.100745277924474,45.498364687937,8.302714554052256,36.70151299599495,11.23299672612516,36.66669610448577,12.146896862092769,21.002153549654604,0.0
2025-04-13 05:00:00,50.19173912002946,DK,1014.2089150246662,5.564973765069905,4.220872924800333,0.0,5,6,4,1,53.78991069689519,45.95688690690008,26.681822016612443,50.72168386202058,48.66196699222909,4.527671502688712,38.66067275461304,11.375870316269232,36.64461507356948,12.120689791826784,30.96893300591632,0.0
2025-04-13 06:00:00,57.199203316576735,DK,1011.1775544163215,5.416836407765183,6.215708375383716,364.3477927150855,6,6,4,1,50.19173912002946,53.702592555958205,28.9552211752153,58.92251924266894,50.73579677435091,5.183126604658219,41.014337933059814,12.084998693904343,36.57281024331564,11.987345002756228,29.342116668490416,2264.6796267317272
2025-04-13 07:00:00,44.42171173820465,DK,1335.963382124751,3.8764153285633665,2.7533973417458073,398.9889199111597,7,6,4,1,57.199203316576735,53.78991069689519,27.78133194401204,36.572179334239074,50.87700738909405,4.955544746272903,42.40103624924254,11.361584756013787,36.89987409348087,12.093936822506295,15.026595799521033,1098.575031469418
2025-04-13 08:00:00,50.457039701202426,DK,724.3090558161908,4.101973839580694,2.3439522892773956,493.0858636735752,8,6,4,1,44.42171173820465,50.19173912002946,20.97737947743275,52.83489592609342,51.62703285481111,4.367623536107201,44.857674601223344,9.310048081516014,36.80079675077708,11.966787930821832,16.82618938060438,1155.7697389679984
2025-04-13 09:00:00,47.186001198430326,DK,959.1214162095212,6.385665748759914,3.318740820412098,556.7185919994855,9,6,4,1,50.457039701202426,57.199203316576735,27.156903760012725,50.450920871076555,50.54093429522313,4.554510519889157,46.526766054424805,7.45971221174084,36.664758431083484,11.822555334214242,40.77672705488551,1847.6047167510405
2025-04-13 10:00:00,39.02383115853747,DK,681.4026249794169,10.417297244584464,6.139240487494019,599.7971447295923,10,6,4,1,47.186001198430326,44.42171173820465,35.87530945103216,30.204612193066673,48.07992103883018,6.155747393980514,46.78914286338358,7.097597380300696,37.03222588797811,11.749867150506407,108.52008188202707,3682.298915207223
2025-04-13 11:00:00,38.30990077247397,DK,603.127978323912,6.013340866025972,4.7644801894534385,794.3126093520219,11,6,4,1,39.02383115853747,50.457039701202426,31.210125294276875,34.96579769086164,46.099614647570924,7.1684024701442235,47.38079081990001,5.870774803021258,37.17156351637862,11.744123532326904,36.16026837101799,3784.4866914907766
2025-04-13 12:00:00,26.5531996450896,DK,725.6936852825064,6.861691787316435,3.3138363383315257,766.5669530994202,12,6,4,1,38.30990077247397,47.186001198430326,44.756224623845824,30.95156319703716,40.991947368989734,8.476577735452276,45.86387207167033,8.412186296884913,36.9882983683808,11.878949675539404,47.08281418412581,2540.277424944937
2025-04-13 13:00:00,33.84406005549805,DK,392.15762870666435,11.383365826094687,5.344018229922803,784.0924143083869,13,6,4,1,26.5531996450896,39.02383115853747,43.57444804974578,22.186366485874437,39.229005421871975,8.717144877658317,45.05300640548301,9.094244144898452,37.47403560044845,11.478985933414203,129.5810175307004,4190.2041560082025
2025-04-13 14:00:00,25.24449837313699,DK,277.65921580992676,12.278966483545675,2.1716806278738763,591.9641403467754,14,6,4,1,33.84406005549805,38.30990077247397,45.95688690690008,22.27992561739756,35.02691520052773,8.288490626631912,43.32697402766942,10.726211648076958,37.597559465270926,11.32326985056763,150.77301790403803,1285.5570559871046
2025-04-13 15:00:00,21.23859218246406,DK,280.9480768686869,13.43691221891383,5.738983948432619,601.0500609108365,15,6,4,1,25.24449837313699,26.5531996450896,53.702592555958205,18.299328057730115,30.702347031200024,7.396736098819924,40.62164066321158,11.901050331239288,37.720028803801505,11.119532809762067,180.5506099787958,3449.416651771738
2025-04-13 16:00:00,27.676451989719453,DK,-86.0032478007963,14.218641952548472,5.193479542950258,460.3246187397953,16,6,4,1,21.23859218246406,33.84406005549805,53.78991069689519,31.192758077653117,28.811117169730355,6.196885749551482,38.445519104280265,11.659305696212034,37.573516050137606,11.231874705633016,202.16977897477142,2390.686490541504
2025-04-13 17:00:00,18.481711598161343,DK,-230.80484661233547,13.608657099400757,3.760647985268955,405.801921926029,17,6,4,1,27.676451989719453,25.24449837313699,50.19173912002946,26.681822016612443,25.50641897401158,5.3469713578148745,35.803016810791256,12.329268973112091,37.23184478270215,11.692865666652356,185.19554804907062,1526.0781801093908
2025-04-13 18:00:00,15.555139218426708,DK,-288.9618388042067,17.02083163872837,2.6990933306522606,304.09365082917134,18,6,4,1,18.481711598161343,21.23859218246406,57.199203316576735,28.9552211752153,23.6734089029011,6.6441429391951115,32.33267813594542,11.59851225299739,36.67350803450262,12.403587805037988,289.7087096739367,820.7771448467137
2025-04-13 19:00:00,16.38982575617635,DK,-456.2342310197345,10.48800819440819,2.6029030829798083,321.392534536196,19,6,4,1,15.555139218426708,27.676451989719453,44.42171173820465,27.78133194401204,20.76436985301415,4.88991955776601,29.99668763744306,11.76407451279943,36.1988619433428,12.963958093443598,109.99831588597334,836.5536189909592
2025-04-13 20:00:00,29.65268809024709,DK,398.2287240958451,11.368141466871645,5.445899600238543,155.188516094912,20,6,4,1,16.38982575617635,18.481711598161343,50.457039701202426,20.97737947743275,21.499068139199167,5.920279157375641,28.26299166986345,9.852327132524826,36.560333135543395,12.637934281575836,129.2346404108066,845.1410777628939
2025-04-13 21:00:00,23.37735832893018,DK,-154.19506373761047,11.885850223272598,6.834225932524847,155.93159326940923,21,6,4,1,29.65268809024709,15.555139218426708,47.186001198430326,27.156903760012725,21.855529163610186,5.965672905004758,26.278938097405103,7.898810898842018,36.40285207591496,12.782921590147382,141.27343553006926,1065.6717384217134
2025-04-13 22:00:00,42.20240755481439,DK,125.74927528284537,7.668678337904211,3.1016494334891336,0.0,22,6,4,1,23.37735832893018,16.38982575617635,39.02383115853747,35.87530945103216,24.276521757792676,10.22635177294377,26.543819463761512,8.402304794923575,36.66648116357255,12.83669921708481,58.808627450241296,0.0
2025-04-13 23:00:00,26.911117299317993,DK,235.22781747095507,9.339020730846043,5.293038334649691,0.0,23,6,4,1,42.20240755481439,29.65268809024709,38.30990077247397,31.210125294276875,25.68142270798545,9.842866876292623,25.593920840998518,7.552558471677591,36.48735583044927,12.945680360108446,87.21730821117215,0.0
2025-04-14 00:00:00,54.67351431443407,DK,481.48133956182016,11.70848256967868,0.20221089034258544,0.0,0,0,4,0,26.911117299317993,23.37735832893018,26.5531996450896,44.756224623845824,32.20115189065334,13.909483731870825,27.937280396777226,11.30671187156946,36.90057623422377,13.372341446485652,137.08856408446945,0.0
2025-04-14 01:00:00,50.83116237654955,DK,712.5569650591196,7.170213390014226,3.2070294662323238,0.0,1,0,4,0,54.67351431443407,42.20240755481439,33.84406005549805,43.57444804974578,37.941374660715546,13.166221935772263,29.352872256864845,13.043465968579822,37.20293933117393,13.609739743148396,51.4119600583393,0.0
2025-04-14 02:00:00,52.34742538529611,DK,842.094697671949,6.466495288647684,4.314147061804919,0.0,2,0,4,0,50.83116237654955,26.911117299317993,25.24449837313699,45.95688690690008,41.72383087655705,13.56272186972236,31.611449507878106,14.529308099745771,37.469211767773764,13.848869990923399,41.81556131810269,0.0
2025-04-14 03:00:00,52.423197280896,DK,656.937902879486,2.5717261365257804,2.5568980935830554,0.0,3,0,4,0,52.34742538529611,54.67351431443407,21.23859218246406,53.702592555958205,46.564804035218025,10.554718208966408,34.2101665994141,15.275058227661514,37.41590363131284,13.785985999212377,6.613775321289817,0.0
2025-04-14 04:00:00,58.564274711225345,DK,819.588359134937,3.2188261842335293,2.503252177967531,0.0,4,0,4,0,52.423197280896,50.83116237654955,27.676451989719453,53.78991069689519,49.291781894619845,11.29025000902591,36.78415182620626,16.617432791529154,37.61483546524327,14.064176119677024,10.360842004307383,0.0
2025-04-14 05:00:00,56.80839643700062,DK,959.4789032421942,3.376830187725715,3.0407058146089505,0.0,5,0,4,0,58.564274711225345,52.34742538529611,18.481711598161343,50.19173912002946,54.274661750900286,2.965789028576468,39.97804222944287,16.46238031344083,37.89052952011706,14.382680182641044,11.402982116735688,0.0
2025-04-14 06:00:00,61.9190637098381,DK,870.2617747632905,3.5057496020072834,4.960650384199469,338.6261870023297,6,0,4,0,56.80839643700062,52.423197280896,15.555139218426708,57.199203316576735,55.48225331680096,4.3245267119602735,43.84170260372715,15.62895156052004,38.087190369836286,14.68721954360043,12.290280271974225,1679.8061246531079
2025-04-14 07:00:00,55.398166619514335,DK,1224.4320283485326,7.055755995690275,4.0016068907339735,399.38989143728224,7,0,4,0,61.9190637098381,58.564274711225345,16.38982575617635,44.42171173820465,56.24342069062842,3.698805899870507,47.09239767567198,13.280359703431492,38.544542656557525,15.059238451809698,49.78369267071926,1598.2013416649222
2025-04-14 08:00:00,53.12887047379049,DK,951.2076922198696,6.272531162062069,-0.10019753910322127,489.0445274275406,8,0,4,0,55.398166619514335,56.80839643700062,29.65268809024709,50.457039701202426,56.37366153871081,3.544733924783712,49.04874620763393,12.159603129192497,38.65586893874869,15.160665395329069,39.34464717903973,-49.00105816013736
2025-04-14 09:00:00,47.40243384751913,DK,920.5289478032373,3.8670088995992007,0.13486462227659057,699.9779782045879,9,0,4,0,53.12887047379049,61.9190637098381,23.37735832893018,47.186001198430326,55.536867633148,4.969931733538669,51.050835834183005,9.155253162427542,38.66488696579406,15.166023410198925,14.953757829579422,94.4022656324933
2025-04-14 10:00:00,45.286835236502085,DK,802.5762537334825,7.720238153695424,3.162534571832372,653.1430322724277,10,0,4,0,47.40243384751913,55.398166619514335,42.20240755481439,39.02383115853747,53.32396105402746,6.164695361955591,51.307871474323655,8.924641460487825,38.925845469042585,15.226231789403194,59.60207714977452,2065.5874199129794
2025-04-14 11:00:00,43.21824450572368,DK,784.1042940483255,9.396856235805366,5.915373172107101,727.1805392777468,11,0,4,0,45.286835236502085,53.12887047379049,26.911117299317993,38.30990077247397,51.05893573214797,7.060021576349468,52.666798741524126,5.429060923198376,39.13035979126132,15.250543210048207,88.30090711639419,4301.5442533219575
